{"type":"FeatureCollection", "features": [
{"type":"Feature","geometry":{"type":"Polygon","coordinates":[[[120.28745776700009,14.829990440000074],[120.28690678600003,14.830346592000069],[120.28634148100002,14.830715704000056],[120.28581638800006,14.83105899800006],[120.28524903900006,14.830388404000075],[120.28507354700002,14.830187179000063],[120.2845193930001,14.829755908000038],[120.28426584900001,14.829580218000046],[120.28333732400006,14.82908745800006],[120.2828748820001,14.828843170000027],[120.28261384500001,14.828718283000057],[120.28237584100009,14.829160166000065],[120.28189126900008,14.828891867000038],[120.28195546000006,14.828749105000043],[120.2816062500001,14.828577089000078],[120.28100293000011,14.828616760000045],[120.28051509600004,14.828734216000043],[120.27990065300003,14.828897703000052],[120.27982060800002,14.828438108000057],[120.27974830000005,14.82776093800004],[120.27964457500002,14.82715087300005],[120.27955879700005,14.82686719000003],[120.27935604900006,14.826488605000065],[120.27934303500001,14.826470714000038],[120.27904975000001,14.826120150000065],[120.28259373600008,14.825678474000028],[120.28261358400005,14.826087611000048],[120.28257939500008,14.826875680000057],[120.28332752500012,14.826927988000023],[120.28353850300005,14.827012860000025],[120.28512657200008,14.827852826000026],[120.2853080320001,14.827948654000068],[120.28596168500007,14.828417929000068],[120.28648188400007,14.828854276000072],[120.28691888300011,14.829335356000058],[120.28745776700009,14.829990440000074]]]},"properties":{"ADM4_EN":"Asinan","ADM4_PCODE":"PH0307107001","ADM4_REF":"","ADM3_EN":"Olongapo City","ADM3_PCODE":"PH0307107","ADM2_EN":"Zambales","ADM2_PCODE":"PH03071","ADM1_EN":"Region III (Central Luzon)","ADM1_PCODE":"PH03","ADM0_EN":"Philippines (the)","ADM0_PCODE":"PH","date":"2022-11-09T00:00:00.000Z","validOn":"2023-11-06T00:00:00.000Z","validTo":"1899-11-30T00:00:00.000Z","Shape_Leng":0.0230241073148,"Shape_Area":0.000018281993759,"AREA_SQKM":0.217731152336}},
{"type":"Feature","geometry":{"type":"Polygon","coordinates":[[[120.2782704010001,14.82897977600004],[120.27726060400005,14.829322217000026],[120.2771728990001,14.829353472000037],[120.276622298,14.829536933000043],[120.27608778100011,14.829721684000049],[120.27536719300008,14.830037245000028],[120.27512750900007,14.829736970000056],[120.27450751900005,14.82932713300005],[120.27379409600007,14.828980199000057],[120.27328514200008,14.82867357200007],[120.27373837300001,14.828097023000055],[120.27517776700006,14.827338342000075],[120.27647096500004,14.826693222000074],[120.27731370400011,14.82646365000005],[120.27751750700008,14.82640813200004],[120.2785487000001,14.826208958000052],[120.27904975000001,14.826120150000065],[120.27934303500001,14.826470714000038],[120.27935604900006,14.826488605000065],[120.27955879700005,14.82686719000003],[120.27964457500002,14.82715087300005],[120.27974830000005,14.82776093800004],[120.27982060800002,14.828438108000057],[120.27888744900008,14.82875279600006],[120.2782704010001,14.82897977600004]]]},"properties":{"ADM4_EN":"Banicain","ADM4_PCODE":"PH0307107002","ADM4_REF":"","ADM3_EN":"Olongapo City","ADM3_PCODE":"PH0307107","ADM2_EN":"Zambales","ADM2_PCODE":"PH03071","ADM1_EN":"Region III (Central Luzon)","ADM1_PCODE":"PH03","ADM0_EN":"Philippines (the)","ADM0_PCODE":"PH","date":"2022-11-09T00:00:00.000Z","validOn":"2023-11-06T00:00:00.000Z","validTo":"1899-11-30T00:00:00.000Z","Shape_Leng":0.0162034039309,"Shape_Area":0.0000146439842861,"AREA_SQKM":0.17440398744}},
{"type":"Feature","geometry":{"type":"MultiPolygon","coordinates":[[[[120.23458587300001,14.832553786000062],[120.2345644290001,14.832557235000024],[120.23451260000002,14.832583130000046],[120.23447864000002,14.832607304000021],[120.23445898000011,14.832617664000054],[120.2344375350001,14.832622839000067],[120.23441251700001,14.832622832000027],[120.23439643600011,14.832619372000067],[120.2343714220001,14.832610728000077],[120.23434105100011,14.832588263000048],[120.23432497300007,14.832572712000058],[120.23431246900009,14.832555434000028],[120.23430175400006,14.832534702000032],[120.23428032800007,14.832477691000065],[120.23426961100006,14.832460414000025],[120.23424817300008,14.832443134000073],[120.23421779900002,14.832431034000024],[120.23420707800005,14.832429303000026],[120.2341784890001,14.832418930000074],[120.23415526100007,14.832413741000039],[120.23413917900007,14.832413737000024],[120.23412130800011,14.832418914000073],[120.23409985900003,14.832436182000038],[120.23408556000004,14.83244481500003],[120.23405696800012,14.832449989000054],[120.23403552600007,14.832443073000036],[120.23402480800007,14.83243270500003],[120.23401587800004,14.832417156000076],[120.23401230600007,14.83240679100004],[120.23401052600002,14.832387788000062],[120.23401410100007,14.832380880000073],[120.23403018900001,14.832363610000073],[120.23404806300005,14.832351524000046],[120.23407487800011,14.832318711000028],[120.23409632700009,14.83229798800005],[120.23410347700008,14.832292808000034],[120.23411956100006,14.83228590300007],[120.23412492300008,14.832285905000049],[120.23417317400003,14.83227037100005],[120.23418925900012,14.832266921000041],[120.23424823000005,14.832261756000037],[120.23430719900011,14.832263500000067],[120.23432864400002,14.832258324000065],[120.23435009000002,14.832247966000068],[120.23436081700004,14.832232422000061],[120.23436082600006,14.832201330000032],[120.23436440500006,14.832180601000061],[120.23437513900001,14.832146056000056],[120.23438586600003,14.832127058000026],[120.2344073160001,14.832108062000032],[120.23443769700009,14.83209770700006],[120.23445199500009,14.83209080100005],[120.2344788040001,14.832075262000046],[120.23448595200011,14.832068355000047],[120.23448952900003,14.832061446000068],[120.23449132000007,14.832051083000067],[120.23448775100007,14.832033808000062],[120.2344841800001,14.832025170000065],[120.23447882900007,14.831992347000039],[120.23448062200009,14.83197334600004],[120.23448598700008,14.831954346000032],[120.23449671500009,14.83193362000003],[120.23450386700006,14.831924985000057],[120.23455212500005,14.831886996000037],[120.2345860910001,14.831843821000064],[120.2345968190001,14.831824822000044],[120.2346057630001,14.831793731000062],[120.23460577300011,14.831762639000033],[120.23460220400011,14.831747090000022],[120.23459327500007,14.831728087000045],[120.23457541100004,14.831709080000053],[120.23455397100008,14.831698709000023],[120.23454861200003,14.831693526000038],[120.23454683000011,14.83167452300006],[120.23454862000006,14.831665887000042],[120.2345521960001,14.831657251000024],[120.2345575600001,14.831650343000035],[120.23456113700001,14.831638252000062],[120.23455578300002,14.831615795000062],[120.2345557860001,14.831607157000064],[120.234559364,14.831593338000062],[120.23456472700002,14.831584703000033],[120.23457545200006,14.83157606900005],[120.23458796200009,14.831570890000023],[120.23460940500001,14.831572624000046],[120.23464156400007,14.831591635000052],[120.23465407200001,14.831595093000033],[120.23467015300002,14.831596825000076],[120.23469338100006,14.831605469000067],[120.23472196500006,14.831629661000022],[120.23475233200008,14.831662490000042],[120.23477555700003,14.831678043000068],[120.23479521200011,14.831686686000069],[120.23481843700006,14.831703967000067],[120.23484702100006,14.831728159000022],[120.2348648840001,14.831747165000024],[120.23492204400009,14.831819733000032],[120.23496669500003,14.831897479000077],[120.23497919300007,14.831930304000025],[120.23498633200006,14.83195967100005],[120.23498811400009,14.831976946000054],[120.23500239300006,14.832027046000064],[120.23500417500009,14.832046047000063],[120.23500774400009,14.832059867000055],[120.23500773800004,14.832084051000038],[120.23500058400009,14.832103050000057],[120.23499164400005,14.832120321000048],[120.23497376700004,14.832146228000056],[120.23496661400009,14.832161772000063],[120.23496125000008,14.832168681000041],[120.23494694800002,14.83219458700006],[120.23492727300004,14.83225331400007],[120.23490582000011,14.832286128000021],[120.23486291800009,14.832334483000068],[120.23485397800005,14.832350027000075],[120.23484503500003,14.832377663000045],[120.23484145600003,14.83239493700006],[120.23483429300006,14.832445029000041],[120.2348342890001,14.832460576000074],[120.23483070500004,14.832491669000035],[120.23482533700007,14.83251585100004],[120.23480924700004,14.832540030000075],[120.23478958700002,14.832552116000045],[120.23478065000006,14.832555568000032],[120.23476635500003,14.832557292000047],[120.23474312500002,14.832557285000064],[120.23473418900005,14.832559010000068],[120.23472704200003,14.83255728000006],[120.23469666300002,14.83255899900007],[120.23469130100011,14.832562452000047],[120.23467164400006,14.832562447000043],[120.23463233700011,14.832545161000041],[120.23462161600003,14.832543431000033],[120.23458587300001,14.832553786000062]]],[[[120.2786048160001,14.855760145000033],[120.27906661100008,14.856915098000059],[120.27954335800007,14.862012309000022],[120.27998151400004,14.86252877000004],[120.28068143300004,14.863353774000075],[120.28151093700001,14.864331523000033],[120.28176774300005,14.865253223000025],[120.2821968400001,14.866793293000057],[120.2817858520001,14.868283708000035],[120.281871593,14.868528853000043],[120.28265374900002,14.870765148000032],[120.2838968310001,14.872191451000049],[120.28423632700003,14.873753216000068],[120.28486653400012,14.874225387000024],[120.28546364100009,14.874672758000031],[120.28598416800003,14.875720689000048],[120.2864638750001,14.87668644300004],[120.2866310710001,14.877779297000075],[120.28720259600004,14.878210333000027],[120.28746345200011,14.878562011000042],[120.28784035700005,14.878742923000061],[120.28823856300005,14.879081350000035],[120.28152391600008,14.881269402000044],[120.27847917600002,14.882358383000053],[120.27624553300006,14.879514330000063],[120.27314707100004,14.875622812000074],[120.27096931500012,14.870639022000034],[120.27078510600006,14.870154519000039],[120.27018469100005,14.868647686000031],[120.26789370100005,14.865619164000066],[120.26673758100003,14.864770604000057],[120.26462344600009,14.863219732000061],[120.2620792130001,14.862819518000038],[120.26182746900008,14.862756261000072],[120.26165738500003,14.862580943000069],[120.26124386100003,14.862375348000057],[120.26099546500006,14.86191130800006],[120.26086712900008,14.861600816000077],[120.26072416400007,14.861466258000064],[120.26060627000004,14.861428673000034],[120.26052994400004,14.861510745000032],[120.26040544400007,14.861456692000047],[120.26022403600007,14.861326016000078],[120.25999030100002,14.86126302100007],[120.25987700200005,14.861171374000037],[120.25978907000001,14.861070686000062],[120.25962719200004,14.860957864000056],[120.25940532600009,14.860738386000037],[120.2592404930001,14.860528561000024],[120.2590617400001,14.860402383000064],[120.25890838400005,14.860385764000057],[120.25870636200011,14.860327921000078],[120.2583520820001,14.860242025000048],[120.25808214200003,14.860153074000038],[120.2577208030001,14.860083602000032],[120.25753738700007,14.859967362000077],[120.25746637400005,14.85979616000003],[120.25743772300007,14.859616448000054],[120.25766409200003,14.859219788000075],[120.25783622900008,14.858563530000026],[120.25795629000004,14.857819883000047],[120.25819529300009,14.857296835000056],[120.25834293700007,14.856893461000027],[120.25832546800007,14.856396193000023],[120.2581445620001,14.855812528000058],[120.25780652600008,14.855186696000032],[120.25770863900004,14.85499903300007],[120.25747942300006,14.854559592000044],[120.25697772400008,14.854304642000045],[120.25598889200012,14.853804989000025],[120.25543481200009,14.85347166300005],[120.25502028000005,14.852994900000056],[120.25464132400009,14.852469712000072],[120.25460014500004,14.851932745000056],[120.25443797100002,14.851445459000047],[120.25416587400002,14.850903641000059],[120.25392351900007,14.850544888000059],[120.25328924100006,14.850150258000042],[120.2526586030001,14.850118300000076],[120.25219490000006,14.850260128000059],[120.25198692800006,14.85058781600003],[120.2517439080001,14.851042513000039],[120.25156513800005,14.851643314000057],[120.2514499350001,14.851903766000078],[120.25098327,14.85213944000003],[120.25025097200012,14.852259355000058],[120.24933962000011,14.852127562000021],[120.24821870200003,14.851796720000038],[120.24747742800002,14.851314883000043],[120.24670993900008,14.850673025000049],[120.24611408200008,14.850125422000076],[120.24586485400005,14.849855493000064],[120.24609321800006,14.849729226000022],[120.24609509200002,14.849682940000037],[120.24608388400009,14.849654778000058],[120.24606819400003,14.849637449000056],[120.2460659520001,14.84962878400006],[120.2460525030001,14.849609288000067],[120.24603457,14.849572461000037],[120.24602784500007,14.849548632000051],[120.24602560200003,14.849524803000065],[120.24601887500012,14.849492308000038],[120.24601215000007,14.849474978000046],[120.24600318400007,14.849457648000055],[120.2460031820001,14.849432423000053],[120.24600094000004,14.849423758000057],[120.24600093900006,14.849404261000075],[120.24601214100005,14.849356601000068],[120.24601213200003,14.849259115000052],[120.2460098900001,14.849248284000055],[120.24600988100008,14.849144300000034],[120.24600763900003,14.849133468000048],[120.24600091400009,14.84910747300006],[120.24597625600006,14.849048983000046],[120.24596953100001,14.849038152000048],[120.24596280600008,14.849016489000064],[120.24593815000003,14.848979664000069],[120.24593590800009,14.848970998000027],[120.24592470000005,14.848953669000025],[120.24592245800011,14.848942837000038],[120.24591797500011,14.848938505000035],[120.24588883500007,14.848880016000066],[120.24588435100009,14.848860519000027],[120.24586866100003,14.848836691000031],[120.2458664190001,14.848825859000044],[120.24586865900005,14.848817194000048],[120.24588658800008,14.848812860000066],[120.2459179650001,14.84881069100004],[120.24592917100006,14.848815023000043],[120.24595830800001,14.848834518000047],[120.24596727400001,14.848843182000053],[120.24597848100007,14.848860512000044],[120.24598744600007,14.84886917700004],[120.24600986000007,14.848886506000042],[120.24604348000003,14.848916832000043],[120.24607261800008,14.848953657000038],[120.24608158500007,14.84897098700003],[120.24609055000008,14.848979652000025],[120.24609279200001,14.848986151000076],[120.24611520700012,14.84902081000007],[120.24611969000011,14.849033808000058],[120.24612417300011,14.849040307000053],[120.24614434600005,14.849064135000049],[120.2461600360001,14.849085797000043],[120.24616676000005,14.849092295000048],[120.2461734850001,14.849103126000045],[120.2461824500001,14.849107458000049],[120.24618469100005,14.849111791000041],[120.24621382800001,14.849126953000052],[120.24626089600008,14.849157278000064],[120.2462877910001,14.849170274000073],[120.24629451500005,14.849170274000073],[120.24631244500006,14.849176771000032],[120.24632589200007,14.849176770000042],[120.2463617520001,14.84918543300006],[120.24637744000006,14.849185431000024],[120.24640881800008,14.849191928000039],[120.24644916000011,14.849202757000057],[120.24646260800012,14.84920492200007],[120.24652088100004,14.849224414000048],[120.24655225800007,14.849230911000063],[120.24656122300007,14.849235243000066],[120.24659260100009,14.849243906000027],[120.2466150140001,14.849252569000043],[120.24665759900006,14.849278562000052],[120.24668673600002,14.849291558000061],[120.24673539600008,14.84929945700003],[120.24677738700007,14.849301590000039],[120.24680832700005,14.849310132000028],[120.24681937700007,14.849310131000038],[120.24683042700008,14.849312267000073],[120.24684147800008,14.84931653800004],[120.2468635780001,14.849320809000062],[120.24689009800011,14.849320807000026],[120.24691882900004,14.84932507700006],[120.24694534900004,14.849325075000024],[120.2469586090001,14.849329346000047],[120.24696965900011,14.849329346000047],[120.24698291900006,14.84933361700007],[120.24702491000005,14.84934215900006],[120.24703817000011,14.84934215800007],[120.24707132000003,14.849346427000057],[120.24708679000003,14.849346426000068],[120.24711552100007,14.849354969000046],[120.24715309200008,14.849361375000058],[120.2472282330001,14.849384867000026],[120.24731442500001,14.849399814000037],[120.24736304500004,14.849399810000023],[120.247371885,14.849401945000068],[120.24768791500003,14.849401921000037],[120.2476967550001,14.849404056000026],[120.2477122250001,14.849404055000036],[120.24777852700004,14.849414731000024],[120.24780283700011,14.849416865000023],[120.24784040700001,14.849416863000044],[120.24787797800002,14.849423268000066],[120.24790228800009,14.849425403000055],[120.24805698900002,14.849425391000068],[120.24808350900003,14.84942111600003],[120.2480923490001,14.849421115000041],[120.24810339900012,14.84941684200004],[120.24812549900003,14.849414704000026],[120.24814317800008,14.849410430000034],[120.24815422800009,14.849410430000034],[120.2481652780001,14.849406156000043],[120.24820505800005,14.849399745000028],[120.24821610800007,14.849399744000038],[120.2482492580001,14.849395469000058],[120.24828903800005,14.84938478500004],[120.24830450800005,14.849384783000062],[120.24878267600002,14.849324929000034],[120.24959374100001,14.849226596000051],[120.25005596300002,14.849143243000071],[120.25022834200001,14.849119729000051],[120.25053552600002,14.849038526000072],[120.25098611100009,14.848903904000053],[120.25141128700011,14.848848323000027],[120.25197926300007,14.848754276000022],[120.25251232700009,14.848641005000047],[120.25300022900001,14.848481530000072],[120.25326762200007,14.84833837800005],[120.25363225400008,14.84818453400004],[120.25401013700002,14.847940967000056],[120.25444093200008,14.847702293000054],[120.25463982000008,14.84760400600004],[120.25484092300007,14.84754844300005],[120.25503539900001,14.847514242000045],[120.25522987700003,14.847492858000066],[120.25552417800009,14.847430876000033],[120.25554848400009,14.847403103000033],[120.2555484830001,14.847392422000041],[120.25555069200004,14.847383877000027],[120.25555069000006,14.847364651000078],[120.25555510900006,14.847356106000063],[120.2555617380001,14.847349697000027],[120.25557057700007,14.847345423000036],[120.2555926770001,14.847341148000055],[120.25563687700003,14.847341143000051],[120.25565676700012,14.847345413000028],[120.25567665800008,14.847353956000063],[120.25570096900003,14.847360362000074],[120.25573191000001,14.847371039000052],[120.2557363300001,14.847375311000064],[120.25575843100012,14.847383853000053],[120.25577169300004,14.847396669000034],[120.25578274500003,14.847413757000027],[120.25579379900012,14.84744579900007],[120.25580043000002,14.84745861500005],[120.2558048520001,14.847477840000067],[120.25581369500003,14.847497065000027],[120.25582474600003,14.847512017000042],[120.25583137700005,14.847518425000032],[120.25583579800002,14.847526969000057],[120.25584685000001,14.84753764900006],[120.25585348100003,14.847548329000062],[120.25586674400006,14.84757396200007],[120.2558689550001,14.847584643000062],[120.25587779800003,14.847608140000034],[120.25588221900011,14.847614548000024],[120.25589548100004,14.847631636000074],[120.25591095200002,14.84764231500003],[120.25599493700008,14.847682894000059],[120.25600819900001,14.84769570900005],[120.25601704100006,14.847712798000032],[120.25602146300002,14.847732023000049],[120.25602147000006,14.847783292000031],[120.25601705400004,14.847815335000064],[120.25601705500003,14.847826016000056],[120.25601263600004,14.847836698000037],[120.25601263800002,14.847851651000042],[120.2560082220001,14.847879422000062],[120.25600822600006,14.847913602000062],[120.25600601700012,14.847922147000077],[120.25600603100008,14.848039638000046],[120.25600161300008,14.84804818300006],[120.25599940400002,14.848056728000074],[120.2559927750001,14.848065274000078],[120.25597509600004,14.848075957000049],[120.25595299700001,14.848084504000042],[120.2559308970001,14.848086642000055],[120.25591100800011,14.848090917000036],[120.25590216800003,14.848090918000025],[120.25586680900005,14.848108012000068],[120.25586018000001,14.848114421000048],[120.25584471200011,14.848125104000076],[120.25583587300002,14.848133650000022],[120.25581598600002,14.848159286000055],[120.25581377600008,14.848159286000055],[120.2558038740001,14.848189300000058],[120.2557994550001,14.848197845000072],[120.25578398700009,14.848219209000035],[120.25576410200006,14.848257663000027],[120.25575084500008,14.848279026000057],[120.25573096000005,14.848323889000028],[120.25572654300004,14.848349523000024],[120.2557199150001,14.848366614000042],[120.25571770700003,14.848377295000034],[120.25571770800002,14.848387976000026],[120.25571329000002,14.848400794000042],[120.25570887200001,14.848422156000026],[120.2557088740001,14.848434973000053],[120.25570224700004,14.84846488100004],[120.2556956200001,14.848484107000047],[120.25569341100004,14.848496924000074],[120.25568899200005,14.848505470000077],[120.25568899300004,14.848514014000045],[120.25568457400004,14.848522560000049],[120.25568457600002,14.848531105000063],[120.25567794900007,14.848558876000027],[120.25567795000006,14.848569557000076],[120.25567574100012,14.848578102000033],[120.25567574400009,14.84859732700005],[120.25568900600001,14.848620824000022],[120.25569563700003,14.848629368000047],[120.25570226900004,14.84864645700003],[120.25571553600003,14.848697724000033],[120.25572437800008,14.848714812000026],[120.25573101100008,14.848742582000057],[120.25573543200005,14.848751126000025],[120.25573543300004,14.848759671000039],[120.25574427700008,14.84879384900006],[120.2557464890001,14.848810939000032],[120.25574649400005,14.848845118000042],[120.25589901100011,14.849069401000065],[120.25593437100008,14.849071533000028],[120.25593880500003,14.849184465000064],[120.25591449500007,14.849186604000067],[120.25591450200011,14.849242145000062],[120.25590124300004,14.849252828000033],[120.25588136500005,14.849353231000066],[120.25589904900005,14.849383136000029],[120.25591673300005,14.84941731300006],[120.25592778700002,14.849445082000045],[120.25592999800006,14.849455763000037],[120.25595210400002,14.849500620000072],[120.25596536600005,14.849519845000032],[120.25596757700009,14.849526253000022],[120.25609134600006,14.849653766000074],[120.25610681800003,14.849666581000065],[120.25611786800005,14.849672989000055],[120.25612449900007,14.849679397000045],[120.25614881100012,14.84969648300006],[120.25616870400006,14.84971570700003],[120.2561930170001,14.849743474000036],[120.25620848900007,14.849756290000073],[120.25623059200007,14.849779785000067],[120.25625269600005,14.849811826000064],[120.25627038000005,14.849843867000061],[120.25627701100007,14.849852411000029],[120.2562902740001,14.849878043000047],[120.25629911700003,14.849899404000041],[120.25631016900002,14.849920765000036],[120.25631238000005,14.84992930900006],[120.25632343400002,14.849954942000068],[120.25633006500004,14.84996562300006],[120.25633006600003,14.849974167000028],[120.25635217100012,14.850016889000074],[120.25637206400006,14.850038248000033],[120.25639858700004,14.850059607000048],[120.25643174000004,14.850083101000052],[120.25644500100009,14.850089508000053],[120.25648257500006,14.850119411000037],[120.25649362700005,14.85013649900003],[120.25649583800009,14.850145043000055],[120.25651131200004,14.850179221000076],[120.25652457900003,14.850232624000057],[120.25654005100012,14.85024971200005],[120.25654226200004,14.85025612000004],[120.25678094900002,14.850300952000055],[120.25679694700011,14.850281120000034],[120.25680136500011,14.850264030000062],[120.25681241300003,14.850246939000044],[120.2568300910001,14.850234120000039],[120.25683893100006,14.850229846000047],[120.25684777100003,14.850229845000058],[120.25687650000009,14.850219161000041],[120.25691849000009,14.850219156000037],[120.25693396000008,14.85022342700006],[120.25694501100008,14.85022983400006],[120.25697816400009,14.850253328000065],[120.25701352700003,14.850274686000034],[120.2570334190001,14.85028963700006],[120.25705110000001,14.850298179000049],[120.25705773100003,14.85030458700004],[120.2570665720001,14.850308858000062],[120.2570776230001,14.85031740200003],[120.25708646400005,14.850325946000055],[120.25712624700009,14.85034943900007],[120.25715055900002,14.850360117000037],[120.25715718900005,14.850360116000047],[120.25716823900007,14.85036438700007],[120.25717707900003,14.850364386000024],[120.25721907000002,14.850370790000056],[120.25723233000008,14.850370788000077],[120.25725885100007,14.850375057000065],[120.25728095200009,14.850381463000076],[120.25741797300009,14.850381447000075],[120.25742902200011,14.850379309000061],[120.25747543300008,14.850379304000057],[120.25749974200005,14.85037502800003],[120.25756604300011,14.850375020000058],[120.25757709300001,14.850377155000047],[120.25763897400009,14.850377148000064],[120.25767875300005,14.850368598000045],[120.25768980300006,14.850368597000056],[120.25769864300003,14.850364323000065],[120.25771853200001,14.850360048000027],[120.25773621200005,14.850353637000069],[120.2577538920001,14.850353635000033],[120.257775992,14.850349360000052],[120.25780472200006,14.85034722100005],[120.25781577100008,14.850342947000058],[120.25784450100002,14.850338671000031],[120.25789091000001,14.850325848000068],[120.2579152190001,14.850315164000051],[120.2579461580001,14.850304479000044],[120.25795720800011,14.850304478000055],[120.25796604800007,14.850300204000064],[120.25797488800004,14.85029806700004],[120.25802350800006,14.850293789000034],[120.25804339800004,14.850289514000053],[120.25805223700002,14.850285240000062],[120.25845035900011,14.850338596000029],[120.25898960800009,14.850379115000067],[120.25969665700006,14.85042174800003],[120.26006555600009,14.850423835000072],[120.26048766300005,14.850366102000066],[120.26095903200007,14.850312633000044],[120.26099660900002,14.850359624000077],[120.26129716300011,14.850295497000047],[120.26166446200011,14.850203590000035],[120.262016001,14.850075369000024],[120.26235529900009,14.849949286000026],[120.26286294600004,14.849735593000048],[120.26335257000005,14.849522625000077],[120.26383873900011,14.849306797000054],[120.2645258660001,14.848950482000077],[120.26497003600002,14.848694070000022],[120.26564937100011,14.84828150900006],[120.26593949100004,14.848090041000034],[120.2657316960001,14.847754692000024],[120.2657162270001,14.847756830000037],[120.265652122,14.84766712000004],[120.26574272200003,14.847609428000055],[120.26580240700002,14.847703412000044],[120.26579356900004,14.847714094000025],[120.26599915500003,14.84805158000006],[120.26628863100007,14.847852868000075],[120.26663334800003,14.84758792200006],[120.26689622000004,14.847359794000056],[120.26701774500009,14.847227330000067],[120.26709065600005,14.847118373000058],[120.26716135100003,14.846981645000028],[120.26720774000012,14.84685773700005],[120.26722539800005,14.846739369000034],[120.26719664400002,14.846600522000074],[120.26675018500009,14.846338569000068],[120.26677007,14.846310796000068],[120.26679437900009,14.846310792000054],[120.26683194700001,14.846302241000046],[120.26684078700009,14.846302239000067],[120.26685846500004,14.846293692000074],[120.26687393300006,14.846278736000045],[120.26688277200003,14.846274462000054],[120.26689161000002,14.84626591600005],[120.26690265900004,14.846259505000035],[120.26692254500006,14.846238140000025],[120.26692696300006,14.846229595000068],[120.2669335920001,14.846223185000042],[120.2669380110001,14.846214640000028],[120.26694684900008,14.846203957000057],[120.26695347600003,14.846191139000041],[120.26697778100004,14.846161228000028],[120.26698219900004,14.84615268300007],[120.26699987100005,14.846105684000065],[120.26700207900001,14.846095002000027],[120.26701312600005,14.846080047000044],[120.26701975300011,14.846062956000026],[120.26702858700003,14.84603091200006],[120.26704847100007,14.845992457000023],[120.26705067900002,14.845983912000065],[120.26708160500004,14.845907035000039],[120.2670550790001,14.84586858800003],[120.26700203200005,14.845825873000024],[120.26699319000011,14.845815193000021],[120.26698656000008,14.845810922000055],[120.26697992800007,14.845800242000053],[120.26695340300012,14.845770340000058],[120.26694456100006,14.845755388000043],[120.26693350900007,14.845742573000052],[120.26692466600002,14.84572548500006],[120.26691361300004,14.845708397000067],[120.26690698200002,14.845701989000077],[120.26690256100005,14.845693445000052],[120.26687161500001,14.845659271000045],[120.26684509000006,14.845625096000049],[120.26683845900004,14.845620825000026],[120.26682298600008,14.845601602000045],[120.26680530200008,14.84557383400005],[120.26679867100006,14.845567427000049],[120.26677435400006,14.845524707000038],[120.26676772300004,14.84551616300007],[120.26676551100002,14.845507619000045],[120.26675666900007,14.845496939000043],[120.26674561300001,14.845456353000031],[120.26674119100005,14.845445673000029],[120.26674119000006,14.84543926400005],[120.26673676600001,14.845417903000055],[120.26673675200004,14.845334592000029],[120.26675442400006,14.845289729000058],[120.2667610520001,14.845279047000076],[120.26676105000001,14.845270502000062],[120.266765469,14.845261956000058],[120.26676885600011,14.845252129000073],[120.26825437100001,14.845760279000046],[120.26848067600008,14.845852548000039],[120.26898925100011,14.84611955500003],[120.26966345300002,14.846447610000041],[120.26975579300006,14.846494238000048],[120.27032283200003,14.846409937000033],[120.27552573600008,14.848187616000075],[120.27583263300005,14.848945700000058],[120.27605542000003,14.849496019000071],[120.2776940550001,14.853543710000054],[120.2786048160001,14.855760145000033]]]]},"properties":{"ADM4_EN":"Barretto","ADM4_PCODE":"PH0307107003","ADM4_REF":"","ADM3_EN":"Olongapo City","ADM3_PCODE":"PH0307107","ADM2_EN":"Zambales","ADM2_PCODE":"PH03071","ADM1_EN":"Region III (Central Luzon)","ADM1_PCODE":"PH03","ADM0_EN":"Philippines (the)","ADM0_PCODE":"PH","date":"2022-11-09T00:00:00.000Z","validOn":"2023-11-06T00:00:00.000Z","validTo":"1899-11-30T00:00:00.000Z","Shape_Leng":0.142022985741,"Shape_Area":0.000554219528843,"AREA_SQKM":6.59952832612}},
{"type":"Feature","geometry":{"type":"Polygon","coordinates":[[[120.29106808900008,14.834779484000023],[120.29128213700005,14.834872719000032],[120.29128132000005,14.834984416000054],[120.29125664300011,14.83580469900005],[120.29127674200004,14.835972862000062],[120.29129312600003,14.836041324000064],[120.29136655900004,14.836208967000061],[120.29161267600011,14.836513702000047],[120.29172581800003,14.836692805000041],[120.29173115300011,14.836780867000073],[120.29167434500005,14.837249702000065],[120.29159646800008,14.837341729000059],[120.29148789300007,14.837398777000033],[120.2912364450001,14.83753034800003],[120.29089055700001,14.837724450000053],[120.29075087400008,14.837820635000071],[120.29066210000008,14.837919214000067],[120.29059991400004,14.83801836200007],[120.29059402600001,14.838135893000072],[120.29061791000004,14.838276934000078],[120.29074242100012,14.838580776000072],[120.29086665500006,14.83891065000006],[120.2909322810001,14.83908490400006],[120.29126612400012,14.839800761000049],[120.29128327400008,14.83994334700003],[120.29127372900007,14.840150741000059],[120.2912967530001,14.840412922000041],[120.29131832200005,14.84048814700003],[120.29142392800009,14.840578617000062],[120.29153875600002,14.840640798000038],[120.29227874900005,14.840814023000064],[120.29307962400003,14.840983551000022],[120.29358945800004,14.841161295000063],[120.29365209200012,14.84123438100005],[120.29373192100002,14.841390399000034],[120.29374394700005,14.841471770000055],[120.29369900000006,14.841982230000042],[120.29370855700006,14.842126591000067],[120.29372344600006,14.842276481000056],[120.29373481500011,14.842511862000038],[120.29373905000011,14.843059955000058],[120.29371898300008,14.843296438000039],[120.29367050600001,14.843615619000047],[120.29361886100003,14.843808902000035],[120.2935492690001,14.843898138000043],[120.29348304500002,14.843951911000033],[120.29337525500011,14.844012774000078],[120.29324508100001,14.844055665000042],[120.29295823000007,14.844173066000053],[120.29289592500004,14.844211722000068],[120.29283012000008,14.844269048000058],[120.29276575500012,14.844384281000032],[120.29274357300005,14.844454403000043],[120.2927459770001,14.84455796900005],[120.29282741200007,14.844765769000048],[120.29297941200002,14.844948645000045],[120.29314239200005,14.845053373000042],[120.29344238400006,14.845124386000066],[120.29412877400011,14.84546098800007],[120.29537848300004,14.84590501100007],[120.2960965100001,14.846127538000076],[120.29692465700009,14.84656454900005],[120.2974578830001,14.846913121000057],[120.29806525300012,14.847177159000069],[120.29885347000004,14.847435064000024],[120.29894497700002,14.847577792000038],[120.29893688000004,14.847673216000032],[120.29891217000011,14.847788998000055],[120.29889907800009,14.84790872700006],[120.29872391900005,14.848060173000022],[120.29869938800005,14.84814229500006],[120.29873520700005,14.848237539000024],[120.29873650900004,14.848333340000067],[120.29862170100012,14.848476705000053],[120.29822336200004,14.848231505000058],[120.29814249900005,14.848182088000044],[120.29806107400009,14.848131548000026],[120.29796511300003,14.848072344000059],[120.29726604100006,14.847708244000046],[120.29673240600005,14.847565210000027],[120.29644708500007,14.847494695000023],[120.29588807500011,14.847388015000035],[120.29533618500011,14.847284032000061],[120.29507031100002,14.847247373000073],[120.29374963800001,14.847111504000054],[120.29327321800008,14.847012991000042],[120.29298712800005,14.846886351000023],[120.29267680900011,14.846671582000056],[120.29182155100011,14.845956602000058],[120.29095126400011,14.845166267000025],[120.29085147900003,14.845077484000058],[120.29055393200008,14.844796689000077],[120.28991356300003,14.844172869000033],[120.28947190500003,14.843749880000075],[120.28848416000005,14.84282047000005],[120.28823334800006,14.842584486000021],[120.28802539900005,14.842383514000062],[120.28756646400007,14.841940065000074],[120.28684608900005,14.841280847000064],[120.28664491800009,14.841086950000033],[120.28650726500007,14.840940792000026],[120.28611909200004,14.840570032000073],[120.28601755400007,14.840463839000051],[120.28580423000005,14.84025779500007],[120.28495294700008,14.839474589000076],[120.28439746800007,14.838953451000066],[120.28435625400004,14.838958003000073],[120.2842961990001,14.838934098000038],[120.28428442400002,14.838893119000033],[120.28429973400011,14.838843035000025],[120.28361601600011,14.838376080000046],[120.28336475200001,14.838166960000024],[120.2832163060001,14.83804391600006],[120.28373284000008,14.837536612000065],[120.28398764100007,14.837246765000032],[120.28419021200011,14.837090871000044],[120.28442412200002,14.836496648000036],[120.2847048750001,14.835887737000064],[120.28485837900007,14.835672695000028],[120.28503501600005,14.83521244800005],[120.28527951800004,14.834771062000073],[120.28557696200005,14.834551393000027],[120.28572874200006,14.834490544000062],[120.28597721300002,14.834461067000063],[120.28621649700005,14.834475852000025],[120.28648217500006,14.834563317000061],[120.28676692800002,14.834668639000029],[120.28716074800002,14.83488624000006],[120.28751949000002,14.83501037800005],[120.28812984900003,14.835132090000059],[120.28861856500009,14.835132129000044],[120.28942239800006,14.83510770600003],[120.29026755500001,14.835108275000039],[120.29044217800003,14.835084381000058],[120.29075623200004,14.83500224200003],[120.29106808900008,14.834779484000023]]]},"properties":{"ADM4_EN":"East Bajac-bajac","ADM4_PCODE":"PH0307107005","ADM4_REF":"","ADM3_EN":"Olongapo City","ADM3_PCODE":"PH0307107","ADM2_EN":"Zambales","ADM2_PCODE":"PH03071","ADM1_EN":"Region III (Central Luzon)","ADM1_PCODE":"PH03","ADM0_EN":"Philippines (the)","ADM0_PCODE":"PH","date":"2022-11-09T00:00:00.000Z","validOn":"2023-11-06T00:00:00.000Z","validTo":"1899-11-30T00:00:00.000Z","Shape_Leng":0.0503087156268,"Shape_Area":0.00006943263524,"AREA_SQKM":0.826868707048}},
{"type":"Feature","geometry":{"type":"Polygon","coordinates":[[[120.2832163060001,14.83804391600006],[120.28299667900001,14.838067515000034],[120.2823764310001,14.837917697000023],[120.28202784100006,14.837839089000056],[120.28206805700006,14.837700759000029],[120.2817200400001,14.837599240000031],[120.28140551400008,14.837248901000066],[120.28132413100002,14.83702235100003],[120.28131320600005,14.836754725000048],[120.28129265600012,14.836302708000062],[120.28129069600004,14.836217344000033],[120.28124350700011,14.835133847000066],[120.28122037300011,14.834501759000034],[120.28122083200003,14.834381147000045],[120.28123000800008,14.834231184000032],[120.28109834600002,14.833841697000025],[120.28087941100011,14.833559487000059],[120.28072588900011,14.833205943000053],[120.28072306800004,14.833129375000055],[120.28072724800006,14.83245620100007],[120.2807321900001,14.832092182000054],[120.28072407900004,14.83205719600005],[120.28067598000007,14.831808488000036],[120.28055894600004,14.831231470000034],[120.28054832400005,14.831160787000044],[120.28049728100007,14.831130452000025],[120.2804855390001,14.831081041000061],[120.28049229900012,14.83102484400007],[120.28044926200005,14.830974258000026],[120.2802187420001,14.830184850000023],[120.28011460800008,14.829813925000053],[120.28005176400006,14.829580797000062],[120.27993277900009,14.829061103000072],[120.27990065300003,14.828897703000052],[120.28051509600004,14.828734216000043],[120.28100293000011,14.828616760000045],[120.2816062500001,14.828577089000078],[120.28195546000006,14.828749105000043],[120.28189126900008,14.828891867000038],[120.28237584100009,14.829160166000065],[120.28261384500001,14.828718283000057],[120.2828748820001,14.828843170000027],[120.28333732400006,14.82908745800006],[120.28426584900001,14.829580218000046],[120.2845193930001,14.829755908000038],[120.28507354700002,14.830187179000063],[120.28524903900006,14.830388404000075],[120.28581638800006,14.83105899800006],[120.28622934700002,14.831666537000046],[120.28659760200003,14.832313291000048],[120.2870158820001,14.833074010000075],[120.28742579000004,14.833998461000022],[120.28777637300004,14.834696615000041],[120.28788585000007,14.834862171000054],[120.28812984900003,14.835132090000059],[120.28751949000002,14.83501037800005],[120.28716074800002,14.83488624000006],[120.28676692800002,14.834668639000029],[120.28648217500006,14.834563317000061],[120.28621649700005,14.834475852000025],[120.28597721300002,14.834461067000063],[120.28572874200006,14.834490544000062],[120.28557696200005,14.834551393000027],[120.28527951800004,14.834771062000073],[120.28503501600005,14.83521244800005],[120.28485837900007,14.835672695000028],[120.2847048750001,14.835887737000064],[120.28442412200002,14.836496648000036],[120.28419021200011,14.837090871000044],[120.28398764100007,14.837246765000032],[120.28373284000008,14.837536612000065],[120.2832163060001,14.83804391600006]]]},"properties":{"ADM4_EN":"East Tapinac","ADM4_PCODE":"PH0307107006","ADM4_REF":"","ADM3_EN":"Olongapo City","ADM3_PCODE":"PH0307107","ADM2_EN":"Zambales","ADM2_PCODE":"PH03071","ADM1_EN":"Region III (Central Luzon)","ADM1_PCODE":"PH03","ADM0_EN":"Philippines (the)","ADM0_PCODE":"PH","date":"2022-11-09T00:00:00.000Z","validOn":"2023-11-06T00:00:00.000Z","validTo":"1899-11-30T00:00:00.000Z","Shape_Leng":0.0298872086756,"Shape_Area":0.0000420824206625,"AREA_SQKM":0.501173584699}},
{"type":"Feature","geometry":{"type":"Polygon","coordinates":[[[120.28873593000003,14.851297745000068],[120.28893365900001,14.851387806000048],[120.28917504700007,14.851561966000077],[120.28930891700008,14.851711027000022],[120.28941071700001,14.851998078000065],[120.28952132600011,14.852338878000069],[120.28964892900001,14.85248824100006],[120.28968433800003,14.852675720000036],[120.28972571800011,14.852871261000075],[120.28989097300007,14.853294150000067],[120.289907502,14.853543545000036],[120.28994676400009,14.853737594000052],[120.28999090500008,14.853992864000077],[120.29009419300007,14.854245199000047],[120.29012948400009,14.854331416000036],[120.29026551900006,14.854580909000049],[120.29048456500004,14.854792799000052],[120.2906150550001,14.854986863000022],[120.29060803800007,14.85514151600006],[120.29067457100007,14.855598139000051],[120.29079125900012,14.856011759000069],[120.29090979500006,14.856181875000061],[120.29117860200006,14.856388692000053],[120.29149653000002,14.856680848000053],[120.29168174600011,14.856955055000071],[120.29182076200004,14.857228699000075],[120.29188732900002,14.85760257000004],[120.29189469100004,14.857889687000068],[120.29180147700004,14.858133819000045],[120.29177264400005,14.858365985000034],[120.29180703100008,14.858699903000058],[120.29194031000009,14.859224790000042],[120.29208388900008,14.859572386000025],[120.29242787900012,14.859997446000023],[120.29251065800008,14.860083469000074],[120.29274451800006,14.860241133000045],[120.29296474600005,14.860610015000077],[120.2929759860001,14.860731999000052],[120.29301049800006,14.860972546000028],[120.29314516600004,14.86123955100004],[120.29330038800003,14.86143121200007],[120.29346658000009,14.861687584000038],[120.29360248800003,14.861858341000072],[120.29356274000008,14.862251214000025],[120.29353727300008,14.862633027000072],[120.29351867600008,14.862836782000045],[120.29360866100001,14.863232448000076],[120.29379808300007,14.863500480000027],[120.29387401200006,14.863869933000046],[120.2939211910001,14.864194822000059],[120.29395361500008,14.864418109000042],[120.29396108100002,14.864933938000036],[120.29409596800008,14.865407877000052],[120.29414717400005,14.865576323000028],[120.29418957100006,14.865698021000071],[120.29431216100011,14.866150486000038],[120.29439908400002,14.866578048000065],[120.29448915700004,14.866873221000048],[120.2945312490001,14.86713947100003],[120.29454785200005,14.867657208000026],[120.29453513200008,14.868161199000042],[120.29461906600011,14.868740152000044],[120.29467170400005,14.868959221000068],[120.29472242800011,14.869120297000052],[120.29475032900007,14.869406336000054],[120.29477586300004,14.869603454000071],[120.29481083200005,14.869958379000025],[120.2948305320001,14.870160675000022],[120.2948891640001,14.87057859500004],[120.29495097400002,14.870977004000054],[120.29499039100006,14.87115091000004],[120.29499942100006,14.871331954000027],[120.29494671300006,14.87174116500006],[120.29488665500003,14.871963470000026],[120.29483910600004,14.87212622100003],[120.29494602800003,14.872731323000039],[120.29504118400007,14.873032632000047],[120.29534463300001,14.873701781000022],[120.29539892800005,14.873802969000053],[120.29564154400009,14.874212473000057],[120.29576146600004,14.874375207000071],[120.29578398800004,14.874787879000053],[120.2955712800001,14.875360371000056],[120.29556125600004,14.875573789000043],[120.29554817700011,14.875925857000027],[120.29558217100009,14.876273886000035],[120.29576544700001,14.876648837000062],[120.29592434300002,14.876829262000058],[120.29598682200003,14.876887923000027],[120.29619497600004,14.87708222200007],[120.29622078900002,14.877453959000036],[120.29620678800006,14.878132626000024],[120.29620487900002,14.87826261400005],[120.2960810840001,14.878689009000027],[120.296066687,14.878821467000023],[120.29605019200005,14.878965770000036],[120.2959305930001,14.879282137000075],[120.29603721100011,14.87945866900003],[120.29671096900006,14.879692878000071],[120.29694900900006,14.879860158000042],[120.29706573800001,14.880069372000037],[120.29711888000008,14.880427774000054],[120.29710853400002,14.880728821000048],[120.29723127900002,14.880952663000073],[120.29728157000011,14.881182954000053],[120.29725549900002,14.881428477000043],[120.29719935000003,14.881904022000072],[120.29722771800004,14.882302218000063],[120.2972326250001,14.882653358000027],[120.29741794800009,14.882873897000024],[120.29759893700009,14.883026113000028],[120.29767879200006,14.88311264500004],[120.29767308300006,14.883237996000048],[120.29759127400007,14.883434135000073],[120.29743903100007,14.88364100900003],[120.29733548700005,14.883873007000034],[120.29740684300009,14.884113581000065],[120.2975700500001,14.884356129000025],[120.29786260700007,14.884582487000046],[120.29800804600006,14.884772901000076],[120.29800343400007,14.885007450000046],[120.29766105300007,14.885362884000074],[120.29750562000004,14.885667646000059],[120.29746796400002,14.886331177000045],[120.29738903000009,14.886581892000038],[120.297440918,14.88670247400006],[120.29775830100004,14.88718940700005],[120.2980254900001,14.887509779000027],[120.29801720000012,14.887779669000054],[120.29788312900007,14.888120827000023],[120.29767419600012,14.888816893000069],[120.29768486800003,14.889588007000043],[120.29786688900003,14.889908998000067],[120.29802538800004,14.890064044000042],[120.2981913210001,14.890260399000056],[120.29829298600009,14.890542225000047],[120.29861498700006,14.893422188000045],[120.3004423210001,14.898059930000045],[120.30655476000004,14.905548518000046],[120.3103299920001,14.911775680000062],[120.28122666100012,14.896660255000029],[120.28061229200011,14.895553394000046],[120.27847917600002,14.882358383000053],[120.28152391600008,14.881269402000044],[120.28823856300005,14.879081350000035],[120.28784035700005,14.878742923000061],[120.28746345200011,14.878562011000042],[120.28720259600004,14.878210333000027],[120.2866310710001,14.877779297000075],[120.2864638750001,14.87668644300004],[120.28598416800003,14.875720689000048],[120.28546364100009,14.874672758000031],[120.28486653400012,14.874225387000024],[120.28423632700003,14.873753216000068],[120.2838968310001,14.872191451000049],[120.28265374900002,14.870765148000032],[120.281871593,14.868528853000043],[120.2817858520001,14.868283708000035],[120.2821968400001,14.866793293000057],[120.28176774300005,14.865253223000025],[120.28151093700001,14.864331523000033],[120.28068143300004,14.863353774000075],[120.27998151400004,14.86252877000004],[120.27954335800007,14.862012309000022],[120.27906661100008,14.856915098000059],[120.2786048160001,14.855760145000033],[120.28067537600009,14.855760145000033],[120.28252813800009,14.855794428000024],[120.28297032400008,14.855655296000066],[120.28350833900004,14.85559278200003],[120.2838680430001,14.855558664000057],[120.28404559300009,14.855584758000077],[120.28439262400002,14.855661975000032],[120.28454524000006,14.855714715000033],[120.284857181,14.855699529000049],[120.28509188500004,14.85566575200005],[120.28529276800009,14.855609929000025],[120.28537172400002,14.855572773000063],[120.28553180200004,14.85553918100004],[120.28563532200008,14.855520029000047],[120.28593596900009,14.85542240600006],[120.28623761000006,14.85535109500006],[120.28639350300011,14.855337487000043],[120.28663617000007,14.855295564000073],[120.28675036700008,14.855222341000058],[120.28686546400002,14.855011306000051],[120.2869492850001,14.854846343000077],[120.28721343600012,14.854491564000057],[120.28730124800006,14.854371875000027],[120.28741295000009,14.854267745000072],[120.28761840900006,14.854129833000059],[120.28772241400009,14.854041386000063],[120.2877843330001,14.85392590300006],[120.28778944900012,14.853819139000052],[120.28777357000001,14.853680472000065],[120.2877382580001,14.853505647000077],[120.28769563200001,14.85329550800003],[120.28759389300001,14.852893210000047],[120.28761240000006,14.852744261000055],[120.28766254700008,14.852569376000076],[120.28773066400004,14.852439249000042],[120.2878475220001,14.852322623000077],[120.28800066300005,14.85223325800007],[120.28813843400007,14.85216962000004],[120.28857057800008,14.852001753000025],[120.28884213000003,14.851845666000031],[120.28857826600006,14.851467050000053],[120.2887003840001,14.851342621000072],[120.28873593000003,14.851297745000068]]]},"properties":{"ADM4_EN":"Gordon Heights","ADM4_PCODE":"PH0307107008","ADM4_REF":"","ADM3_EN":"Olongapo City","ADM3_PCODE":"PH0307107","ADM2_EN":"Zambales","ADM2_PCODE":"PH03071","ADM1_EN":"Region III (Central Luzon)","ADM1_PCODE":"PH03","ADM0_EN":"Philippines (the)","ADM0_PCODE":"PH","date":"2022-11-09T00:00:00.000Z","validOn":"2023-11-06T00:00:00.000Z","validTo":"1899-11-30T00:00:00.000Z","Shape_Leng":0.166103484683,"Shape_Area":0.00074040795198,"AREA_SQKM":8.81580142623}},
{"type":"Feature","geometry":{"type":"Polygon","coordinates":[[[120.28160906400001,14.839665468000021],[120.28127798800006,14.839770831000067],[120.28109599900006,14.839807060000055],[120.28092919100004,14.839822238000068],[120.28057264100005,14.839763031000075],[120.28044481000006,14.839700366000045],[120.28030561600008,14.840157615000066],[120.28036090300009,14.840392117000022],[120.2803570850001,14.84068555500005],[120.28029566900011,14.841013191000059],[120.28020656500007,14.841437607000046],[120.28004372500004,14.841774890000067],[120.2798631930001,14.842023994000044],[120.27927397700012,14.84249335100003],[120.27861620100009,14.84292935700006],[120.27802897200002,14.843243526000037],[120.27678382900001,14.84405429700007],[120.27646790400001,14.84509223200007],[120.27598121100004,14.846691207000049],[120.27552573600008,14.848187616000075],[120.27032283200003,14.846409937000033],[120.26975579300006,14.846494238000048],[120.26966345300002,14.846447610000041],[120.26898925100011,14.84611955500003],[120.26848067600008,14.845852548000039],[120.26825437100001,14.845760279000046],[120.26676885600011,14.845252129000073],[120.26677430400002,14.845236321000073],[120.26677430300003,14.84523204800007],[120.26701213000001,14.844294948000027],[120.26720323000006,14.843692404000024],[120.26727167700005,14.843337785000074],[120.26728689200002,14.843143981000026],[120.26726034600006,14.84299231500006],[120.2671409300001,14.842537325000023],[120.26704204500004,14.842218166000066],[120.26691737500005,14.84179474900003],[120.26672475300006,14.841550202000064],[120.26665063400003,14.84145852100005],[120.26663363900002,14.84144757200005],[120.26660909300006,14.841438449000066],[120.26658643400003,14.841431151000052],[120.26658077000002,14.841431152000041],[120.26657132900004,14.841427502000045],[120.26655433500002,14.841423854000027],[120.26654678200009,14.841420205000077],[120.26652223600001,14.841414732000032],[120.26651468300008,14.841411083000025],[120.26650713000004,14.841411084000072],[120.26649013600002,14.841403785000068],[120.26648069500004,14.841401961000031],[120.2664127160001,14.841343564000056],[120.26635794900005,14.841255964000027],[120.26635417200009,14.84125231400003],[120.26634472900002,14.841234064000048],[120.26633339900002,14.841219464000062],[120.26630884700012,14.841172014000051],[120.26628807500003,14.841146464000076],[120.26625974700005,14.841099014000065],[120.26625974700005,14.841093538000052],[120.26625219100004,14.841069813000047],[120.26625029700006,14.841020534000052],[120.26625595900009,14.84100410700006],[120.26627861200006,14.840967602000035],[120.26632203300005,14.840918318000035],[120.26635224000006,14.84089093800003],[120.26635412700011,14.840885462000074],[120.26638433300002,14.840850781000029],[120.26653535500009,14.840628097000035],[120.26665050400004,14.84041271600006],[120.26670712600003,14.84024400900006],[120.26673921400004,14.84016138800007],[120.26674676100004,14.840117583000051],[120.26674674900005,14.840022676000046],[120.266742969,14.839998950000052],[120.26674296800002,14.839987999000073],[120.26673730100003,14.839967923000074],[120.26673163100008,14.839925945000061],[120.266701409,14.839827392000075],[120.26669762800009,14.83978717900004],[120.26670140100009,14.83975980100007],[120.26670139900011,14.839747025000065],[120.26670517500008,14.839739724000026],[120.26670706100003,14.83972512300005],[120.26671083700012,14.839719647000038],[120.26671083600002,14.839712346000056],[120.26671461100011,14.839705045000073],[120.26672027300003,14.839686793000055],[120.26672027200004,14.839675843000066],[120.26672404500005,14.839652115000035],[120.26672970800007,14.83963933900003],[120.26673159400002,14.839626562000035],[120.26674103100004,14.839601009000035],[120.2667485820001,14.839588233000029],[120.26675801800002,14.83955172900005],[120.26676368100004,14.839537127000028],[120.26677878200007,14.839507923000042],[120.26679010700002,14.839480545000072],[120.26679954600002,14.83946594200006],[120.2668070960001,14.839447690000043],[120.26682219700001,14.839418486000056],[120.26683352300006,14.839396583000052],[120.26685617600003,14.839360078000027],[120.26687694000009,14.839318097000046],[120.26691658200002,14.83925421300006],[120.2669297970001,14.83923961000005],[120.26694489900001,14.839215882000076],[120.26697699200008,14.839173900000048],[120.26698265400012,14.839162948000023],[120.26698831800002,14.839157472000068],[120.2670109710001,14.839122792000069],[120.26702040900011,14.839102714000035],[120.26720541000009,14.838830746000042],[120.26745836200007,14.838389621000033],[120.26771487500002,14.838037543000041],[120.26810188400009,14.837623188000066],[120.26846427100008,14.837285735000023],[120.2687191230001,14.836983029000066],[120.26881916800005,14.836798678000036],[120.26882294200004,14.836780426000075],[120.26882294100005,14.836773125000036],[120.26883237600009,14.83673297100006],[120.26883237400011,14.836716545000058],[120.26882481900009,14.836701945000073],[120.26882571400006,14.836652422000043],[120.26882382400004,14.836643297000023],[120.26882382100007,14.836623220000035],[120.26882948200011,14.836594018000028],[120.26882948100001,14.836584892000076],[120.26884080100001,14.836528311000052],[120.26884268700007,14.836508234000064],[120.26885778500002,14.836462604000076],[120.26888798900006,14.836422447000075],[120.26890120300004,14.83640236900004],[120.26891630400007,14.836374990000024],[120.26892196600011,14.836354913000037],[120.26892951100001,14.836307458000022],[120.26892951000002,14.836296508000032],[120.26893328400001,14.836283731000037],[120.26893327100004,14.836183349000066],[120.26893138000003,14.836165098000038],[120.26892760300007,14.836155972000029],[120.26892571300004,14.836141371000053],[120.2689049390001,14.836104871000032],[120.26888227800009,14.836077497000076],[120.2688652810001,14.836044647000051],[120.26886339100008,14.836030046000076],[120.26885961400001,14.836022746000026],[120.26885772500009,14.836013621000063],[120.26885205400004,14.835967993000054],[120.26885205000008,14.835938791000046],[120.26884827300012,14.835929665000037],[120.26884827200001,14.835920540000075],[120.26884260400004,14.835894988000064],[120.26884071400002,14.835878562000062],[120.26868771600004,14.835407607000036],[120.26848942700008,14.835095533000072],[120.26831191000008,14.834809008000036],[120.26810293000005,14.834483037000041],[120.26798657100005,14.834295062000024],[120.26790513700007,14.83419572200006],[120.2678390420001,14.83409899700007],[120.26778427500005,14.833996796000065],[120.26771061900001,14.833830718000058],[120.2676482710001,14.833502201000044],[120.26749338400009,14.832987041000024],[120.26744238600008,14.83282507000007],[120.26729886300006,14.832589644000052],[120.26713268300011,14.832348745000047],[120.26707295400001,14.83226634600004],[120.26699742500011,14.832207950000054],[120.26698420600007,14.832191526000031],[120.26692377200004,14.832063773000073],[120.26682783600006,14.831928651000055],[120.26672208700006,14.831793603000051],[120.26653514600002,14.831605635000074],[120.2664709390001,14.831492484000023],[120.266414284,14.831381157000067],[120.26634818500008,14.831242454000062],[120.26631984700009,14.831100097000046],[120.26631794100001,14.830956013000048],[120.26632735300007,14.830724220000036],[120.26638207400003,14.830461393000064],[120.2664972010001,14.830122036000034],[120.26661044900004,14.829839126000024],[120.26684137300003,14.829433993000066],[120.26697159200012,14.829004531000066],[120.26699988900009,14.82881653800007],[120.26711573000011,14.828557816000057],[120.26730372700001,14.827949957000044],[120.26730372300005,14.827917394000053],[120.26730652900005,14.827906539000026],[120.26730652300012,14.827860409000039],[120.26730090800004,14.827849555000057],[120.26729248400011,14.827822420000075],[120.26727002400003,14.827795287000072],[120.26724475500009,14.827746446000049],[120.2672335210001,14.827703030000066],[120.26722509700005,14.827681323000036],[120.26722509000001,14.827618911000059],[120.26722789600001,14.82761348300005],[120.26723350700001,14.827586347000022],[120.26726718300006,14.827518504000068],[120.26726718200007,14.827513077000049],[120.26727559900007,14.827480513000069],[120.26727559800008,14.827469658000041],[120.26727840400008,14.82745880400006],[120.2672784020001,14.827445236000074],[120.2672896250001,14.827399478000075],[120.26728962100003,14.827372342000047],[120.26728400600007,14.827361488000065],[120.26726996800005,14.827342495000039],[120.26725873900011,14.827331642000047],[120.26725031600006,14.827320789000055],[120.26723908600002,14.827299082000025],[120.26723627700005,14.827288228000043],[120.26723627400008,14.827261092000072],[120.26723908000008,14.827250237000044],[120.26724469300007,14.827239382000073],[120.26725311200005,14.827228527000045],[120.26725311100006,14.827220386000022],[120.26726152900005,14.827195963000065],[120.26727275200005,14.827147118000028],[120.26727555800005,14.827141691000065],[120.26727555600007,14.82712269600006],[120.26728116700008,14.827098273000047],[120.26728115200001,14.82698159000006],[120.26728395800001,14.826970735000032],[120.26728395600003,14.826949027000069],[120.26728956800002,14.826938172000041],[120.26728956600004,14.826916463000032],[120.26729517800004,14.826902895000046],[120.26729798200006,14.826878472000033],[120.2672979780001,14.826845910000031],[120.2673007840001,14.82683505500006],[120.26730077800005,14.826788925000074],[120.26730358300006,14.826775356000041],[120.26730358200007,14.826761789000045],[120.26731199800008,14.826721084000042],[120.2673119960001,14.826707516000056],[120.26731760700011,14.826680380000028],[120.267317606,14.826669526000046],[120.26732041100001,14.826653244000056],[120.26732039700005,14.826539275000073],[120.26731477900012,14.82650942600003],[120.26731477800001,14.826498572000048],[120.26730354500012,14.826463297000032],[120.26729231400009,14.826441590000059],[120.26728389200002,14.826430736000077],[120.26726424000003,14.82641174400004],[120.26725020300012,14.826390037000067],[120.26723335700001,14.826359258000025],[120.26722773900008,14.826332123000043],[120.26722773400002,14.826285993000056],[120.26723334500002,14.826264283000057],[120.26723334400003,14.826253429000076],[120.26723895600003,14.826242574000048],[120.26723895400005,14.826226293000047],[120.26725298500003,14.826188301000059],[120.26726420700004,14.826136742000074],[120.26726420200009,14.826098752000064],[120.26726700800009,14.826087898000026],[120.26726700200004,14.826039053000045],[120.26726980700005,14.82602548500006],[120.26726980300009,14.825992922000069],[120.2672726080001,14.825976641000068],[120.26727260000007,14.82591151500003],[120.26727540600007,14.825900661000048],[120.26727540200011,14.825870812000062],[120.2672782080001,14.82585724300003],[120.26727820600001,14.825843676000034],[120.26728381700002,14.825821966000035],[120.26728381600003,14.825811112000054],[120.26728942800003,14.825797544000068],[120.26729504000002,14.825775835000059],[120.26729503800004,14.825762267000073],[120.26729784400004,14.825751412000045],[120.26730345700003,14.825740557000074],[120.26739604800002,14.825420347000033],[120.26755597300007,14.824814004000075],[120.26760366200006,14.824577919000035],[120.26763450600004,14.82430927300004],[120.26763728900005,14.824111182000024],[120.26762320900002,14.823748920000071],[120.26759512900003,14.823670230000062],[120.26756513300006,14.823604302000035],[120.2675255370001,14.823559655000054],[120.26750134200006,14.823553279000066],[120.2674749470001,14.823540524000066],[120.26745954900002,14.823529895000036],[120.2674463510001,14.82351501200003],[120.26743534800005,14.823470362000023],[120.26743534700006,14.82346185700004],[120.2674309460001,14.823442721000049],[120.26743094400001,14.823434216000066],[120.26742654400005,14.823425711000027],[120.26742654300006,14.823417206000045],[120.26741994300005,14.823402323000039],[120.26741994200006,14.82338956500007],[120.2674155420001,14.823383187000047],[120.26741333900009,14.823353419000057],[120.26742213300008,14.823327903000063],[120.2674375260001,14.82329388100004],[120.2674573170001,14.823259858000029],[120.26749030400003,14.823225834000027],[120.2675034990001,14.823208822000026],[120.26753868900005,14.823194284000067],[120.26754308600005,14.823177273000056],[120.26754308400007,14.823166642000047],[120.26754748200005,14.823158137000064],[120.26754748100007,14.823147505000065],[120.26755187800006,14.823130495000044],[120.26756507100004,14.82310497800006],[120.26757166900006,14.823096472000032],[120.2675892640001,14.82309009100004],[120.2676552480001,14.823090083000068],[120.26767064400008,14.823094334000075],[120.26768164200007,14.823094333000029],[120.2677278330001,14.82311771600007],[120.2677454300001,14.823124093000047],[120.26776302600001,14.823128344000054],[120.26777182500007,14.823134722000077],[120.26778942200008,14.823143225000024],[120.2678136180001,14.823160232000077],[120.26784001300007,14.823172986000031],[120.2678642080001,14.823179362000076],[120.26789500300004,14.823194243000046],[120.26792799600003,14.82320487000004],[120.26794559200005,14.823206994000032],[120.26795219100006,14.823211246000028],[120.2679653880001,14.823213371000065],[120.26797198700001,14.823219749000032],[120.26802037800007,14.823238880000076],[120.26807097100004,14.82327502000004],[120.26807757000006,14.823281398000063],[120.26810176600009,14.823296279000033],[120.26811936400009,14.823315414000035],[120.26812376500004,14.823326045000044],[120.26813476400002,14.823343054000077],[120.26814796300005,14.823357936000036],[120.26815236300001,14.823368567000045],[120.26816336200011,14.823383449000062],[120.26819196000008,14.823415340000054],[120.26819636000005,14.823423845000036],[120.26846153100007,14.823685098000055],[120.26872990700008,14.824001880000026],[120.26873989600006,14.824032406000072],[120.26874649500007,14.824038784000038],[120.26875749600003,14.824066424000023],[120.26875749900012,14.824094066000043],[120.26876190000007,14.824104697000053],[120.26876190100006,14.824113202000035],[120.26876630200002,14.824130211000067],[120.26876630400011,14.824147222000022],[120.26877070500007,14.824159979000058],[120.26877070500007,14.824164231000054],[120.26877730600006,14.824181241000076],[120.26877950700009,14.824196124000025],[120.26878610900008,14.82421951200007],[120.26879711000004,14.824247152000055],[120.2688015110001,14.824266288000047],[120.26880151700004,14.824308814000062],[120.26880591800011,14.824330076000024],[120.26880594500005,14.824532071000021],[120.26881254800003,14.824568217000035],[120.26881254900002,14.824578849000034],[120.26882134900006,14.824595858000066],[120.26882135000005,14.824602236000032],[120.2688301500001,14.824619245000065],[120.26884555200002,14.824659643000075],[120.26885875400001,14.824697914000069],[120.26885875500011,14.824704293000025],[120.2688653560001,14.82472980700004],[120.26888468900006,14.824765928000033],[120.26889568900003,14.824782937000066],[120.26890449000007,14.824812704000067],[120.26891329000011,14.824829713000042],[120.26892869200003,14.824872236000033],[120.26893969200012,14.824891371000035],[120.26894849300004,14.824914759000023],[120.26896169300005,14.824936020000052],[120.26897049400009,14.824961534000067],[120.26898369500009,14.824987048000025],[120.26898589600012,14.825001932000077],[120.26899469600005,14.825018941000053],[120.26899689700008,14.825027446000036],[120.2690034960001,14.825035950000029],[120.26901229700002,14.82505508500003],[120.26902769600008,14.825074220000033],[120.26903649500002,14.82508910200005],[120.26905849600007,14.825133751000067],[120.26907609500006,14.825159264000035],[120.26908929500007,14.825182652000024],[120.26910469500001,14.825203913000053],[120.2691156950001,14.825229426000021],[120.26921909000009,14.82537187400004],[120.26936207000006,14.825467538000055],[120.26940409800011,14.82553481900004],[120.26943049500005,14.825553952000064],[120.26943709400007,14.82556033000003],[120.26943929400011,14.825566709000043],[120.26944589400011,14.825575213000036],[120.26945469300006,14.82558159100006],[120.26947889200005,14.825615608000078],[120.26948769100011,14.825624112000071],[120.26951188700002,14.825641119000068],[120.26951848700003,14.825647497000034],[120.26952288600012,14.825647496000045],[120.26954268300005,14.825662378000061],[120.26955368100005,14.825666629000068],[120.2695624800001,14.825673007000034],[120.2695734780001,14.825677258000042],[120.26959107500011,14.825687887000072],[120.26959767500011,14.825696391000065],[120.26960207500008,14.825707022000074],[120.26960207800005,14.82572403200004],[120.26960867900004,14.825743168000031],[120.26961747900009,14.825760177000063],[120.26963067700001,14.825770807000026],[120.2696526740001,14.825781435000067],[120.26970106400006,14.825789934000056],[120.26971646100003,14.825796311000033],[120.26972526000009,14.825802689000056],[120.26973185800011,14.825802688000067],[120.26974945600011,14.82581119100007],[120.26977365200003,14.825823946000071],[120.26978245100008,14.825830323000048],[120.26979124900004,14.825832448000028],[120.26981324500002,14.825843077000059],[120.26984184000003,14.825853705000043],[120.26985283800002,14.825855830000023],[120.26989243100002,14.825868582000055],[120.26992762300006,14.825872831000027],[120.26993642200011,14.825877082000034],[120.26997381500007,14.825887709000028],[120.27001120900002,14.825902588000076],[120.2700376040001,14.825908963000074],[120.27005960000008,14.825921718000075],[120.27007499900003,14.825934474000064],[120.27008599700002,14.825938725000071],[120.27009919600005,14.825951481000061],[120.27011019600002,14.825970616000063],[120.27011679700001,14.825989752000055],[120.2701168000001,14.826008888000047],[120.27012120000006,14.826019519000056],[120.27012560000003,14.826028024000038],[120.27013879900005,14.826042906000055],[120.2701432,14.826051411000037],[120.27016519800009,14.826074797000047],[120.27020479400005,14.82610668600006],[120.27020919400002,14.826113064000026],[120.27022459200009,14.826125820000073],[120.27023339100003,14.826130072000069],[120.2703745870001,14.825941384000032],[120.27041397500011,14.825982450000026],[120.27213752800003,14.827017598000054],[120.27291765200005,14.828023640000026],[120.27328514200008,14.82867357200007],[120.27379409600007,14.828980199000057],[120.27450751900005,14.82932713300005],[120.27512750900007,14.829736970000056],[120.27536719300008,14.830037245000028],[120.27569176700001,14.830444526000065],[120.27601444700008,14.831241288000058],[120.27617703800001,14.831642755000075],[120.27691548100006,14.833466116000068],[120.27715964900005,14.833971233000057],[120.27723714400008,14.83412394100003],[120.27749768900003,14.834637358000066],[120.27828828700001,14.835534797000037],[120.27920347500003,14.836085849000028],[120.28025375800007,14.836960159000057],[120.28117306400009,14.838401440000041],[120.28160906400001,14.839665468000021]]]},"properties":{"ADM4_EN":"Kalaklan","ADM4_PCODE":"PH0307107011","ADM4_REF":"","ADM3_EN":"Olongapo City","ADM3_PCODE":"PH0307107","ADM2_EN":"Zambales","ADM2_PCODE":"PH03071","ADM1_EN":"Region III (Central Luzon)","ADM1_PCODE":"PH03","ADM0_EN":"Philippines (the)","ADM0_PCODE":"PH","date":"2022-11-09T00:00:00.000Z","validOn":"2023-11-06T00:00:00.000Z","validTo":"1899-11-30T00:00:00.000Z","Shape_Leng":0.0686045545954,"Shape_Area":0.000211405386236,"AREA_SQKM":2.51764920929}},
{"type":"Feature","geometry":{"type":"Polygon","coordinates":[[[120.29106808900008,14.834779484000023],[120.29075623200004,14.83500224200003],[120.29044217800003,14.835084381000058],[120.29026755500001,14.835108275000039],[120.28942239800006,14.83510770600003],[120.28861856500009,14.835132129000044],[120.28812984900003,14.835132090000059],[120.28788585000007,14.834862171000054],[120.28777637300004,14.834696615000041],[120.28742579000004,14.833998461000022],[120.2870158820001,14.833074010000075],[120.28659760200003,14.832313291000048],[120.28622934700002,14.831666537000046],[120.28581638800006,14.83105899800006],[120.28634148100002,14.830715704000056],[120.28690678600003,14.830346592000069],[120.28745776700009,14.829990440000074],[120.28800897800011,14.82966286900006],[120.2883177970001,14.829461646000027],[120.28877996200004,14.829162714000063],[120.28906006800003,14.828980655000066],[120.28925429800006,14.828851005000047],[120.2895361410001,14.82866656300007],[120.28978036100011,14.828519276000065],[120.29001697600006,14.828358386000048],[120.2903474090001,14.828115586000024],[120.29068025900006,14.827893887000073],[120.29083187600008,14.827777652000066],[120.29097609000007,14.827693981000039],[120.29099450600006,14.828161937000061],[120.29094719700004,14.82911662500004],[120.2909750660001,14.829407372000048],[120.29103034900004,14.830096168000068],[120.29106682400004,14.830576446000066],[120.29119478500002,14.83087434600003],[120.29121480600008,14.83148834900004],[120.29122124500009,14.831686647000026],[120.29117314500002,14.834503849000043],[120.29106808900008,14.834779484000023]]]},"properties":{"ADM4_EN":"New Kalalake","ADM4_PCODE":"PH0307107012","ADM4_REF":"","ADM3_EN":"Olongapo City","ADM3_PCODE":"PH0307107","ADM2_EN":"Zambales","ADM2_PCODE":"PH03071","ADM1_EN":"Region III (Central Luzon)","ADM1_PCODE":"PH03","ADM0_EN":"Philippines (the)","ADM0_PCODE":"PH","date":"2022-11-09T00:00:00.000Z","validOn":"2023-11-06T00:00:00.000Z","validTo":"1899-11-30T00:00:00.000Z","Shape_Leng":0.0210247326227,"Shape_Area":0.0000257083153286,"AREA_SQKM":0.306170421018}},
{"type":"Feature","geometry":{"type":"Polygon","coordinates":[[[120.28873593000003,14.851297745000068],[120.2887003840001,14.851342621000072],[120.28857826600006,14.851467050000053],[120.28884213000003,14.851845666000031],[120.28857057800008,14.852001753000025],[120.28813843400007,14.85216962000004],[120.28800066300005,14.85223325800007],[120.2878475220001,14.852322623000077],[120.28773066400004,14.852439249000042],[120.28766254700008,14.852569376000076],[120.28761240000006,14.852744261000055],[120.28759389300001,14.852893210000047],[120.28769563200001,14.85329550800003],[120.2877382580001,14.853505647000077],[120.28777357000001,14.853680472000065],[120.28778944900012,14.853819139000052],[120.2877843330001,14.85392590300006],[120.28772241400009,14.854041386000063],[120.28761840900006,14.854129833000059],[120.28741295000009,14.854267745000072],[120.28730124800006,14.854371875000027],[120.28721343600012,14.854491564000057],[120.2869492850001,14.854846343000077],[120.28686546400002,14.855011306000051],[120.28675036700008,14.855222341000058],[120.28663617000007,14.855295564000073],[120.28639350300011,14.855337487000043],[120.28623761000006,14.85535109500006],[120.28593596900009,14.85542240600006],[120.28563532200008,14.855520029000047],[120.28553180200004,14.85553918100004],[120.28537172400002,14.855572773000063],[120.28529276800009,14.855609929000025],[120.28509188500004,14.85566575200005],[120.284857181,14.855699529000049],[120.28454524000006,14.855714715000033],[120.28439262400002,14.855661975000032],[120.28404559300009,14.855584758000077],[120.2838680430001,14.855558664000057],[120.28350833900004,14.85559278200003],[120.28297032400008,14.855655296000066],[120.28252813800009,14.855794428000024],[120.28067537600009,14.855760145000033],[120.2786048160001,14.855760145000033],[120.2776940550001,14.853543710000054],[120.27605542000003,14.849496019000071],[120.27583263300005,14.848945700000058],[120.27552573600008,14.848187616000075],[120.27598121100004,14.846691207000049],[120.27646790400001,14.84509223200007],[120.27678382900001,14.84405429700007],[120.27802897200002,14.843243526000037],[120.27861620100009,14.84292935700006],[120.27927397700012,14.84249335100003],[120.2798631930001,14.842023994000044],[120.28004372500004,14.841774890000067],[120.28020656500007,14.841437607000046],[120.28029566900011,14.841013191000059],[120.2803570850001,14.84068555500005],[120.28036090300009,14.840392117000022],[120.28030561600008,14.840157615000066],[120.28044481000006,14.839700366000045],[120.28057264100005,14.839763031000075],[120.28092919100004,14.839822238000068],[120.28109599900006,14.839807060000055],[120.28127798800006,14.839770831000067],[120.28160906400001,14.839665468000021],[120.2821593860001,14.84122397300007],[120.28242713800012,14.841814351000039],[120.28310611400002,14.843311457000027],[120.28313360800007,14.843435825000029],[120.28336094000008,14.844393448000062],[120.28339375000007,14.84453165900004],[120.28355003900003,14.845370641000045],[120.28374315200006,14.845882698000025],[120.28423584200004,14.846362640000052],[120.28484828600006,14.846534870000028],[120.28550812600008,14.846476799000072],[120.28605967300007,14.846143228000074],[120.28665744500006,14.846427467000069],[120.28702309800008,14.84660225700003],[120.28707440300002,14.846626781000055],[120.28720634900003,14.846705598000028],[120.28726696700005,14.846819584000059],[120.28724133300011,14.846926832000065],[120.2871601700001,14.847051457000077],[120.28704870800004,14.847119187000033],[120.28692204100003,14.847157009000057],[120.2867277260001,14.847152596000058],[120.2864995760001,14.847103180000033],[120.28628057200001,14.847101677000069],[120.28618407800002,14.847166593000054],[120.2861363510001,14.847300619000066],[120.28621875200008,14.847483234000038],[120.28633224200007,14.847635920000073],[120.28647659100011,14.847758763000058],[120.28662041900009,14.847920011000042],[120.2866658590001,14.848027118000061],[120.2866677180001,14.848187584000073],[120.28655503700008,14.848421915000074],[120.28654447000008,14.848594501000036],[120.28666953700008,14.848755961000052],[120.28685299300002,14.848920887000077],[120.28707932100008,14.849109847000022],[120.28723458900004,14.84932019100006],[120.28730448800002,14.849427885000068],[120.28731116100005,14.849579808000044],[120.28731233200006,14.84962719300006],[120.28734187400005,14.84980272200005],[120.28739627800007,14.849933923000037],[120.28748840600008,14.849949856000023],[120.28757204500005,14.849879557000065],[120.28761316700002,14.849740195000038],[120.2876758000001,14.849606378000033],[120.28779637800005,14.84954760100004],[120.28793498300001,14.849551567000049],[120.28801767800007,14.849629685000025],[120.28813027500007,14.849872276000042],[120.28825376500004,14.85022476000006],[120.28826711900001,14.850417285000049],[120.28823787800002,14.850789716000065],[120.288313259,14.85100331800004],[120.2885575360001,14.851186549000033],[120.28873593000003,14.851297745000068]]]},"properties":{"ADM4_EN":"Mabayuan","ADM4_PCODE":"PH0307107013","ADM4_REF":"","ADM3_EN":"Olongapo City","ADM3_PCODE":"PH0307107","ADM2_EN":"Zambales","ADM2_PCODE":"PH03071","ADM1_EN":"Region III (Central Luzon)","ADM1_PCODE":"PH03","ADM0_EN":"Philippines (the)","ADM0_PCODE":"PH","date":"2022-11-09T00:00:00.000Z","validOn":"2023-11-06T00:00:00.000Z","validTo":"1899-11-30T00:00:00.000Z","Shape_Leng":0.0513585760227,"Shape_Area":0.000128861171351,"AREA_SQKM":1.53453811683}},
{"type":"Feature","geometry":{"type":"Polygon","coordinates":[[[120.34618065900008,14.860527562000073],[120.34706759800008,14.862015728000074],[120.34705961000009,14.863880581000046],[120.34701388100007,14.874556334000033],[120.34962467500009,14.891449152000064],[120.34549383100011,14.910387398000069],[120.33771044200012,14.910694689000024],[120.33426086500003,14.884024615000044],[120.33239960600008,14.869603839000035],[120.33218502300008,14.869318340000063],[120.33214281300002,14.86892987400006],[120.33207783800003,14.868672060000051],[120.3320721880001,14.868460482000046],[120.33188848900011,14.86829683700006],[120.33173794800007,14.867932285000052],[120.3316757990001,14.86769182100005],[120.33147061800003,14.86766334300006],[120.33119332900003,14.86782523000005],[120.33095293800011,14.86798467500006],[120.33070322000003,14.868039750000037],[120.33043711000005,14.86789766000004],[120.33009501100003,14.867742994000025],[120.32982550200006,14.86771447500007],[120.3296753510001,14.867782955000052],[120.32928774300001,14.868103286000064],[120.3289597160001,14.868240410000055],[120.32881813600011,14.868151918000024],[120.32862805000002,14.867823670000064],[120.32843152800001,14.867391392000059],[120.32837754400009,14.867272436000064],[120.32819278000011,14.867176420000021],[120.32809248700005,14.866995448000068],[120.32806090500003,14.866793280000024],[120.32791369300003,14.866692629000056],[120.32765183700008,14.866633514000057],[120.3273275360001,14.866715610000028],[120.32698677400003,14.86694523500006],[120.32661014200005,14.866986363000024],[120.32606127000008,14.867209927000033],[120.32563165400006,14.867553418000057],[120.3254633140001,14.867784523000068],[120.32542081800011,14.868047468000043],[120.32527677000007,14.86832143600003],[120.32503119700004,14.86841034400004],[120.32472985800007,14.868414013000063],[120.32449694400009,14.868485977000034],[120.32416581100006,14.868496399000037],[120.32396534500003,14.86847363000004],[120.32382915500011,14.86834942300004],[120.3238223090001,14.868165377000025],[120.32382260800011,14.868002441000044],[120.32380950000004,14.86764972800006],[120.32382177300008,14.86749101600003],[120.32355485500011,14.867361889000051],[120.32341558200005,14.867304828000044],[120.32337305900012,14.86712499400005],[120.3233232340001,14.866976842000042],[120.32322673200008,14.86684987700005],[120.3230330450001,14.866675000000043],[120.32268007800008,14.866312976000074],[120.32242657300003,14.866070423000053],[120.32209017600007,14.865764498000033],[120.32186133500011,14.86544733900007],[120.32139015900009,14.865259440000045],[120.32042902800004,14.864977435000071],[120.31951172700008,14.864844234000032],[120.31902006700011,14.864902328000028],[120.31873024800007,14.864997645000074],[120.31819608300009,14.865015289000041],[120.31772711500003,14.86483772300005],[120.3170763390001,14.864397401000076],[120.31671429500011,14.864067465000062],[120.31642197300005,14.863720005000062],[120.31585809,14.863582440000073],[120.31505124900002,14.86325352800003],[120.31415110800003,14.863043077000043],[120.31438469000011,14.862915948000023],[120.31498073400007,14.862901908000026],[120.31547516800003,14.862811244000056],[120.31558494500007,14.862702943000045],[120.31570933700004,14.86262517800003],[120.31625909700006,14.862451876000023],[120.3166306600001,14.862342716000057],[120.31686219700009,14.862395369000069],[120.31719839300001,14.862429310000039],[120.31764278300011,14.862402946000032],[120.31754560700006,14.854936932000044],[120.31714900400004,14.853187770000034],[120.31741448500009,14.852962103000038],[120.31766782900002,14.852836904000071],[120.31799947400009,14.852693250000073],[120.3185152850001,14.85241757800003],[120.31886136500009,14.852239461000067],[120.31917132300009,14.851846379000051],[120.31921223900008,14.851564182000061],[120.31931313900009,14.851331213000037],[120.31988553500003,14.851172828000074],[120.32055789200001,14.850811711000063],[120.32082547400012,14.850554275000036],[120.32236989300009,14.849426252000058],[120.32285173500009,14.849106822000067],[120.32254106700009,14.848944909000068],[120.32232839400001,14.848832468000069],[120.32223754000006,14.848674201000051],[120.32226691200003,14.848508865000042],[120.32244227400008,14.848470829000064],[120.32258721000005,14.84836296800006],[120.32282028500003,14.848217298000066],[120.32281998400003,14.848160548000067],[120.32280840200008,14.848061210000026],[120.32278819100009,14.84799313600007],[120.32261448800011,14.847904176000043],[120.32263075300011,14.84796923600004],[120.32264508300011,14.848035908000043],[120.32262977100004,14.848226338000075],[120.32246036800007,14.848397329000022],[120.32224260100008,14.848440167000035],[120.32188691800002,14.847800433000032],[120.32183223300001,14.847693702000072],[120.32183426100005,14.847519393000027],[120.3215813710001,14.847467517000041],[120.32149412600006,14.847300464000057],[120.32135928000002,14.847234095000033],[120.32117196700005,14.84718398900003],[120.32108801200002,14.847050916000057],[120.32106990000011,14.84700846800007],[120.32104508500004,14.846950411000023],[120.320857552,14.846872602000076],[120.3207685650001,14.846783282000047],[120.32074547900004,14.846722546000024],[120.32071478800003,14.846651873000042],[120.32067668400009,14.846579464000058],[120.32058361700001,14.846398113000078],[120.32045798700005,14.846309989000076],[120.32037564400002,14.846262972000034],[120.32036630700009,14.84618090500004],[120.32035729300003,14.846054378000076],[120.320214426,14.845927389000053],[120.31991978300005,14.845529836000026],[120.3198125450001,14.845432423000034],[120.31973105200007,14.845393523000041],[120.31953896300001,14.845254992000037],[120.32049460500002,14.844983475000049],[120.32131847800008,14.844965237000054],[120.32207031400003,14.844769179000025],[120.32294010500004,14.842033748000063],[120.32830028300009,14.836009276000027],[120.33283189600002,14.841853720000074],[120.33401513400008,14.843097326000077],[120.33747585700007,14.846658542000057],[120.33775261700009,14.846703830000024],[120.33793880200005,14.846718926000051],[120.3382608500001,14.846794406000072],[120.33844703400007,14.846814534000032],[120.33864328200002,14.846859822000056],[120.33882685000003,14.846983512000065],[120.33893513800001,14.847046006000028],[120.3391162910001,14.847081230000072],[120.33925718700004,14.847035942000048],[120.3394584670001,14.847025878000068],[120.33964968300006,14.84700575000005],[120.33972516300003,14.847025878000068],[120.33981070700008,14.847071166000035],[120.33986605900009,14.847242255000026],[120.33988115500006,14.847388183000078],[120.33977415000004,14.847560753000039],[120.33956128000011,14.847806095000067],[120.33943860900001,14.848152460000051],[120.33948551300011,14.84861427900006],[120.33950716000004,14.84877663800006],[120.33956849600008,14.848834365000073],[120.33974025900011,14.848988360000021],[120.33983586700003,14.849199704000057],[120.3398056750001,14.849380857000028],[120.339735227,14.849476465000066],[120.33959936300005,14.84954691300004],[120.339448403,14.84953181700007],[120.33961368700011,14.849672404000046],[120.33970893300011,14.849712090000025],[120.33978565900009,14.849725318000026],[120.33984915700012,14.849765004000062],[120.3399020710001,14.849804690000042],[120.34000790000005,14.849873479000053],[120.3400899180001,14.849918456000069],[120.34016135200011,14.849968725000053],[120.34029099300005,14.850011057000074],[120.34035713600008,14.850013703000059],[120.34043650800004,14.849989891000064],[120.34049736000009,14.849989891000064],[120.34052646300006,14.850018994000038],[120.34056879400009,14.850069263000023],[120.34064022900009,14.850111595000044],[120.34072489200003,14.850119532000065],[120.34081220100006,14.850116886000023],[120.34088628200004,14.850101012000039],[120.34096300800002,14.850071909000064],[120.34102650500006,14.85006132600006],[120.34119847700003,14.850045451000028],[120.34129372400002,14.850058680000075],[120.34143923900001,14.85012217700006],[120.34148157000004,14.85022271500003],[120.341489507,14.850328544000035],[120.34150538200004,14.850410562000036],[120.34154506800007,14.850444956000047],[120.34165089700002,14.850479351000047],[120.34173556000007,14.850542848000032],[120.34181228600005,14.850606345000074],[120.34188636600004,14.850656614000059],[120.34197103000008,14.850685717000033],[120.34205569300002,14.850669843000048],[120.34211654500007,14.850643386000058],[120.34221443700005,14.850614283000027],[120.34230439100008,14.850614283000027],[120.34239963800007,14.850643386000058],[120.3425372150001,14.850698946000023],[120.3426324620001,14.850746569000023],[120.34271447900005,14.85086033500005],[120.3428532910001,14.850949939000031],[120.34287983800004,14.850997134000067],[120.34286214000008,14.851103324000064],[120.34285624000006,14.851180016000058],[120.34290048600008,14.85125965900005],[120.34300077600005,14.851339301000053],[120.34313646300006,14.85144254100004],[120.34320430600008,14.851492686000029],[120.34336359000008,14.851587076000044],[120.34341078600005,14.851666719000036],[120.34341963500003,14.851802405000058],[120.34341373500001,14.851923343000067],[120.34335179200002,14.852026583000054],[120.34326920000001,14.85213277300005],[120.34317185900011,14.852224214000046],[120.34301552500006,14.852324504000023],[120.34286214000008,14.852401196000073],[120.34272350300012,14.85243659300005],[120.34259666600008,14.85249853700003],[120.34244623100005,14.852604726000038],[120.34222205300011,14.852814156000022],[120.34212766200005,14.852934111000025],[120.34209423200002,14.853020636000053],[120.34209423200002,14.853083563000041],[120.34214536000002,14.853209417000073],[120.34215715900007,14.853277260000027],[120.34214241000006,14.853353953000067],[120.34208295100007,14.853382493000026],[120.34206866800002,14.853389349000054],[120.34199492500011,14.853404098000055],[120.34186808700008,14.853404098000055],[120.3418061430001,14.853383450000024],[120.34177664600008,14.85335985200004],[120.34173240100006,14.853300858000068],[120.34171175300003,14.853215316000046],[120.3417073280001,14.853131250000047],[120.34166308200008,14.853029485000036],[120.34160556300003,14.85291002100007],[120.3415170720001,14.852887899000052],[120.3413577870001,14.852985239000077],[120.3412737210001,14.853087004000031],[120.34127814500005,14.853165171000057],[120.34119407800006,14.853169596000043],[120.34112771000002,14.853125350000028],[120.34107019100009,14.853107652000062],[120.34097727500011,14.853107652000062],[120.3408799340001,14.853134199000067],[120.34077374500009,14.853187294000065],[120.340733924,14.853231540000024],[120.34071622500005,14.853302333000045],[120.34080029200004,14.853351003000057],[120.34091090600009,14.853342154000075],[120.34114098400005,14.85346161700005],[120.34116753100011,14.853563382000061],[120.34118522900008,14.853753639000047],[120.34110116300008,14.853846554000029],[120.34103479400005,14.853890800000045],[120.34098169900005,14.853917348000039],[120.34089763300005,14.853917348000039],[120.34080914100002,14.853873102000023],[120.34075604700001,14.853828856000064],[120.34064543200009,14.853815583000028],[120.3406144600001,14.853850979000072],[120.34065870600011,14.853908498000067],[120.34077374500009,14.853992565000055],[120.34075604700001,14.854045660000054],[120.34071180100011,14.854169548000073],[120.34070295200002,14.854293436000034],[120.34068082900001,14.854408474000024],[120.34062773400001,14.854545636000068],[120.34051269500003,14.854585457000042],[120.34034013700011,14.85448369200003],[120.3401056350001,14.85442174800005],[120.33980476500005,14.854346530000043],[120.33957911200002,14.854293436000034],[120.33980555000005,14.854692881000062],[120.33996094100007,14.854903410000077],[120.34025167100003,14.855048776000046],[120.34055242700003,14.855123965000075],[120.34098351000011,14.855294393000065],[120.34114892600007,14.855760565000026],[120.34117398900003,14.856106434000026],[120.34106371200005,14.856332001000055],[120.34105869900009,14.856617719000042],[120.341123863,14.856808197000078],[120.34115895100001,14.857113966000043],[120.34119403900002,14.857304444000022],[120.34132938000005,14.857479885000032],[120.34155494600009,14.857635276000053],[120.34174041300003,14.857695427000067],[120.34184066400007,14.857695427000067],[120.34198101700008,14.85777562900006],[120.34205119400008,14.857850817000042],[120.34226172300009,14.857981145000053],[120.34237200000007,14.858041296000067],[120.34258754100006,14.858021246000021],[120.3430587260001,14.858261850000076],[120.34318905300006,14.858452329000045],[120.34338454400006,14.858542556000032],[120.34353993500008,14.85858766900003],[120.34361011100009,14.858918501000062],[120.34377552700005,14.859149080000066],[120.34400610600005,14.859259357000042],[120.34425172400006,14.859319508000056],[120.34438205100003,14.859344571000065],[120.34450736600002,14.859725529000059],[120.34451739100007,14.859971146000078],[120.34446726500005,14.860106486000063],[120.34439708900004,14.860261877000028],[120.34441713900003,14.86054258200005],[120.3445825550001,14.86074308600007],[120.34474797100006,14.860858376000067],[120.34502867600008,14.860868401000062],[120.34535950800012,14.860768149000023],[120.34565525100004,14.860652859000027],[120.34592091800005,14.860532557000056],[120.34618065900008,14.860527562000073]]]},"properties":{"ADM4_EN":"New Cabalan","ADM4_PCODE":"PH0307107014","ADM4_REF":"","ADM3_EN":"Olongapo City","ADM3_PCODE":"PH0307107","ADM2_EN":"Zambales","ADM2_PCODE":"PH03071","ADM1_EN":"Region III (Central Luzon)","ADM1_PCODE":"PH03","ADM0_EN":"Philippines (the)","ADM0_PCODE":"PH","date":"2022-11-09T00:00:00.000Z","validOn":"2023-11-06T00:00:00.000Z","validTo":"1899-11-30T00:00:00.000Z","Shape_Leng":0.208504372459,"Shape_Area":0.00115578654986,"AREA_SQKM":13.7622997476}},
{"type":"Feature","geometry":{"type":"Polygon","coordinates":[[[120.27950490900002,14.832792377000033],[120.27957022100009,14.832878533000041],[120.27976483500004,14.833147495000048],[120.27984839500004,14.833207787000049],[120.27994795600011,14.833236192000072],[120.27997491700012,14.833712973000047],[120.27916613400009,14.833836098000063],[120.27936364800007,14.834311926000055],[120.27943025200011,14.834429232000048],[120.27934653200009,14.834476976000076],[120.27945342600003,14.834911199000032],[120.27964420600006,14.835519451000039],[120.2800529540001,14.835433600000044],[120.2802381680001,14.836261628000045],[120.28025296300007,14.836307064000039],[120.28025375800007,14.836960159000057],[120.27920347500003,14.836085849000028],[120.27828828700001,14.835534797000037],[120.27749768900003,14.834637358000066],[120.27723714400008,14.83412394100003],[120.27715964900005,14.833971233000057],[120.27746800600005,14.833770009000034],[120.2777290900001,14.833554111000069],[120.2778755600001,14.833442478000052],[120.27833492500008,14.833317345000069],[120.2786602870001,14.833397690000027],[120.27883704100009,14.833191352000028],[120.27912959200012,14.833074193000073],[120.27950490900002,14.832792377000033]]]},"properties":{"ADM4_EN":"New Ilalim","ADM4_PCODE":"PH0307107015","ADM4_REF":"","ADM3_EN":"Olongapo City","ADM3_PCODE":"PH0307107","ADM2_EN":"Zambales","ADM2_PCODE":"PH03071","ADM1_EN":"Region III (Central Luzon)","ADM1_PCODE":"PH03","ADM0_EN":"Philippines (the)","ADM0_PCODE":"PH","date":"2022-11-09T00:00:00.000Z","validOn":"2023-11-06T00:00:00.000Z","validTo":"1899-11-30T00:00:00.000Z","Shape_Leng":0.0128768968889,"Shape_Area":0.00000569951473582,"AREA_SQKM":0.0678769184284}},
{"type":"Feature","geometry":{"type":"Polygon","coordinates":[[[120.27950490900002,14.832792377000033],[120.27912959200012,14.833074193000073],[120.27883704100009,14.833191352000028],[120.2786602870001,14.833397690000027],[120.27833492500008,14.833317345000069],[120.2778755600001,14.833442478000052],[120.2777290900001,14.833554111000069],[120.27746800600005,14.833770009000034],[120.27715964900005,14.833971233000057],[120.27691548100006,14.833466116000068],[120.27617703800001,14.831642755000075],[120.27601444700008,14.831241288000058],[120.27569176700001,14.830444526000065],[120.27536719300008,14.830037245000028],[120.27608778100011,14.829721684000049],[120.276622298,14.829536933000043],[120.2771728990001,14.829353472000037],[120.27726060400005,14.829322217000026],[120.2782704010001,14.82897977600004],[120.278390564,14.829611319000037],[120.27849371400009,14.830209850000074],[120.27861330600001,14.830850041000076],[120.27891013400006,14.831723199000066],[120.2791156620001,14.832133490000047],[120.27932014300006,14.832543892000047],[120.27944515500008,14.832714558000077],[120.27950490900002,14.832792377000033]]]},"properties":{"ADM4_EN":"New Kababae","ADM4_PCODE":"PH0307107016","ADM4_REF":"","ADM3_EN":"Olongapo City","ADM3_PCODE":"PH0307107","ADM2_EN":"Zambales","ADM2_PCODE":"PH03071","ADM1_EN":"Region III (Central Luzon)","ADM1_PCODE":"PH03","ADM0_EN":"Philippines (the)","ADM0_PCODE":"PH","date":"2022-11-09T00:00:00.000Z","validOn":"2023-11-06T00:00:00.000Z","validTo":"1899-11-30T00:00:00.000Z","Shape_Leng":0.0142431344196,"Shape_Area":0.0000110723960227,"AREA_SQKM":0.131865807732}},
{"type":"Feature","geometry":{"type":"Polygon","coordinates":[[[120.29097609000007,14.827693981000039],[120.29083187600008,14.827777652000066],[120.29068025900006,14.827893887000073],[120.2903474090001,14.828115586000024],[120.29001697600006,14.828358386000048],[120.28978036100011,14.828519276000065],[120.2895361410001,14.82866656300007],[120.28925429800006,14.828851005000047],[120.28906006800003,14.828980655000066],[120.28877996200004,14.829162714000063],[120.2883177970001,14.829461646000027],[120.28800897800011,14.82966286900006],[120.28745776700009,14.829990440000074],[120.28691888300011,14.829335356000058],[120.28648188400007,14.828854276000072],[120.28596168500007,14.828417929000068],[120.2853080320001,14.827948654000068],[120.28512657200008,14.827852826000026],[120.28353850300005,14.827012860000025],[120.28332752500012,14.826927988000023],[120.28257939500008,14.826875680000057],[120.28261358400005,14.826087611000048],[120.28259373600008,14.825678474000028],[120.28425423300007,14.825603063000074],[120.28788839900005,14.825988571000039],[120.28870797800005,14.826075511000056],[120.2906312240001,14.82648467100006],[120.29089080200004,14.826539895000053],[120.29096062000008,14.827294773000062],[120.29097609000007,14.827693981000039]]]},"properties":{"ADM4_EN":"Pag-asa","ADM4_PCODE":"PH0307107017","ADM4_REF":"","ADM3_EN":"Olongapo City","ADM3_PCODE":"PH0307107","ADM2_EN":"Zambales","ADM2_PCODE":"PH03071","ADM1_EN":"Region III (Central Luzon)","ADM1_PCODE":"PH03","ADM0_EN":"Philippines (the)","ADM0_PCODE":"PH","date":"2022-11-09T00:00:00.000Z","validOn":"2023-11-06T00:00:00.000Z","validTo":"1899-11-30T00:00:00.000Z","Shape_Leng":0.0208932782481,"Shape_Area":0.0000202490377376,"AREA_SQKM":0.241158734537}},
{"type":"Feature","geometry":{"type":"Polygon","coordinates":[[[120.29689642900007,14.849163850000025],[120.29710879000004,14.849619792000055],[120.29740647400001,14.849890690000052],[120.29798219800011,14.850075524000033],[120.29819214100007,14.850142572000038],[120.29856842800007,14.850262745000066],[120.29954260900001,14.850318796000067],[120.30012622400011,14.850337569000033],[120.30114379700001,14.850283024000078],[120.30179418700004,14.850385521000021],[120.30262852400006,14.850465876000044],[120.30356273600012,14.850497985000061],[120.30367809600011,14.850570496000046],[120.30391619600005,14.850755847000073],[120.30430698900011,14.851326344000029],[120.30516829200008,14.853004540000029],[120.30556320500011,14.853599336000059],[120.30585704900011,14.854232644000035],[120.3060989490001,14.854735514000026],[120.30626782900003,14.855086587000073],[120.30653451,14.855472078000048],[120.30656990400007,14.855804157000023],[120.30692228400005,14.856757978000076],[120.30699932400012,14.857206020000035],[120.30687409600012,14.857517855000026],[120.30671103600002,14.858151441000075],[120.30634533900002,14.859567944000048],[120.30636357200001,14.859877855000036],[120.30635328400001,14.860684031000062],[120.3061904440001,14.861634645000038],[120.30606252700011,14.86349593400007],[120.30616064200001,14.86381166700005],[120.30642273300009,14.864041464000024],[120.30674358400006,14.864055517000054],[120.30713976200002,14.863999331000059],[120.30774011800008,14.863880459000029],[120.30823188200009,14.863855515000068],[120.3090149520001,14.86389874400004],[120.30944341800011,14.86420963300003],[120.30983205100006,14.864506242000061],[120.30988229200011,14.864654208000047],[120.30978923000009,14.86482075500004],[120.30958197100006,14.86496326200006],[120.30953814200006,14.86522958200004],[120.30962345900002,14.86552400200003],[120.30957522400001,14.865680458000043],[120.30969958800006,14.86582215900006],[120.3099575650001,14.866019258000051],[120.31007098100008,14.866134033000037],[120.31016591900004,14.86629626000007],[120.31017741400001,14.866480026000033],[120.3101019930001,14.86661520000007],[120.30988344900004,14.866879047000054],[120.30972814200004,14.86720450000007],[120.3096329650001,14.867653069000028],[120.30974147000006,14.868169876000024],[120.30980871500003,14.868426531000068],[120.30995246300006,14.868635332000053],[120.31003531400006,14.86904301800007],[120.31007265500011,14.869760721000034],[120.31019336500003,14.869996682000021],[120.31046862300002,14.87020504700007],[120.3105392760001,14.870386262000068],[120.31048218300009,14.870761369000036],[120.310458745,14.87113525500007],[120.31056268900011,14.871661489000076],[120.31068420200006,14.872068306000074],[120.31078079500003,14.872249087000057],[120.31087814800003,14.872584935000077],[120.31093364500009,14.872979790000045],[120.31096384600005,14.873561254000037],[120.31103314500001,14.874008179000043],[120.31124217800004,14.874297869000031],[120.3113300550001,14.874627058000044],[120.31140456700007,14.875131742000065],[120.31102172800001,14.875333693000073],[120.31061595000006,14.876550953000049],[120.31035463500007,14.87704272600007],[120.31043153600001,14.877299637000021],[120.31029072500007,14.877564850000056],[120.30997299800003,14.877671839000072],[120.30978567900002,14.877963803000057],[120.30970945100012,14.87833833700006],[120.30957059200011,14.878584146000037],[120.30925806300002,14.878700207000065],[120.30901165700004,14.878849488000071],[120.30893614400009,14.879046322000022],[120.30890793600008,14.879226065000069],[120.30872208100004,14.879457736000063],[120.30839319300003,14.879620414000044],[120.30806504100008,14.879733548000047],[120.30783252000003,14.880059091000078],[120.30771909600003,14.880438965000053],[120.30742998000005,14.881222645000037],[120.3072654020001,14.881653872000072],[120.3070713190001,14.882197800000029],[120.30678079600011,14.88260305600005],[120.30651922100003,14.883003622000047],[120.30646869500004,14.883333790000052],[120.30656310300003,14.883505372000059],[120.30639724800005,14.883889233000048],[120.30632921900008,14.88451886100006],[120.30620819,14.884887090000063],[120.30608736700003,14.885134863000076],[120.3058573730001,14.885367073000054],[120.3058019240001,14.88558148800007],[120.30583387000001,14.885942746000069],[120.30589416300006,14.886218029000077],[120.30588286400007,14.886447732000022],[120.3058559530001,14.886867012000039],[120.30576571000006,14.887096713000062],[120.30576643600011,14.887123342000052],[120.30592752100006,14.887400737000064],[120.30604981500005,14.887808419000066],[120.30622470600008,14.887936602000025],[120.3062751220001,14.888253167000073],[120.30637863700008,14.888808784000048],[120.3064893190001,14.888998572000048],[120.3066297150001,14.889199844000075],[120.30678513500004,14.889336960000037],[120.306912882,14.889458266000076],[120.30692330300008,14.889590218000023],[120.30683652200003,14.889755584000056],[120.30681971400008,14.889926230000071],[120.3068943070001,14.889993454000034],[120.30696988000011,14.890145552000035],[120.30698147400005,14.890235655000026],[120.30697911100003,14.890408806000039],[120.30711892300008,14.890687521000075],[120.30712802500011,14.890895055000044],[120.30700664400001,14.891269968000074],[120.3067366030001,14.891544517000057],[120.30656707000003,14.891725910000048],[120.3064825560001,14.891971177000073],[120.3063890300001,14.89211027500005],[120.30645577900009,14.892342131000078],[120.30663344000004,14.892558902000076],[120.30660624900008,14.892779139000027],[120.30674466500011,14.893292983000038],[120.30721947000006,14.894072637000022],[120.30804102500008,14.894313126000043],[120.30832264300011,14.89485708500007],[120.30956740200008,14.896537243000068],[120.30982703000006,14.897091515000056],[120.3103299920001,14.911775680000062],[120.30655476000004,14.905548518000046],[120.3004423210001,14.898059930000045],[120.29861498700006,14.893422188000045],[120.29829298600009,14.890542225000047],[120.2981913210001,14.890260399000056],[120.29802538800004,14.890064044000042],[120.29786688900003,14.889908998000067],[120.29768486800003,14.889588007000043],[120.29767419600012,14.888816893000069],[120.29788312900007,14.888120827000023],[120.29801720000012,14.887779669000054],[120.2980254900001,14.887509779000027],[120.29775830100004,14.88718940700005],[120.297440918,14.88670247400006],[120.29738903000009,14.886581892000038],[120.29746796400002,14.886331177000045],[120.29750562000004,14.885667646000059],[120.29766105300007,14.885362884000074],[120.29800343400007,14.885007450000046],[120.29800804600006,14.884772901000076],[120.29786260700007,14.884582487000046],[120.2975700500001,14.884356129000025],[120.29740684300009,14.884113581000065],[120.29733548700005,14.883873007000034],[120.29743903100007,14.88364100900003],[120.29759127400007,14.883434135000073],[120.29767308300006,14.883237996000048],[120.29767879200006,14.88311264500004],[120.29759893700009,14.883026113000028],[120.29741794800009,14.882873897000024],[120.2972326250001,14.882653358000027],[120.29722771800004,14.882302218000063],[120.29719935000003,14.881904022000072],[120.29725549900002,14.881428477000043],[120.29728157000011,14.881182954000053],[120.29723127900002,14.880952663000073],[120.29710853400002,14.880728821000048],[120.29711888000008,14.880427774000054],[120.29706573800001,14.880069372000037],[120.29694900900006,14.879860158000042],[120.29671096900006,14.879692878000071],[120.29603721100011,14.87945866900003],[120.2959305930001,14.879282137000075],[120.29605019200005,14.878965770000036],[120.296066687,14.878821467000023],[120.2960810840001,14.878689009000027],[120.29620487900002,14.87826261400005],[120.29620678800006,14.878132626000024],[120.29622078900002,14.877453959000036],[120.29619497600004,14.87708222200007],[120.29598682200003,14.876887923000027],[120.29592434300002,14.876829262000058],[120.29576544700001,14.876648837000062],[120.29558217100009,14.876273886000035],[120.29554817700011,14.875925857000027],[120.29556125600004,14.875573789000043],[120.2955712800001,14.875360371000056],[120.29578398800004,14.874787879000053],[120.29576146600004,14.874375207000071],[120.29564154400009,14.874212473000057],[120.29539892800005,14.873802969000053],[120.29534463300001,14.873701781000022],[120.29504118400007,14.873032632000047],[120.29494602800003,14.872731323000039],[120.29483910600004,14.87212622100003],[120.29488665500003,14.871963470000026],[120.29494671300006,14.87174116500006],[120.29499942100006,14.871331954000027],[120.29499039100006,14.87115091000004],[120.29495097400002,14.870977004000054],[120.2948891640001,14.87057859500004],[120.2948305320001,14.870160675000022],[120.29481083200005,14.869958379000025],[120.29477586300004,14.869603454000071],[120.29475032900007,14.869406336000054],[120.29472242800011,14.869120297000052],[120.29467170400005,14.868959221000068],[120.29461906600011,14.868740152000044],[120.29453513200008,14.868161199000042],[120.29454785200005,14.867657208000026],[120.2945312490001,14.86713947100003],[120.29448915700004,14.866873221000048],[120.29439908400002,14.866578048000065],[120.29431216100011,14.866150486000038],[120.29418957100006,14.865698021000071],[120.29414717400005,14.865576323000028],[120.29409596800008,14.865407877000052],[120.29396108100002,14.864933938000036],[120.29395361500008,14.864418109000042],[120.2939211910001,14.864194822000059],[120.29387401200006,14.863869933000046],[120.29379808300007,14.863500480000027],[120.29360866100001,14.863232448000076],[120.29351867600008,14.862836782000045],[120.29353727300008,14.862633027000072],[120.29356274000008,14.862251214000025],[120.29360248800003,14.861858341000072],[120.29346658000009,14.861687584000038],[120.29330038800003,14.86143121200007],[120.29314516600004,14.86123955100004],[120.29301049800006,14.860972546000028],[120.2929759860001,14.860731999000052],[120.29296474600005,14.860610015000077],[120.29274451800006,14.860241133000045],[120.29251065800008,14.860083469000074],[120.29242787900012,14.859997446000023],[120.29208388900008,14.859572386000025],[120.29194031000009,14.859224790000042],[120.29180703100008,14.858699903000058],[120.29177264400005,14.858365985000034],[120.29180147700004,14.858133819000045],[120.29189469100004,14.857889687000068],[120.29188732900002,14.85760257000004],[120.29182076200004,14.857228699000075],[120.29168174600011,14.856955055000071],[120.29149653000002,14.856680848000053],[120.29117860200006,14.856388692000053],[120.29090979500006,14.856181875000061],[120.29079125900012,14.856011759000069],[120.29067457100007,14.855598139000051],[120.29060803800007,14.85514151600006],[120.2906150550001,14.854986863000022],[120.29048456500004,14.854792799000052],[120.29026551900006,14.854580909000049],[120.29012948400009,14.854331416000036],[120.29009419300007,14.854245199000047],[120.28999090500008,14.853992864000077],[120.28994676400009,14.853737594000052],[120.289907502,14.853543545000036],[120.28989097300007,14.853294150000067],[120.28972571800011,14.852871261000075],[120.28968433800003,14.852675720000036],[120.28964892900001,14.85248824100006],[120.28952132600011,14.852338878000069],[120.28941071700001,14.851998078000065],[120.28930891700008,14.851711027000022],[120.28917504700007,14.851561966000077],[120.28893365900001,14.851387806000048],[120.28873593000003,14.851297745000068],[120.2885575360001,14.851186549000033],[120.288313259,14.85100331800004],[120.28823787800002,14.850789716000065],[120.28826711900001,14.850417285000049],[120.28825376500004,14.85022476000006],[120.28813027500007,14.849872276000042],[120.28801767800007,14.849629685000025],[120.28793498300001,14.849551567000049],[120.28779637800005,14.84954760100004],[120.2876758000001,14.849606378000033],[120.28761316700002,14.849740195000038],[120.28757204500005,14.849879557000065],[120.28748840600008,14.849949856000023],[120.28739627800007,14.849933923000037],[120.28734187400005,14.84980272200005],[120.28731233200006,14.84962719300006],[120.28731116100005,14.849579808000044],[120.28730448800002,14.849427885000068],[120.28723458900004,14.84932019100006],[120.28707932100008,14.849109847000022],[120.28685299300002,14.848920887000077],[120.28666953700008,14.848755961000052],[120.28654447000008,14.848594501000036],[120.28655503700008,14.848421915000074],[120.2866677180001,14.848187584000073],[120.2866658590001,14.848027118000061],[120.28662041900009,14.847920011000042],[120.28647659100011,14.847758763000058],[120.28633224200007,14.847635920000073],[120.28621875200008,14.847483234000038],[120.2861363510001,14.847300619000066],[120.28618407800002,14.847166593000054],[120.28628057200001,14.847101677000069],[120.2864995760001,14.847103180000033],[120.2867277260001,14.847152596000058],[120.28692204100003,14.847157009000057],[120.28704870800004,14.847119187000033],[120.2871601700001,14.847051457000077],[120.28724133300011,14.846926832000065],[120.28726696700005,14.846819584000059],[120.28720634900003,14.846705598000028],[120.28707440300002,14.846626781000055],[120.28702309800008,14.84660225700003],[120.28665744500006,14.846427467000069],[120.28605967300007,14.846143228000074],[120.28628717100003,14.84576031100005],[120.28641001400001,14.845553546000076],[120.28648316300007,14.845181368000055],[120.2865246130001,14.84484290100005],[120.28657043300007,14.844487719000028],[120.28663207000011,14.844283060000066],[120.28683093200004,14.844149989000073],[120.28700290400002,14.844050476000064],[120.28727764500002,14.84399766200005],[120.2877012990001,14.84412608100007],[120.28805103800005,14.84431700700003],[120.28850760000012,14.84471841800007],[120.2890934290001,14.845183263000024],[120.2895720570001,14.845504920000053],[120.29003911200004,14.845608601000038],[120.290371359,14.845647314000075],[120.29095639800005,14.845755388000043],[120.29121895500009,14.845920106000051],[120.2915444890001,14.846285903000023],[120.29202475200009,14.846798462000038],[120.29238979500008,14.847084794000068],[120.29298317500002,14.847245616000066],[120.2931481060001,14.847286864000068],[120.29363890200011,14.847409610000057],[120.29406069400011,14.847535484000048],[120.2945876330001,14.847658957000021],[120.29513105000001,14.847715676000064],[120.29545010600009,14.84767479900006],[120.2958664360001,14.847699181000053],[120.29623927600005,14.847857584000053],[120.29647391600008,14.848262746000046],[120.29656505000003,14.84847181200007],[120.29689642900007,14.849163850000025]]]},"properties":{"ADM4_EN":"Santa Rita","ADM4_PCODE":"PH0307107018","ADM4_REF":"","ADM3_EN":"Olongapo City","ADM3_PCODE":"PH0307107","ADM2_EN":"Zambales","ADM2_PCODE":"PH03071","ADM1_EN":"Region III (Central Luzon)","ADM1_PCODE":"PH03","ADM0_EN":"Philippines (the)","ADM0_PCODE":"PH","date":"2022-11-09T00:00:00.000Z","validOn":"2023-11-06T00:00:00.000Z","validTo":"1899-11-30T00:00:00.000Z","Shape_Leng":0.16948689079,"Shape_Area":0.000702193695088,"AREA_SQKM":8.36115913032}},
{"type":"Feature","geometry":{"type":"Polygon","coordinates":[[[120.29796511300003,14.848072344000059],[120.29768537900009,14.848422760000062],[120.29766347500004,14.84845030200006],[120.29764011500004,14.848476523000045],[120.29750306400001,14.848628338000026],[120.2972507720001,14.848857968000061],[120.29689642900007,14.849163850000025],[120.29656505000003,14.84847181200007],[120.29647391600008,14.848262746000046],[120.29623927600005,14.847857584000053],[120.2958664360001,14.847699181000053],[120.29545010600009,14.84767479900006],[120.29513105000001,14.847715676000064],[120.2945876330001,14.847658957000021],[120.29406069400011,14.847535484000048],[120.29363890200011,14.847409610000057],[120.2931481060001,14.847286864000068],[120.29298317500002,14.847245616000066],[120.29238979500008,14.847084794000068],[120.29202475200009,14.846798462000038],[120.2915444890001,14.846285903000023],[120.29121895500009,14.845920106000051],[120.29095639800005,14.845755388000043],[120.290371359,14.845647314000075],[120.29003911200004,14.845608601000038],[120.2895720570001,14.845504920000053],[120.2890934290001,14.845183263000024],[120.28850760000012,14.84471841800007],[120.28805103800005,14.84431700700003],[120.2877012990001,14.84412608100007],[120.28727764500002,14.84399766200005],[120.28700290400002,14.844050476000064],[120.28683093200004,14.844149989000073],[120.28663207000011,14.844283060000066],[120.28657043300007,14.844487719000028],[120.2865246130001,14.84484290100005],[120.28648316300007,14.845181368000055],[120.28641001400001,14.845553546000076],[120.28628717100003,14.84576031100005],[120.28605967300007,14.846143228000074],[120.28550812600008,14.846476799000072],[120.28484828600006,14.846534870000028],[120.28423584200004,14.846362640000052],[120.28374315200006,14.845882698000025],[120.28355003900003,14.845370641000045],[120.28339375000007,14.84453165900004],[120.28336094000008,14.844393448000062],[120.28313360800007,14.843435825000029],[120.28310611400002,14.843311457000027],[120.28242713800012,14.841814351000039],[120.2821593860001,14.84122397300007],[120.28160906400001,14.839665468000021],[120.28117306400009,14.838401440000041],[120.28202784100006,14.837839089000056],[120.2823764310001,14.837917697000023],[120.28299667900001,14.838067515000034],[120.2832163060001,14.83804391600006],[120.28336475200001,14.838166960000024],[120.28361601600011,14.838376080000046],[120.28429973400011,14.838843035000025],[120.28428442400002,14.838893119000033],[120.2842961990001,14.838934098000038],[120.28435625400004,14.838958003000073],[120.28439746800007,14.838953451000066],[120.28495294700008,14.839474589000076],[120.28580423000005,14.84025779500007],[120.28601755400007,14.840463839000051],[120.28611909200004,14.840570032000073],[120.28650726500007,14.840940792000026],[120.28664491800009,14.841086950000033],[120.28684608900005,14.841280847000064],[120.28756646400007,14.841940065000074],[120.28802539900005,14.842383514000062],[120.28823334800006,14.842584486000021],[120.28848416000005,14.84282047000005],[120.28947190500003,14.843749880000075],[120.28991356300003,14.844172869000033],[120.29055393200008,14.844796689000077],[120.29085147900003,14.845077484000058],[120.29095126400011,14.845166267000025],[120.29182155100011,14.845956602000058],[120.29267680900011,14.846671582000056],[120.29298712800005,14.846886351000023],[120.29327321800008,14.847012991000042],[120.29374963800001,14.847111504000054],[120.29507031100002,14.847247373000073],[120.29533618500011,14.847284032000061],[120.29588807500011,14.847388015000035],[120.29644708500007,14.847494695000023],[120.29673240600005,14.847565210000027],[120.29726604100006,14.847708244000046],[120.29796511300003,14.848072344000059]]]},"properties":{"ADM4_EN":"West Bajac-bajac","ADM4_PCODE":"PH0307107019","ADM4_REF":"","ADM3_EN":"Olongapo City","ADM3_PCODE":"PH0307107","ADM2_EN":"Zambales","ADM2_PCODE":"PH03071","ADM1_EN":"Region III (Central Luzon)","ADM1_PCODE":"PH03","ADM0_EN":"Philippines (the)","ADM0_PCODE":"PH","date":"2022-11-09T00:00:00.000Z","validOn":"2023-11-06T00:00:00.000Z","validTo":"1899-11-30T00:00:00.000Z","Shape_Leng":0.0470171733159,"Shape_Area":0.0000402620140736,"AREA_SQKM":0.479472293664}},
{"type":"Feature","geometry":{"type":"Polygon","coordinates":[[[120.28202784100006,14.837839089000056],[120.28117306400009,14.838401440000041],[120.28025375800007,14.836960159000057],[120.28025296300007,14.836307064000039],[120.2802381680001,14.836261628000045],[120.2800529540001,14.835433600000044],[120.27964420600006,14.835519451000039],[120.27945342600003,14.834911199000032],[120.27934653200009,14.834476976000076],[120.27943025200011,14.834429232000048],[120.27936364800007,14.834311926000055],[120.27916613400009,14.833836098000063],[120.27997491700012,14.833712973000047],[120.27994795600011,14.833236192000072],[120.27984839500004,14.833207787000049],[120.27976483500004,14.833147495000048],[120.27957022100009,14.832878533000041],[120.27950490900002,14.832792377000033],[120.27944515500008,14.832714558000077],[120.27932014300006,14.832543892000047],[120.2791156620001,14.832133490000047],[120.27891013400006,14.831723199000066],[120.27861330600001,14.830850041000076],[120.27849371400009,14.830209850000074],[120.278390564,14.829611319000037],[120.2782704010001,14.82897977600004],[120.27888744900008,14.82875279600006],[120.27982060800002,14.828438108000057],[120.27990065300003,14.828897703000052],[120.27993277900009,14.829061103000072],[120.28005176400006,14.829580797000062],[120.28011460800008,14.829813925000053],[120.2802187420001,14.830184850000023],[120.28044926200005,14.830974258000026],[120.28049229900012,14.83102484400007],[120.2804855390001,14.831081041000061],[120.28049728100007,14.831130452000025],[120.28054832400005,14.831160787000044],[120.28055894600004,14.831231470000034],[120.28067598000007,14.831808488000036],[120.28072407900004,14.83205719600005],[120.2807321900001,14.832092182000054],[120.28072724800006,14.83245620100007],[120.28072306800004,14.833129375000055],[120.28072588900011,14.833205943000053],[120.28087941100011,14.833559487000059],[120.28109834600002,14.833841697000025],[120.28123000800008,14.834231184000032],[120.28122083200003,14.834381147000045],[120.28122037300011,14.834501759000034],[120.28124350700011,14.835133847000066],[120.28129069600004,14.836217344000033],[120.28129265600012,14.836302708000062],[120.28131320600005,14.836754725000048],[120.28132413100002,14.83702235100003],[120.28140551400008,14.837248901000066],[120.2817200400001,14.837599240000031],[120.28206805700006,14.837700759000029],[120.28202784100006,14.837839089000056]]]},"properties":{"ADM4_EN":"West Tapinac","ADM4_PCODE":"PH0307107020","ADM4_REF":"","ADM3_EN":"Olongapo City","ADM3_PCODE":"PH0307107","ADM2_EN":"Zambales","ADM2_PCODE":"PH03071","ADM1_EN":"Region III (Central Luzon)","ADM1_PCODE":"PH03","ADM0_EN":"Philippines (the)","ADM0_PCODE":"PH","date":"2022-11-09T00:00:00.000Z","validOn":"2023-11-06T00:00:00.000Z","validTo":"1899-11-30T00:00:00.000Z","Shape_Leng":0.0242434929224,"Shape_Area":0.0000137956326673,"AREA_SQKM":0.164296757764}},
{"type":"Feature","geometry":{"type":"MultiPolygon","coordinates":[[[[120.22594739800002,14.764984253000023],[120.22594922000008,14.764996591000056],[120.22595286600006,14.765005405000068],[120.22596015500005,14.765040659000022],[120.22596015500005,14.765056523000055],[120.22596197700011,14.765065337000067],[120.22596197600001,14.765119980000065],[120.22596379800007,14.765127032000066],[120.22596379700008,14.765160523000077],[120.22596562000001,14.765169337000032],[120.22596379700008,14.765174625000043],[120.22596561900002,14.765186963000076],[120.22596561800003,14.76522574300003],[120.22596196900008,14.765271573000064],[120.22596014600003,14.765276861000075],[120.22596014600003,14.765312115000029],[120.22597319700003,14.765345271000058],[120.22597502000008,14.765361135000035],[120.2259841340001,14.765403441000046],[120.22599142500007,14.765419305000023],[120.22599324700002,14.765428119000035],[120.22599689300012,14.765433407000046],[120.22600236100004,14.765451034000023],[120.22601329600002,14.765472187000057],[120.22602970300011,14.765489815000024],[120.2260333480001,14.765496865000046],[120.22603517100004,14.765503916000057],[120.226029702,14.765509204000068],[120.22602241000004,14.765509204000068],[120.22601511800008,14.765505679000057],[120.22600965000004,14.765500391000046],[120.22596590300009,14.765440456000022],[120.22592944700011,14.765394625000056],[120.22591304200012,14.765369947000067],[120.2259039280001,14.765347031000033],[120.22589299100002,14.765311778000068],[120.22588752400009,14.765288862000034],[120.22588752400009,14.765283573000033],[120.22586977800006,14.765256839000074],[120.22586795600012,14.765249788000062],[120.22586431000002,14.765244500000051],[120.22585884400007,14.76517751700004],[120.225840618,14.765092906000064],[120.22582239000008,14.765054126000052],[120.225811453,14.76503826100003],[120.22579322500007,14.765020633000063],[120.22576223500005,14.764997717000028],[120.22575129900008,14.764994191000028],[120.22574400700012,14.764988902000027],[120.22570572600011,14.764971274000061],[120.22566380100011,14.76496598500006],[120.22559999900011,14.764965981000046],[120.22558541600006,14.764967745000035],[120.22556354100004,14.764967743000057],[120.22553437500005,14.764960691000056],[120.22550520900006,14.764946588000043],[120.22549244900006,14.764937774000032],[120.22547422100001,14.764921909000066],[120.22545417000003,14.764893705000077],[120.22544505700012,14.764872552000043],[120.22543412000005,14.764835535000032],[120.22542136200002,14.764812620000043],[120.22541042500006,14.764800280000031],[120.22539219600003,14.764789703000076],[120.22537396700011,14.764784414000076],[120.22535391600002,14.764780888000075],[120.22531381300007,14.764766785000063],[120.22529558400004,14.76475268300004],[120.22528464800007,14.764742106000028],[120.2252773570001,14.764729767000063],[120.22527006600001,14.76472095400004],[120.22525183800008,14.764687461000051],[120.22524637100003,14.764662784000052],[120.22524454800009,14.76465397000004],[120.22524454900008,14.764634580000063],[120.22524819500006,14.764609903000064],[120.22524819800003,14.76456054700003],[120.22523908700009,14.764504936000037],[120.22522632700009,14.764478495000048],[120.2252226820001,14.764466156000026],[120.22521721500004,14.764434427000026],[120.2252153930001,14.764413274000049],[120.22520628000007,14.76438507100005],[120.22519898900009,14.764367443000026],[120.22516800200003,14.764307510000037],[120.22515706500008,14.764277545000027],[120.22514066100007,14.764249340000049],[120.22513337100008,14.764233475000026],[120.22510785200006,14.764192932000071],[120.22509144600008,14.764173542000037],[120.22505499100009,14.764138287000037],[120.22504769900002,14.764132998000036],[120.22501306600009,14.764095980000036],[120.22498572400002,14.764071301000058],[120.22494744500011,14.76404133400007],[120.22492557100009,14.764027231000057],[120.22491281000009,14.764016655000034],[120.22490187500011,14.764009603000034],[120.22488182200004,14.764000789000022],[120.22486177200005,14.763995500000021],[120.22482895900009,14.763990211000078],[120.22479797100004,14.763977872000055],[120.2247797440001,14.763967294000054],[120.22477245100004,14.763960243000042],[120.2247669840001,14.76395142900003],[120.2247633390001,14.763942615000076],[120.22475787100007,14.76391793700003],[120.22474146700006,14.763880920000076],[120.22473782100008,14.763877394000076],[120.22473235200005,14.763865055000053],[120.22471959400002,14.763847429000066],[120.22470318800003,14.763828038000042],[120.22467037700005,14.763806884000076],[120.2246138700001,14.76377515400003],[120.22459017400001,14.763754000000063],[120.2245847050001,14.763746949000051],[120.22455736400002,14.763725795000028],[120.22455371700005,14.763725795000028],[120.22454095800003,14.763718745000062],[120.22446622100006,14.76369582500007],[120.22445346100005,14.763685249000048],[120.22444799300001,14.763678199000026],[120.22444434800002,14.76366233300007],[120.22444434900001,14.763651758000037],[120.2244479950001,14.76363060600005],[120.22445893300005,14.763607690000072],[120.22447898600001,14.76357596300005],[120.22451909200004,14.763533660000064],[120.22453732100007,14.76351955900003],[120.22456284300006,14.763496645000032],[120.22458289500003,14.763482544000055],[120.22459383300009,14.763470206000022],[120.22464775000003,14.763394087000052],[120.22465686500004,14.763376459000028],[120.22468238700003,14.763335918000053],[120.22469879500011,14.763297141000066],[120.22471337900004,14.763270700000078],[120.22474801600004,14.763224871000034],[120.22475713100005,14.763216059000058],[120.22477536100007,14.76319138100007],[120.22480635000011,14.763156128000048],[120.22483734200011,14.763113825000062],[120.22487744600005,14.763069760000064],[120.22489749900001,14.763050371000077],[120.2249102610001,14.763034507000043],[120.22491755200008,14.763029219000032],[120.22494489600001,14.763001017000022],[120.2249613030001,14.762986916000045],[120.22497953300001,14.762965764000057],[120.22499229200002,14.76295519000007],[120.224995938,14.76294813800007],[120.22502510700008,14.76292169900006],[120.2250469820001,14.762907598000027],[120.22506703300007,14.762902311000062],[120.22507614800008,14.762902311000062],[120.22509255300008,14.762904075000051],[120.22511989600002,14.762911127000052],[120.2251563530001,14.762930518000076],[120.22521103800011,14.762969300000066],[120.2252146830001,14.762974588000077],[120.22522744300011,14.762983402000032],[120.22523108900009,14.762988690000043],[120.22524931700002,14.763002793000055],[120.2252602530001,14.763015132000078],[120.22527848200002,14.763030997000044],[120.22530400100004,14.763059202000022],[120.22533863300009,14.763103270000045],[120.22534957000005,14.763113847000056],[120.22538238000004,14.763156153000068],[120.2254170120001,14.763207272000045],[120.22545164400003,14.763279544000056],[120.225458935,14.763298934000034],[120.22547533900001,14.763332426000034],[120.22547716200006,14.763339477000045],[120.22548992100008,14.763362392000033],[120.22549356600007,14.763372970000034],[120.22550632500008,14.763397647000033],[120.22551726100005,14.763424088000022],[120.22553366500006,14.763455817000022],[120.2255391330001,14.763462869000023],[120.22557376500004,14.763531614000044],[120.22557923400007,14.763536903000045],[120.22559381600001,14.763561581000033],[120.2256047520001,14.763575683000056],[120.22563756200009,14.763626802000033],[120.22566125900005,14.763656770000068],[120.22566854900003,14.763669108000045],[120.22567401800006,14.763674396000056],[120.22569406800005,14.763711414000056],[120.22570682600008,14.763741380000056],[120.22572140900002,14.763769584000045],[120.22573416800003,14.763785448000021],[120.22574875100008,14.763810127000056],[120.2257578650001,14.763818940000021],[120.2257742700001,14.763840093000056],[120.22581619400012,14.76388785000006],[120.22583989000009,14.763924867000071],[120.22585994000008,14.763970699000026],[120.22586540700001,14.76398832600006],[120.22586540700001,14.763995376000025],[120.2258726980001,14.76402181700007],[120.22587998800009,14.764062360000025],[120.22587998400002,14.764148732000024],[120.22587633800003,14.76417693600007],[120.22587633700005,14.764189274000046],[120.22587269000007,14.764210426000034],[120.22585992800009,14.764268595000033],[120.2258508110001,14.764298560000043],[120.22584351900002,14.764330288000053],[120.22583440200003,14.764384931000052],[120.2258325790001,14.76440608400003],[120.22581981500002,14.764474828000061],[120.22581981400003,14.764485404000027],[120.22581616900004,14.76450479400006],[120.22581616600007,14.764568251000071],[120.225817989,14.764578827000037],[120.22581798800002,14.76459821800006],[120.22582345500007,14.764642284000047],[120.22583074500005,14.764682827000058],[120.22583985800009,14.764712793000058],[120.22585808600002,14.764746286000047],[120.22586537600012,14.764763912000035],[120.2258690220001,14.764778013000068],[120.22587266700009,14.764783303000058],[120.22587631300007,14.764795641000035],[120.22588907200009,14.764825608000024],[120.22589636300006,14.764837946000057],[120.22590729900003,14.764864387000046],[120.225918234,14.764883778000069],[120.22592917100008,14.764919031000034],[120.22593281700006,14.764926083000034],[120.22593281700006,14.764933133000056],[120.22594739800002,14.764984253000023]]],[[[120.22398855900008,14.775514972000053],[120.22394906500006,14.775518607000038],[120.22384187000011,14.775516784000047],[120.22379825000007,14.77550814600005],[120.22378132400002,14.775513601000057],[120.22376251800006,14.775517237000031],[120.22374559200011,14.775515418000055],[120.22370986100009,14.775500868000051],[120.22367037000004,14.775477227000067],[120.2236289980001,14.775446312000042],[120.22358010500011,14.775402667000037],[120.223553777,14.77538448200005],[120.22353497100005,14.775375389000033],[120.22351428500008,14.775360842000055],[120.22350300200003,14.775355385000069],[120.22347103300001,14.775333562000071],[120.22343154200007,14.775302647000046],[120.22333563600012,14.775218995000046],[120.22331306900003,14.77519535600004],[120.22328110100011,14.775168077000046],[120.22321340300005,14.775089881000042],[120.22318895700005,14.775055330000043],[120.22317015300007,14.775022599000067],[120.22316451200004,14.774998958000026],[120.22316451500001,14.774955317000035],[120.22317392000002,14.774902582000038],[120.22317580000004,14.774900764000051],[120.22317956300003,14.774882580000053],[120.22318332500004,14.774875308000048],[120.22319272800007,14.774846212000057],[120.2232077760001,14.774811663000037],[120.22324351000009,14.77474438400003],[120.22325855800011,14.774702561000026],[120.22328112800005,14.774653465000029],[120.22333002900007,14.774533451000025],[120.22333191000007,14.774522541000067],[120.2233413140001,14.774500720000049],[120.22335260000011,14.774457080000047],[120.22336952800003,14.774406165000073],[120.22338457400008,14.774367978000043],[120.22339021800008,14.774346157000025],[120.2233977410001,14.77432615500004],[120.2234015040001,14.774306152000065],[120.223410908,14.774277058000052],[120.22342031300002,14.774237053000036],[120.22342219500001,14.774218869000038],[120.22342407400004,14.774215232000074],[120.22342407500003,14.774207958000034],[120.22342971900002,14.774180682000065],[120.22345229000007,14.774103000000025],[120.22345229200005,14.774068450000073],[120.22345417400004,14.774048447000041],[120.22345981700005,14.774017534000052],[120.22345981700005,14.774008442000024],[120.22346357900005,14.773995714000023],[120.22346358000004,14.773984803000076],[120.22346922300005,14.77396116400007],[120.22347298600005,14.773924796000074],[120.22348239100006,14.773877517000074],[120.22348239200005,14.773868425000046],[120.22348991600006,14.77383205700005],[120.22350120300007,14.77375386600005],[120.22350684500009,14.773728408000068],[120.22351060900007,14.77370658700005],[120.22351060900007,14.773695678000024],[120.22351437100008,14.773679311000024],[120.22351437200007,14.773668401000066],[120.22352189600008,14.773617485000045],[120.22352754100007,14.773553841000023],[120.22353130300007,14.773528383000041],[120.22353506900004,14.773459285000058],[120.22354447600003,14.773381092000022],[120.22358209600009,14.773222892000035],[120.22358209600009,14.773215619000041],[120.2235896200001,14.773175613000035],[120.22359150200009,14.773148338000055],[120.2235971450001,14.773115605000044],[120.22361595500001,14.773049316000026],[120.22361595500001,14.773040224000056],[120.22362536100002,14.772983854000074],[120.22362724300001,14.772956577000059],[120.22362724800007,14.772831107000059],[120.22363101200006,14.772794739000062],[120.22363289300006,14.772785646000045],[120.22363853600007,14.772772918000044],[120.22364229800007,14.772754734000046],[120.2236517020001,14.772723821000056],[120.22366298700001,14.772694727000044],[120.22366674800003,14.772680180000066],[120.22369308000009,14.772620173000064],[120.22371000700002,14.772587443000077],[120.22372505400006,14.772551075000024],[120.22375890900003,14.772456519000059],[120.22376831200006,14.772421970000039],[120.22377960000006,14.772352870000077],[120.22377960300003,14.772305591000077],[120.22377772300001,14.772283770000058],[120.2237720820001,14.772258312000076],[120.22376080000004,14.772220124000057],[120.22375704000001,14.772212850000074],[120.22374763900007,14.772176483000067],[120.22374387900004,14.772158297000033],[120.22373448000008,14.77208556000005],[120.22373448300004,14.772036463000063],[120.22374012600005,14.771995464000042],[120.22373636600003,14.771979098000031],[120.22373448500002,14.771960914000033],[120.22373449000008,14.77188817700005],[120.22373260900008,14.77187544800006],[120.22372696900004,14.771855445000028],[120.22370628500005,14.77179725600007],[120.22370064500001,14.77177361500003],[120.22369500500008,14.771737247000033],[120.22369500900004,14.771657236000067],[120.22369689000004,14.77165178100006],[120.22369877200003,14.771624505000034],[120.22371005900004,14.771549950000065],[120.22371006000003,14.77153904000005],[120.22371758400004,14.771486306000043],[120.22371758400004,14.771475396000028],[120.22372699000005,14.771415388000037],[120.2237269950001,14.771333559000027],[120.2237251140001,14.771319012000049],[120.22372511700007,14.771286281000073],[120.22372323700006,14.771271733000049],[120.22372323800005,14.771231729000021],[120.22372135900002,14.771217180000065],[120.22372136000001,14.771198996000066],[120.22371572000009,14.771166264000044],[120.22371007900006,14.771148080000046],[120.22369691600011,14.771128077000071],[120.22368375300005,14.771113529000047],[120.22365366500003,14.771086252000032],[120.22363486100005,14.77106079300006],[120.22363110000003,14.77105351800003],[120.22362546000011,14.771033515000056],[120.2236254610001,14.771008058000064],[120.2236311040001,14.770975326000041],[120.22363862800012,14.770953506000069],[120.22365743500006,14.770911713000032],[120.22366119700007,14.770898984000041],[120.22366119700007,14.770893530000023],[120.22367436400009,14.770846251000023],[120.22368941100001,14.770782607000058],[120.22369129300012,14.770766241000047],[120.22369505500001,14.770753512000056],[120.22369505500001,14.770738965000078],[120.22369693700011,14.77072623600003],[120.2236969380001,14.770688049000057],[120.22369505800009,14.770680775000073],[120.22369505900008,14.770660773000031],[120.22368754000001,14.77060076500004],[120.22368754100012,14.770586217000073],[120.22367250100001,14.770484385000032],[120.2236706220001,14.770453472000042],[120.22367062400008,14.770413467000026],[120.22368003100007,14.770307999000067],[120.22368003200006,14.770295270000076],[120.22367627300002,14.770273449000058],[120.2236762770001,14.77020434900004],[120.2236781580001,14.770187983000028],[120.2236819200001,14.770171619000052],[120.2236819200001,14.770164344000023],[120.22368568200011,14.770153434000065],[120.22369132500012,14.770124339000063],[120.22370825200005,14.770077061000052],[120.22372141900007,14.77002978300004],[120.22373270600008,14.769947955000077],[120.22373834900009,14.769929771000022],[120.2237439920001,14.769890619000023],[120.22377784700006,14.769803337000042],[120.22378160900007,14.76978697100003],[120.22378537000009,14.76977787900006],[120.2237966560001,14.769726964000029],[120.22380982300001,14.76965240900006],[120.22381546800011,14.769594220000045],[120.22381923300009,14.769528757000046],[120.2238267570001,14.769481479000035],[120.22383804300011,14.769425108000064],[120.22384932900002,14.76937964900003],[120.22385873400003,14.76933237000003],[120.22386813800006,14.769299639000053],[120.22387942400007,14.769246905000045],[120.22387942500006,14.769239632000051],[120.22388318600008,14.76922690300006],[120.2238925910001,14.76917962400006],[120.22390952,14.76911416200005],[120.22391140100001,14.769094161000055],[120.22391516300002,14.769079612000041],[120.22392080600002,14.769043245000034],[120.22392456900002,14.769006876000049],[120.22392457000001,14.768990510000037],[120.22392833200001,14.768970508000052],[120.223930214,14.76894141300005],[120.22395090500004,14.76882867300003],[120.22395842900005,14.768806851000022],[120.22396971500007,14.768765028000075],[120.22396971600006,14.768750480000051],[120.22398476000001,14.768715537000048],[120.22399416500002,14.768690079000066],[120.22399604600002,14.768679169000052],[120.22399980800003,14.768671896000058],[120.22400733200004,14.768628254000078],[120.22401109600003,14.76856824600003],[120.22401297700003,14.768564609000066],[120.22402614500004,14.768482781000046],[120.22404307200009,14.76841550000006],[120.22405247600011,14.768393680000031],[120.224058119,14.76838458800006],[120.22407692500008,14.768371860000059],[120.22412017800002,14.768360951000034],[120.22417095200001,14.768351861000042],[120.22419164000007,14.768340952000074],[120.22420104300011,14.768333679000023],[120.22421796900005,14.768313678000027],[120.22424020100004,14.768291816000044],[120.22424584300006,14.76828818000007],[120.22426088700001,14.76828454300005],[120.22427405200006,14.768279089000032],[120.22430414100006,14.768264543000043],[120.2243455140001,14.768235450000077],[120.22435867900003,14.768220904000032],[120.22443390300009,14.768173627000067],[120.22445459000005,14.768149989000051],[120.22446963400012,14.768135442000073],[120.22449032100008,14.768124532000058],[120.22451288800005,14.768115441000077],[120.22454297800004,14.768099077000045],[120.2245862310001,14.768064529000071],[120.22460879900007,14.768044528000075],[120.22462760500002,14.768031800000074],[120.22466897800007,14.768006343000025],[120.22474044000012,14.76797179600004],[120.22477053000011,14.767955431000075],[120.224800619,14.767942705000053],[120.22481754300009,14.767933612000036],[120.22490593100008,14.767900885000074],[120.22511843500001,14.767837249000024],[120.22512971800006,14.767831794000074],[120.22525195500009,14.767791794000061],[120.22532717800004,14.767762703000074],[120.22536290900007,14.767751793000059],[120.22539111800006,14.767746339000041],[120.2254268480001,14.767735430000073],[120.22543813100003,14.767733612000029],[120.22546446000001,14.767724520000058],[120.22547386200006,14.76772270300006],[120.22555848900004,14.767689974000064],[120.22558481800002,14.767682702000059],[120.22560926500012,14.767679066000028],[120.22564123500001,14.767679067000074],[120.22567063700001,14.767682705000027],[120.22569884500001,14.767693618000067],[120.22573645400007,14.767711802000065],[120.2257721840001,14.767731806000029],[120.22584928300012,14.767782725000075],[120.22588313300002,14.767799092000075],[120.2259545930001,14.767822734000049],[120.22596587600003,14.767824553000025],[120.2259790390001,14.767830009000022],[120.22601476900002,14.767839102000039],[120.22602793300007,14.767844558000036],[120.22606366200012,14.767853651000053],[120.22607682500006,14.76785910700005],[120.22609751200002,14.767864563000046],[120.22615016600002,14.767886386000043],[120.22618213400006,14.767904572000077],[120.22622726600002,14.767940941000063],[120.22625359300002,14.767966400000034],[120.22631000700005,14.768030047000025],[120.22636266000006,14.768086420000031],[120.2263927460001,14.768131881000045],[120.22643223500006,14.768208256000037],[120.22643787700008,14.768222804000061],[120.22645480100005,14.768248262000043],[120.22645856100007,14.76825735500006],[120.22646984400001,14.768275539000058],[120.22649805100002,14.768313727000077],[120.22653754100008,14.768355553000049],[120.22656198800007,14.768373738000037],[120.22658079300004,14.768390104000048],[120.22660147800002,14.768402835000074],[120.22662592400002,14.768415565000055],[120.22665601400001,14.768426476000059],[120.2266729370001,14.76843556800003],[120.22670807400004,14.768446233000077],[120.2267456840001,14.768466237000041],[120.22675132600011,14.768471692000048],[120.22677765300011,14.768488059000049],[120.22681150100004,14.768515336000064],[120.22683970900005,14.768540795000035],[120.2269017650001,14.768588076000071],[120.2270127160001,14.768662635000055],[120.22702023800002,14.768669909000039],[120.22702964000007,14.768675364000046],[120.22705408700006,14.768695368000067],[120.22707289200002,14.768708097000058],[120.22709921900002,14.768731738000042],[120.2271180240001,14.768746287000056],[120.22719136400008,14.768815388000064],[120.22720828800004,14.768828119000034],[120.22723837700005,14.768844485000045],[120.2272477790001,14.768851759000029],[120.2278444000001,14.769044529000041],[120.22838788000001,14.769166381000048],[120.22904121500005,14.769326774000035],[120.22920858400005,14.769354054000075],[120.22956212800011,14.769423163000056],[120.2298404500001,14.769526820000067],[120.22991472400008,14.76956909300003],[120.22993540900006,14.76958545900004],[120.22997301900011,14.76960728000006],[120.23000310900011,14.769629102000067],[120.23004448000006,14.769654561000038],[120.23006328600002,14.769669108000073],[120.23011594100001,14.769701841000028],[120.23017987900005,14.769749122000064],[120.23018928200008,14.769754577000072],[120.2302193700001,14.769778217000066],[120.230225012,14.76978549000006],[120.23025698000004,14.769814586000052],[120.230277666,14.769838226000047],[120.23028142700002,14.769847318000075],[120.23029271000007,14.769865502000073],[120.23029459100007,14.769872776000057],[120.23030023100011,14.769883686000071],[120.23030775300003,14.769909145000042],[120.23030963400004,14.769921874000033],[120.23031151300006,14.769980063000048],[120.23031527400008,14.77000552100003],[120.23033031700004,14.77005643700005],[120.23033972100006,14.77007825800007],[120.23034160100008,14.77008735100003],[120.23035288400001,14.770118264000075],[120.23035664500003,14.77013463000003],[120.23036040500006,14.770169180000039],[120.23035852400005,14.770198275000041],[120.23035476300004,14.770212822000076],[120.23035100100003,14.770245554000041],[120.2303321930001,14.770325564000075],[120.23032655200007,14.770360115000074],[120.23032655200007,14.770374661000062],[120.23032467100006,14.770383753000033],[120.23031526600005,14.770420122000075],[120.23031150500003,14.77042739600006],[120.23030586400012,14.770447398000044],[120.23029269900007,14.770476493000047],[120.23024944500003,14.77055286600006],[120.23022123600003,14.770587416000069],[120.2302061910001,14.770621965000032],[120.23005384600003,14.771462643000064],[120.22998049700004,14.771701587000052],[120.229971094,14.771725226000058],[120.2299692140001,14.771734318000028],[120.2299654520001,14.771737955000049],[120.22995981000008,14.771752503000073],[120.22995604800008,14.771768868000038],[120.22995040700005,14.771781597000029],[120.22994100300002,14.771825239000066],[120.22993912200002,14.771852515000035],[120.22992971800011,14.771905249000042],[120.22991655300007,14.771952528000043],[120.22991279100006,14.771972530000028],[120.22990714900004,14.772010717000057],[120.22989774400003,14.77205617800007],[120.2298864600001,14.772132552000073],[120.22987329400007,14.772199833000059],[120.22986953200007,14.77224347400005],[120.22986953200007,14.772268932000031],[120.22986765000007,14.772281661000022],[120.22986764900008,14.772361671000056],[120.22987329000011,14.772401677000062],[120.22987329000011,14.772421679000047],[120.22988269200005,14.772485325000048],[120.22988269100006,14.772507146000066],[120.22988645200007,14.772534423000025],[120.22988456000007,14.772944692000067],[120.22987327400006,14.773130170000059],[120.22986763200004,14.773153809000064],[120.22986387000003,14.773161082000058],[120.22985634700001,14.773195632000068],[120.22985446500002,14.773211998000022],[120.22984130100008,14.773266550000073],[120.22983001600005,14.773293826000042],[120.22982061400012,14.773308374000067],[120.22980932900009,14.773321102000068],[120.22980368800006,14.773330194000039],[120.22979616600003,14.773335649000046],[120.229788643,14.773344741000074],[120.22976419500003,14.773362925000072],[120.22973034400002,14.773384745000044],[120.22964195500003,14.773437478000062],[120.22950843100011,14.773502939000025],[120.22950090900008,14.773504756000023],[120.2294764610001,14.773519303000057],[120.22946893900007,14.773521122000034],[120.22945389400002,14.773528396000074],[120.22945486200001,14.773541156000022],[120.22968052200008,14.774055774000033],[120.2293758620001,14.774223063000022],[120.22932508800011,14.774117592000039],[120.22955264300003,14.773988491000068],[120.22955640500004,14.773952121000036],[120.22945297700005,14.773741182000037],[120.22944545500002,14.77374300100007],[120.22941912700003,14.773743000000024],[120.22931569400009,14.77375390800006],[120.22927996300007,14.773759363000067],[120.22927056000003,14.773759362000021],[120.2291652460001,14.77377754400004],[120.22909942500007,14.773782998000058],[120.22906181400003,14.773788453000066],[120.22902232100012,14.773790270000063],[120.22895273900008,14.773797542000068],[120.2288963210001,14.773797540000032],[120.22888503800004,14.773795722000045],[120.22881169400011,14.773793902000023],[120.22874963600009,14.773784809000063],[120.22874023200006,14.773784809000063],[120.22871390400007,14.773779352000076],[120.228696979,14.773777533000043],[120.22868757600008,14.773773896000023],[120.22867065100002,14.773772077000046],[120.2286612480001,14.773768440000026],[120.22862927800008,14.77376298400003],[120.22853713000006,14.773742979000076],[120.22844310000005,14.773717519000058],[120.22843181700011,14.773712063000062],[120.22840548900001,14.773702970000045],[120.22835471300004,14.773677511000074],[120.22834719100001,14.77367569200004],[120.22831898200002,14.773661145000062],[120.22829829600005,14.773653870000032],[120.22827949000009,14.773644777000072],[120.22827008700006,14.773642959000028],[120.2282211910001,14.773626591000038],[120.22805864100008,14.773559306000038],[120.22703715800003,14.77348835600003],[120.22638012900006,14.773608350000075],[120.22637260400006,14.773648354000045],[120.22636132100001,14.773662901000023],[120.22632558900011,14.773688358000072],[120.22627293200003,14.773719270000072],[120.22622779500011,14.773755636000033],[120.22620522800003,14.773768364000034],[120.22619770600011,14.773770182000021],[120.22618642200007,14.773775637000028],[120.22614692900004,14.773782909000033],[120.22613188500009,14.773782909000033],[120.22612248200005,14.773784728000066],[120.22605101800002,14.773784724000052],[120.2260134070001,14.773788360000026],[120.22596075100012,14.773788358000047],[120.22593818400003,14.773784720000037],[120.22588552700006,14.773784719000048],[120.22555076800006,14.774050196000076],[120.22554161000005,14.77408738500003],[120.22553596800003,14.774092840000037],[120.22553032400003,14.774101931000075],[120.2255209220001,14.77412193400005],[120.22552092100011,14.774127389000057],[120.2255171600001,14.774138300000061],[120.22551527900009,14.774151028000063],[120.22550587500007,14.774176486000044],[120.22550023100007,14.774187396000059],[120.22549082800003,14.774214672000028],[120.22548142500011,14.774232856000026],[120.22546826000007,14.774251040000024],[120.22544945200002,14.774281952000024],[120.22541560000002,14.774327411000058],[120.22539303200006,14.77435286800005],[120.22536858300009,14.774376506000067],[120.22534037200012,14.774398326000039],[120.22531592300004,14.774421964000055],[120.22524634000001,14.774480151000034],[120.22519556200007,14.774529247000032],[120.22512973800008,14.774581978000072],[120.22509588500009,14.774612889000025],[120.2250676750001,14.774643801000025],[120.22504886900003,14.774656530000073],[120.22504134700011,14.774663803000067],[120.22501313700002,14.774680168000032],[120.22499245000006,14.774694714000077],[120.22497928500002,14.774707443000068],[120.22497552400012,14.774709261000055],[120.22494919300004,14.774741991000042],[120.22493414700011,14.774771086000044],[120.22492286200008,14.774805635000064],[120.22492098100008,14.774820182000042],[120.22490781500005,14.774854732000051],[120.22490029200003,14.774880190000033],[120.224885244,14.774914739000053],[120.22487396000008,14.774936560000071],[120.22485891400004,14.774960199000077],[120.22485703300003,14.774969291000048],[120.22485139100002,14.774982020000039],[120.2248401060001,14.775000204000037],[120.22482694000007,14.77503293500007],[120.22480100200005,14.775078588000042],[120.22478219400011,14.775122228000043],[120.2247765510001,14.775131320000071],[120.22477467100009,14.775138594000055],[120.22475586300004,14.775174961000062],[120.2247351740001,14.775220421000029],[120.22472576900009,14.775238604000037],[120.22472012800006,14.775245879000067],[120.22471636600005,14.775258608000058],[120.22466558500003,14.775364073000048],[120.22465429900001,14.77539680500007],[120.2246467760001,14.775436809000041],[120.22463925300008,14.77545499300004],[120.22462984900005,14.775473176000048],[120.22460540000009,14.775493178000033],[120.22458283200001,14.775502269000071],[120.22455274300012,14.775502268000025],[120.22449444400002,14.77549317300003],[120.22444931000007,14.775482261000036],[120.22441546000005,14.77547680400005],[120.22436656400009,14.775476802000071],[120.22435716100006,14.775478620000058],[120.22434211600012,14.775478620000058],[120.22428757700004,14.77548407200004],[120.22425184600002,14.775485889000038],[120.22411456000009,14.775505886000076],[120.22405062000007,14.77550588300005],[120.22398855900008,14.775514972000053]]],[[[120.33747585700007,14.846658542000057],[120.33401513400008,14.843097326000077],[120.33283189600002,14.841853720000074],[120.32830028300009,14.836009276000027],[120.32294010500004,14.842033748000063],[120.32207031400003,14.844769179000025],[120.32131847800008,14.844965237000054],[120.32049460500002,14.844983475000049],[120.31953896300001,14.845254992000037],[120.31973105200007,14.845393523000041],[120.3198125450001,14.845432423000034],[120.31991978300005,14.845529836000026],[120.320214426,14.845927389000053],[120.32035729300003,14.846054378000076],[120.32036630700009,14.84618090500004],[120.32037564400002,14.846262972000034],[120.32045798700005,14.846309989000076],[120.32058361700001,14.846398113000078],[120.32067668400009,14.846579464000058],[120.32071478800003,14.846651873000042],[120.32074547900004,14.846722546000024],[120.3207685650001,14.846783282000047],[120.320857552,14.846872602000076],[120.32104508500004,14.846950411000023],[120.32106990000011,14.84700846800007],[120.32108801200002,14.847050916000057],[120.32117196700005,14.84718398900003],[120.32135928000002,14.847234095000033],[120.32149412600006,14.847300464000057],[120.3215813710001,14.847467517000041],[120.32183426100005,14.847519393000027],[120.32183223300001,14.847693702000072],[120.32188691800002,14.847800433000032],[120.32224260100008,14.848440167000035],[120.32246036800007,14.848397329000022],[120.32262977100004,14.848226338000075],[120.32264508300011,14.848035908000043],[120.32263075300011,14.84796923600004],[120.32261448800011,14.847904176000043],[120.32278819100009,14.84799313600007],[120.32280840200008,14.848061210000026],[120.32281998400003,14.848160548000067],[120.32282028500003,14.848217298000066],[120.32258721000005,14.84836296800006],[120.32244227400008,14.848470829000064],[120.32226691200003,14.848508865000042],[120.32223754000006,14.848674201000051],[120.32232839400001,14.848832468000069],[120.32254106700009,14.848944909000068],[120.32285173500009,14.849106822000067],[120.32236989300009,14.849426252000058],[120.32082547400012,14.850554275000036],[120.32055789200001,14.850811711000063],[120.31988553500003,14.851172828000074],[120.31931313900009,14.851331213000037],[120.31921223900008,14.851564182000061],[120.31917132300009,14.851846379000051],[120.31886136500009,14.852239461000067],[120.3185152850001,14.85241757800003],[120.31799947400009,14.852693250000073],[120.31766782900002,14.852836904000071],[120.31741448500009,14.852962103000038],[120.31714900400004,14.853187770000034],[120.31754560700006,14.854936932000044],[120.31764278300011,14.862402946000032],[120.31719839300001,14.862429310000039],[120.31686219700009,14.862395369000069],[120.3166306600001,14.862342716000057],[120.31625909700006,14.862451876000023],[120.31570933700004,14.86262517800003],[120.31558494500007,14.862702943000045],[120.31547516800003,14.862811244000056],[120.31498073400007,14.862901908000026],[120.31438469000011,14.862915948000023],[120.31415110800003,14.863043077000043],[120.31505124900002,14.86325352800003],[120.31585809,14.863582440000073],[120.31642197300005,14.863720005000062],[120.31671429500011,14.864067465000062],[120.3170763390001,14.864397401000076],[120.31772711500003,14.86483772300005],[120.31819608300009,14.865015289000041],[120.31873024800007,14.864997645000074],[120.31902006700011,14.864902328000028],[120.31951172700008,14.864844234000032],[120.32042902800004,14.864977435000071],[120.32139015900009,14.865259440000045],[120.32186133500011,14.86544733900007],[120.32209017600007,14.865764498000033],[120.32242657300003,14.866070423000053],[120.32268007800008,14.866312976000074],[120.3230330450001,14.866675000000043],[120.32322673200008,14.86684987700005],[120.3233232340001,14.866976842000042],[120.32337305900012,14.86712499400005],[120.32341558200005,14.867304828000044],[120.32355485500011,14.867361889000051],[120.32382177300008,14.86749101600003],[120.32380950000004,14.86764972800006],[120.32382260800011,14.868002441000044],[120.3238223090001,14.868165377000025],[120.32382915500011,14.86834942300004],[120.32396534500003,14.86847363000004],[120.32416581100006,14.868496399000037],[120.32449694400009,14.868485977000034],[120.32472985800007,14.868414013000063],[120.32503119700004,14.86841034400004],[120.32527677000007,14.86832143600003],[120.32542081800011,14.868047468000043],[120.3254633140001,14.867784523000068],[120.32563165400006,14.867553418000057],[120.32606127000008,14.867209927000033],[120.32661014200005,14.866986363000024],[120.32698677400003,14.86694523500006],[120.3273275360001,14.866715610000028],[120.32765183700008,14.866633514000057],[120.32791369300003,14.866692629000056],[120.32806090500003,14.866793280000024],[120.32809248700005,14.866995448000068],[120.32819278000011,14.867176420000021],[120.32837754400009,14.867272436000064],[120.32843152800001,14.867391392000059],[120.32862805000002,14.867823670000064],[120.32881813600011,14.868151918000024],[120.3289597160001,14.868240410000055],[120.32928774300001,14.868103286000064],[120.3296753510001,14.867782955000052],[120.32982550200006,14.86771447500007],[120.33009501100003,14.867742994000025],[120.33043711000005,14.86789766000004],[120.33070322000003,14.868039750000037],[120.33095293800011,14.86798467500006],[120.33119332900003,14.86782523000005],[120.33147061800003,14.86766334300006],[120.3316757990001,14.86769182100005],[120.33173794800007,14.867932285000052],[120.33188848900011,14.86829683700006],[120.3320721880001,14.868460482000046],[120.33207783800003,14.868672060000051],[120.33214281300002,14.86892987400006],[120.33218502300008,14.869318340000063],[120.33239960600008,14.869603839000035],[120.33426086500003,14.884024615000044],[120.33771044200012,14.910694689000024],[120.3103299920001,14.911775680000062],[120.30982703000006,14.897091515000056],[120.30956740200008,14.896537243000068],[120.30832264300011,14.89485708500007],[120.30804102500008,14.894313126000043],[120.30721947000006,14.894072637000022],[120.30674466500011,14.893292983000038],[120.30660624900008,14.892779139000027],[120.30663344000004,14.892558902000076],[120.30645577900009,14.892342131000078],[120.3063890300001,14.89211027500005],[120.3064825560001,14.891971177000073],[120.30656707000003,14.891725910000048],[120.3067366030001,14.891544517000057],[120.30700664400001,14.891269968000074],[120.30712802500011,14.890895055000044],[120.30711892300008,14.890687521000075],[120.30697911100003,14.890408806000039],[120.30698147400005,14.890235655000026],[120.30696988000011,14.890145552000035],[120.3068943070001,14.889993454000034],[120.30681971400008,14.889926230000071],[120.30683652200003,14.889755584000056],[120.30692330300008,14.889590218000023],[120.306912882,14.889458266000076],[120.30678513500004,14.889336960000037],[120.3066297150001,14.889199844000075],[120.3064893190001,14.888998572000048],[120.30637863700008,14.888808784000048],[120.3062751220001,14.888253167000073],[120.30622470600008,14.887936602000025],[120.30604981500005,14.887808419000066],[120.30592752100006,14.887400737000064],[120.30576643600011,14.887123342000052],[120.30576571000006,14.887096713000062],[120.3058559530001,14.886867012000039],[120.30588286400007,14.886447732000022],[120.30589416300006,14.886218029000077],[120.30583387000001,14.885942746000069],[120.3058019240001,14.88558148800007],[120.3058573730001,14.885367073000054],[120.30608736700003,14.885134863000076],[120.30620819,14.884887090000063],[120.30632921900008,14.88451886100006],[120.30639724800005,14.883889233000048],[120.30656310300003,14.883505372000059],[120.30646869500004,14.883333790000052],[120.30651922100003,14.883003622000047],[120.30678079600011,14.88260305600005],[120.3070713190001,14.882197800000029],[120.3072654020001,14.881653872000072],[120.30742998000005,14.881222645000037],[120.30771909600003,14.880438965000053],[120.30783252000003,14.880059091000078],[120.30806504100008,14.879733548000047],[120.30839319300003,14.879620414000044],[120.30872208100004,14.879457736000063],[120.30890793600008,14.879226065000069],[120.30893614400009,14.879046322000022],[120.30901165700004,14.878849488000071],[120.30925806300002,14.878700207000065],[120.30957059200011,14.878584146000037],[120.30970945100012,14.87833833700006],[120.30978567900002,14.877963803000057],[120.30997299800003,14.877671839000072],[120.31029072500007,14.877564850000056],[120.31043153600001,14.877299637000021],[120.31035463500007,14.87704272600007],[120.31061595000006,14.876550953000049],[120.31102172800001,14.875333693000073],[120.31140456700007,14.875131742000065],[120.3113300550001,14.874627058000044],[120.31124217800004,14.874297869000031],[120.31103314500001,14.874008179000043],[120.31096384600005,14.873561254000037],[120.31093364500009,14.872979790000045],[120.31087814800003,14.872584935000077],[120.31078079500003,14.872249087000057],[120.31068420200006,14.872068306000074],[120.31056268900011,14.871661489000076],[120.310458745,14.87113525500007],[120.31048218300009,14.870761369000036],[120.3105392760001,14.870386262000068],[120.31046862300002,14.87020504700007],[120.31019336500003,14.869996682000021],[120.31007265500011,14.869760721000034],[120.31003531400006,14.86904301800007],[120.30995246300006,14.868635332000053],[120.30980871500003,14.868426531000068],[120.30974147000006,14.868169876000024],[120.3096329650001,14.867653069000028],[120.30972814200004,14.86720450000007],[120.30988344900004,14.866879047000054],[120.3101019930001,14.86661520000007],[120.31017741400001,14.866480026000033],[120.31016591900004,14.86629626000007],[120.31007098100008,14.866134033000037],[120.3099575650001,14.866019258000051],[120.30969958800006,14.86582215900006],[120.30957522400001,14.865680458000043],[120.30962345900002,14.86552400200003],[120.30953814200006,14.86522958200004],[120.30958197100006,14.86496326200006],[120.30978923000009,14.86482075500004],[120.30988229200011,14.864654208000047],[120.30983205100006,14.864506242000061],[120.30944341800011,14.86420963300003],[120.3090149520001,14.86389874400004],[120.30823188200009,14.863855515000068],[120.30774011800008,14.863880459000029],[120.30713976200002,14.863999331000059],[120.30674358400006,14.864055517000054],[120.30642273300009,14.864041464000024],[120.30616064200001,14.86381166700005],[120.30606252700011,14.86349593400007],[120.3061904440001,14.861634645000038],[120.30635328400001,14.860684031000062],[120.30636357200001,14.859877855000036],[120.30634533900002,14.859567944000048],[120.30671103600002,14.858151441000075],[120.30687409600012,14.857517855000026],[120.30699932400012,14.857206020000035],[120.30692228400005,14.856757978000076],[120.30656990400007,14.855804157000023],[120.30653451,14.855472078000048],[120.30626782900003,14.855086587000073],[120.3060989490001,14.854735514000026],[120.30585704900011,14.854232644000035],[120.30556320500011,14.853599336000059],[120.30516829200008,14.853004540000029],[120.30430698900011,14.851326344000029],[120.30391619600005,14.850755847000073],[120.30367809600011,14.850570496000046],[120.30356273600012,14.850497985000061],[120.30262852400006,14.850465876000044],[120.30179418700004,14.850385521000021],[120.30114379700001,14.850283024000078],[120.30012622400011,14.850337569000033],[120.29954260900001,14.850318796000067],[120.29856842800007,14.850262745000066],[120.29819214100007,14.850142572000038],[120.29798219800011,14.850075524000033],[120.29740647400001,14.849890690000052],[120.29710879000004,14.849619792000055],[120.29689642900007,14.849163850000025],[120.2972507720001,14.848857968000061],[120.29750306400001,14.848628338000026],[120.29764011500004,14.848476523000045],[120.29766347500004,14.84845030200006],[120.29768537900009,14.848422760000062],[120.29796511300003,14.848072344000059],[120.29806107400009,14.848131548000026],[120.29814249900005,14.848182088000044],[120.29822336200004,14.848231505000058],[120.29862170100012,14.848476705000053],[120.29873650900004,14.848333340000067],[120.29873520700005,14.848237539000024],[120.29869938800005,14.84814229500006],[120.29872391900005,14.848060173000022],[120.29889907800009,14.84790872700006],[120.29891217000011,14.847788998000055],[120.29893688000004,14.847673216000032],[120.29894497700002,14.847577792000038],[120.29885347000004,14.847435064000024],[120.29806525300012,14.847177159000069],[120.2974578830001,14.846913121000057],[120.29692465700009,14.84656454900005],[120.2960965100001,14.846127538000076],[120.29537848300004,14.84590501100007],[120.29412877400011,14.84546098800007],[120.29344238400006,14.845124386000066],[120.29314239200005,14.845053373000042],[120.29297941200002,14.844948645000045],[120.29282741200007,14.844765769000048],[120.2927459770001,14.84455796900005],[120.29274357300005,14.844454403000043],[120.29276575500012,14.844384281000032],[120.29283012000008,14.844269048000058],[120.29289592500004,14.844211722000068],[120.29295823000007,14.844173066000053],[120.29324508100001,14.844055665000042],[120.29337525500011,14.844012774000078],[120.29348304500002,14.843951911000033],[120.2935492690001,14.843898138000043],[120.29361886100003,14.843808902000035],[120.29367050600001,14.843615619000047],[120.29371898300008,14.843296438000039],[120.29373905000011,14.843059955000058],[120.29373481500011,14.842511862000038],[120.29372344600006,14.842276481000056],[120.29370855700006,14.842126591000067],[120.29369900000006,14.841982230000042],[120.29374394700005,14.841471770000055],[120.29373192100002,14.841390399000034],[120.29365209200012,14.84123438100005],[120.29358945800004,14.841161295000063],[120.29307962400003,14.840983551000022],[120.29227874900005,14.840814023000064],[120.29153875600002,14.840640798000038],[120.29142392800009,14.840578617000062],[120.29131832200005,14.84048814700003],[120.2912967530001,14.840412922000041],[120.29127372900007,14.840150741000059],[120.29128327400008,14.83994334700003],[120.29126612400012,14.839800761000049],[120.2909322810001,14.83908490400006],[120.29086665500006,14.83891065000006],[120.29074242100012,14.838580776000072],[120.29061791000004,14.838276934000078],[120.29059402600001,14.838135893000072],[120.29059991400004,14.83801836200007],[120.29066210000008,14.837919214000067],[120.29075087400008,14.837820635000071],[120.29089055700001,14.837724450000053],[120.2912364450001,14.83753034800003],[120.29148789300007,14.837398777000033],[120.29159646800008,14.837341729000059],[120.29167434500005,14.837249702000065],[120.29173115300011,14.836780867000073],[120.29172581800003,14.836692805000041],[120.29161267600011,14.836513702000047],[120.29136655900004,14.836208967000061],[120.29129312600003,14.836041324000064],[120.29127674200004,14.835972862000062],[120.29125664300011,14.83580469900005],[120.29128132000005,14.834984416000054],[120.29128213700005,14.834872719000032],[120.29106808900008,14.834779484000023],[120.29117314500002,14.834503849000043],[120.29122124500009,14.831686647000026],[120.29121480600008,14.83148834900004],[120.29119478500002,14.83087434600003],[120.29106682400004,14.830576446000066],[120.29103034900004,14.830096168000068],[120.2909750660001,14.829407372000048],[120.29094719700004,14.82911662500004],[120.29099450600006,14.828161937000061],[120.29097609000007,14.827693981000039],[120.29096062000008,14.827294773000062],[120.29089080200004,14.826539895000053],[120.2906312240001,14.82648467100006],[120.28870797800005,14.826075511000056],[120.28788839900005,14.825988571000039],[120.28425423300007,14.825603063000074],[120.28259373600008,14.825678474000028],[120.27904975000001,14.826120150000065],[120.2785487000001,14.826208958000052],[120.27751750700008,14.82640813200004],[120.27731370400011,14.82646365000005],[120.27647096500004,14.826693222000074],[120.27517776700006,14.827338342000075],[120.27373837300001,14.828097023000055],[120.27328514200008,14.82867357200007],[120.27291765200005,14.828023640000026],[120.27213752800003,14.827017598000054],[120.27041397500011,14.825982450000026],[120.2703745870001,14.825941384000032],[120.2706267750001,14.825604369000075],[120.27056078200008,14.825549095000042],[120.27052558800005,14.825534215000062],[120.27050579100012,14.825523586000031],[120.27047939500005,14.825504453000065],[120.27047279600004,14.825502328000027],[120.27044860000001,14.825487447000057],[120.27042220300007,14.825466188000064],[120.27039580400003,14.825434297000072],[120.27036720600006,14.82539390200003],[120.2703562050001,14.825374767000028],[120.27033860600011,14.82534925400006],[120.27032980500007,14.825330118000068],[120.27029900700006,14.825291849000052],[120.27029240800005,14.825287598000045],[120.270290208,14.825281219000033],[120.27024181400009,14.825242953000043],[120.27021761600008,14.825219567000033],[120.27019781600006,14.825185549000025],[120.27019121700005,14.825179171000059],[120.27017801700003,14.82515578400006],[120.27017141700003,14.825147279000078],[120.27015821700002,14.825121766000052],[120.27013841900009,14.82510050600007],[120.27013621800006,14.825094127000057],[120.27012961900004,14.825085623000064],[120.27012521800009,14.825074992000054],[120.2701142190001,14.825057983000022],[120.27011201800008,14.825049479000029],[120.27009221600008,14.825002703000052],[120.27008781400002,14.824981441000034],[120.27008561000002,14.824944687000027],[120.27007681000009,14.824927678000051],[120.2700768090001,14.824923425000065],[120.2700702090001,14.82490854200006],[120.27006800800007,14.82489791100005],[120.27005700600012,14.824866018000023],[120.27005700500001,14.824861766000026],[120.27005260500005,14.824853261000044],[120.27005040300003,14.824834125000052],[120.2700482030001,14.824831999000025],[120.2700416020001,14.824808611000037],[120.27004160000001,14.824797980000028],[120.27003499700004,14.824763960000041],[120.2700195970001,14.824734195000076],[120.26999759700004,14.824698051000041],[120.26995140300005,14.824657657000046],[120.26994040300008,14.82464064900006],[120.26992060200007,14.824598126000069],[120.26991840100004,14.82458962100003],[120.26990960100011,14.824570486000027],[120.26990519900005,14.824551350000036],[120.26989639800001,14.824525836000078],[120.26989639700002,14.824517331000038],[120.26989199700006,14.824508826000056],[120.26988759400001,14.82448331200004],[120.26988757000004,14.824300452000045],[120.2698897680001,14.824289821000036],[120.26988976200005,14.824247295000077],[120.26988096100001,14.824221781000062],[120.26987656000006,14.82421327700007],[120.26986775800003,14.824179257000026],[120.26985455800002,14.824153744000057],[120.2698523570001,14.824143113000048],[120.26983475600002,14.82410909500004],[120.26981715800002,14.824087834000068],[120.26978196400012,14.824069201000043],[120.26976656700003,14.824064950000036],[120.26975556800005,14.824058573000059],[120.26974896900003,14.824052195000036],[120.26974456900007,14.824043690000053],[120.26974236800004,14.82403518500007],[120.26974235400007,14.823924619000024],[120.26971595100008,14.823858708000046],[120.26970935000008,14.823835320000057],[120.26970714800007,14.823822563000022],[120.26970713100002,14.823690734000024],[120.26970273000006,14.82367372400006],[120.26970052700005,14.823650336000071],[120.26969172600002,14.823626948000026],[120.26967852300004,14.823582298000076],[120.26967192300003,14.82356954100004],[120.26966972200012,14.823558910000031],[120.26965212200002,14.82352701800005],[120.26963452300004,14.823501505000024],[120.26962792400002,14.823493001000031],[120.26959492800006,14.823469616000068],[120.26957513000002,14.823448356000029],[120.2695729300001,14.823441977000073],[120.26954653100006,14.823405834000027],[120.26951353400011,14.82336756500007],[120.26950913400003,14.82335693400006],[120.26947393600005,14.823308034000036],[120.26946293600008,14.823288899000033],[120.26946073500005,14.82328039400005],[120.26944093400004,14.823239998000076],[120.26943213300001,14.823212357000045],[120.26942773300004,14.823205979000022],[120.26942553200001,14.823193222000043],[120.26941673100009,14.823171960000025],[120.26941233100001,14.823165582000058],[120.26939472900006,14.823118806000025],[120.26939032900009,14.82311242700007],[120.26938812900005,14.82310179600006],[120.26937272700002,14.82306314400006],[120.26936612500003,14.823035503000028],[120.26936612300005,14.823016367000037],[120.26936392200003,14.823007862000054],[120.2693639040001,14.822867528000074],[120.26936610200005,14.822859023000035],[120.26936829800002,14.822831381000071],[120.26937269600012,14.822822875000043],[120.26937929100006,14.822795233000022],[120.26937929000007,14.82278672800004],[120.26938588400003,14.82275695900006],[120.26938587200004,14.822669782000048],[120.26938147100009,14.82264852000003],[120.26938146100008,14.822571974000027],[120.26938365800004,14.822557090000032],[120.26938805600003,14.822546458000033],[120.26939025100012,14.82251881600007],[120.26939464800012,14.822501806000048],[120.26939684400008,14.822478416000024],[120.26939904300002,14.822469911000042],[120.26939903000005,14.822374229000047],[120.26940342600005,14.82234902600004],[120.2694034210001,14.822310754000057],[120.26940122000008,14.822304375000044],[120.26940121900009,14.822293744000035],[120.26939461800009,14.822274608000043],[120.26938801600011,14.822244841000042],[120.26938581200011,14.822215074000042],[120.26937480900006,14.822166171000049],[120.2693704080001,14.82215554000004],[120.26936820700007,14.82214490900003],[120.2693638070001,14.822136404000048],[120.26935280500004,14.822100259000024],[120.2693308040001,14.822053484000037],[120.2693176030001,14.82201733900007],[120.2693110030001,14.82200883400003],[120.26930880300006,14.822000330000037],[120.26929630500001,14.821974278000027],[120.2692769680001,14.821947282000053],[120.26926407600001,14.821932746000073],[120.26925333300005,14.821914057000072],[120.26924688700001,14.821907827000075],[120.2692254000001,14.821870448000027],[120.2692232490001,14.82184968100006],[120.26922324300006,14.82180399200007],[120.2692275390001,14.821797761000028],[120.26922753800011,14.821793608000064],[120.2692382780001,14.821783222000022],[120.26924257400003,14.821774915000049],[120.26925116500001,14.821764530000053],[120.26926190600011,14.821756222000033],[120.26927264500011,14.821737529000075],[120.26927908800008,14.821731298000032],[120.26928338400012,14.821722991000058],[120.26930701100002,14.821695990000023],[120.2693156040001,14.821691835000024],[120.26934138000001,14.821673141000076],[120.26937360000011,14.821646140000041],[120.26939937700001,14.821627446000036],[120.2694079690001,14.82162536800007],[120.26986551000005,14.821359487000052],[120.27064003700002,14.820942298000034],[120.27100951500006,14.820803108000064],[120.27132099900007,14.820730381000033],[120.27165181300006,14.820609885000067],[120.27188149200003,14.820307243000059],[120.27193090500009,14.820336311000062],[120.27174618900005,14.820560625000041],[120.27179775000002,14.820587617000058],[120.27184716900001,14.820654066000031],[120.271864359,14.820683139000039],[120.27187510200008,14.820697675000076],[120.27189014200007,14.820712210000067],[120.27192237000008,14.82074958800007],[120.27192881600001,14.820753740000043],[120.27195030200005,14.820784889000038],[120.27196319400002,14.820797348000042],[120.27198682900007,14.820830573000023],[120.27199972200003,14.820855492000021],[120.27201261400012,14.820876258000055],[120.27201476300002,14.820884565000028],[120.27203839900005,14.820917790000067],[120.27204914100002,14.82092609600005],[120.27206633000003,14.820948938000072],[120.27207922100001,14.820961397000076],[120.27208996500008,14.820978009000044],[120.27209855900003,14.82098423900004],[120.27211574800003,14.821009157000049],[120.2721415310001,14.821040306000043],[120.27217590800001,14.821073529000046],[120.2721887990001,14.821083911000073],[120.27220598800011,14.821108830000071],[120.27222317700011,14.821129596000048],[120.27224466200005,14.821146207000027],[120.2722639970001,14.821156588000065],[120.27227044300002,14.821162818000062],[120.27231985600008,14.821185656000068],[120.27233274500009,14.821187731000066],[120.27237141500007,14.821198109000022],[120.27238000800003,14.821198108000033],[120.2724014910001,14.821202259000074],[120.27258624000001,14.821202235000044],[120.27259483300008,14.821202233000065],[120.27262275900011,14.821196000000043],[120.27263135200008,14.821195998000064],[120.27265283400004,14.821191842000076],[120.27266357500002,14.82119184100003],[120.27267646400003,14.82118768500004],[120.27268720500001,14.821187684000051],[120.27269794600011,14.821185606000029],[120.272738763,14.821185600000035],[120.27316650300008,14.821050552000031],[120.27375304300006,14.820846948000053],[120.27412250800012,14.820632990000036],[120.2742621330001,14.82056443700003],[120.27431154400006,14.820568583000068],[120.27469969100002,14.820377465000035],[120.27524586800007,14.819995480000046],[120.27578328600009,14.819623660000047],[120.27632112100002,14.819255501000043],[120.276415627,14.819149571000025],[120.27642421700011,14.819130879000056],[120.27643495500001,14.81911634000005],[120.27647146900006,14.819076875000064],[120.2765230220001,14.819047793000038],[120.27654450400007,14.81904363600006],[120.27655954000011,14.819037403000038],[120.27656813300007,14.819037402000049],[120.27659176300006,14.819033245000071],[120.27661539400003,14.819033241000056],[120.27662613500001,14.819031163000034],[120.27663043100006,14.819027008000035],[120.27665191300002,14.819024928000033],[120.27666695000005,14.819020772000044],[120.27711768500001,14.81879443500003],[120.27736040000002,14.818576336000035],[120.27804442500008,14.818096828000023],[120.27850408200004,14.817716704000077],[120.27884726400009,14.81742123600003],[120.27892888800011,14.817379688000074],[120.27899333100004,14.81736514000005],[120.27906851900002,14.81736720500004],[120.27917378200004,14.817377572000055],[120.2793069700001,14.81737755000006],[120.27945518600006,14.817317299000024],[120.27979458800007,14.817230019000021],[120.27977954400001,14.817194716000074],[120.27976665800009,14.817211332000056],[120.27967211000009,14.817061821000038],[120.27974514100003,14.817014043000029],[120.27962265500003,14.816797142000041],[120.27963769000007,14.816786755000066],[120.2798568710001,14.817146000000037],[120.27981605900004,14.81717300400004],[120.27983754600007,14.817199999000024],[120.28015331300003,14.817077417000064],[120.28042565200008,14.816934075000063],[120.28081443300005,14.816701411000054],[120.28106578500001,14.81652424500004],[120.28143444300008,14.816235716000051],[120.28170829700002,14.816035550000038],[120.28191528800005,14.815936996000062],[120.2821796070001,14.815859985000031],[120.28234520700005,14.815826092000066],[120.2824439210001,14.815749106000055],[120.28247573500005,14.81554281800004],[120.28248527300002,14.81544429400003],[120.28250437100007,14.815382714000066],[120.28252984300002,14.815348843000038],[120.28258716100004,14.815305730000034],[120.28257107800005,14.81528514300004],[120.28252541200004,14.815293560000043],[120.2825210520001,14.815228387000047],[120.28246014000001,14.815098051000064],[120.28232967300005,14.815173756000036],[120.28242973500005,14.815346134000038],[120.28226230100006,14.815434459000073],[120.28216224000005,14.815268389000039],[120.28023960100006,14.816267293000067],[120.2801569400001,14.816115935000028],[120.28148851200001,14.815410461000056],[120.28173881200007,14.815292692000071],[120.28237157500007,14.814941502000067],[120.28376683500005,14.814153697000052],[120.28441118300009,14.81377973800005],[120.28451555900006,14.813739776000034],[120.28461993700012,14.81371663300007],[120.28482217300007,14.81368296100004],[120.28523937200009,14.813617719000035],[120.2860550690001,14.81350825800007],[120.28609864000009,14.813939234000031],[120.28613343800009,14.81395814900003],[120.28616823100003,14.813953938000054],[120.28622461400005,14.813802560000056],[120.28645294400008,14.813764678000041],[120.28665519300012,14.813804588000039],[120.28667038900005,14.813659522000023],[120.2866703840001,14.813632191000067],[120.28666820600006,14.813611168000023],[120.2866464540001,14.813581739000028],[120.28654423400008,14.813518686000066],[120.28657249500009,14.81347063100003],[120.28672473800009,14.813565211000025],[120.28672474300004,14.81359674600003],[120.28671173600003,14.813815393000027],[120.28705073300011,14.81389942900006],[120.28762082200001,14.813032532000022],[120.28731416100004,14.81282655700005],[120.28734894600007,14.812780299000053],[120.28765560600004,14.81297786500005],[120.28788591400007,14.812634595000077],[120.28906901300002,14.812638585000059],[120.28923866600007,14.812804639000035],[120.28925809400005,14.81472184300003],[120.28924737300008,14.81550145600005],[120.28905821400008,14.815682293000066],[120.28638640800011,14.815701689000036],[120.28646516600008,14.818127979000053],[120.28648700700012,14.818635853000046],[120.28676971700008,14.81864631600007],[120.28706978700006,14.818457052000042],[120.28709805800008,14.818457047000038],[120.28715228700003,14.81855795000007],[120.28720665000003,14.818536917000074],[120.28715878600008,14.818421297000043],[120.28764368400005,14.81813108700004],[120.28771548100008,14.818301365000025],[120.28779056400003,14.818429594000065],[120.28794279100009,14.81842746500007],[120.28792973700001,14.818395932000044],[120.28797249600007,14.818234044000064],[120.28900328500004,14.818198117000065],[120.28909678700006,14.818147643000032],[120.2895251870001,14.818071879000058],[120.2895522120001,14.818513369000073],[120.28799080200008,14.818576723000035],[120.28797775200007,14.81856831600004],[120.28795816200011,14.818475816000046],[120.28779071300005,14.818484256000033],[120.28777553200007,14.81870290300003],[120.28829092600006,14.818675480000024],[120.28829311900006,14.81877008500004],[120.28824527600011,14.818772196000054],[120.2882604880001,14.818711225000072],[120.28778858500004,14.818728129000021],[120.28779946700001,14.818776481000043],[120.28778642100008,14.818784893000043],[120.287257081,14.818801614000051],[120.28718531800007,14.818807934000063],[120.28665686900001,14.818795412000043],[120.2865111960001,14.818961523000041],[120.28651666000007,14.819417900000076],[120.28636225700006,14.819417926000028],[120.28639497900008,14.81996887500003],[120.28641890500012,14.819991997000045],[120.28644065700007,14.820019324000043],[120.28648197900009,14.820036136000056],[120.28652764800006,14.820036128000027],[120.28657549800005,14.820071860000041],[120.28668423600004,14.820088660000067],[120.28670816200008,14.82010967900004],[120.28672773500011,14.82011598300005],[120.28839987700007,14.820113585000058],[120.28847598400012,14.820073627000056],[120.28853470100012,14.820071514000063],[120.28859559900002,14.82010303900006],[120.28926119200003,14.820073483000044],[120.29000237200012,14.820020786000043],[120.29015460400001,14.820031269000026],[120.29031770600011,14.820027034000077],[120.2903394540001,14.820031235000044],[120.29035032700006,14.820031233000066],[120.2903612020001,14.820035435000023],[120.29037207500005,14.820035433000044],[120.29039599800001,14.820039634000068],[120.29040469800009,14.820043837000071],[120.29043514600005,14.820052240000052],[120.29046342000004,14.820066952000047],[120.29049604600004,14.820090072000028],[120.29050692300007,14.820106889000044],[120.29051826400007,14.820138511000039],[120.29050957200002,14.820170047000033],[120.29049653100003,14.820207892000042],[120.29042912200009,14.820241543000066],[120.29035953800008,14.820268886000065],[120.28934652100008,14.820374193000077],[120.28801514500003,14.820499021000046],[120.28722442300011,14.820558026000072],[120.28612319100012,14.820647696000037],[120.28552277400001,14.820655927000075],[120.28555649300006,14.820839122000052],[120.28559018200008,14.820839117000048],[120.28561755400005,14.820833007000033],[120.28562808200002,14.820833005000054],[120.28564492600003,14.820824860000073],[120.2856554540001,14.820824859000027],[120.2856849320001,14.820820783000045],[120.28577336700005,14.820820770000068],[120.28581126800009,14.82081669300004],[120.28588285800004,14.820816683000032],[120.28589338600011,14.82081464600003],[120.28590391400007,14.820814644000052],[120.28591444200003,14.820810571000038],[120.28594602500004,14.820808531000068],[120.2860344610001,14.820808518000035],[120.28604709400008,14.820806480000044],[120.2861607970001,14.820806463000054],[120.2861797490001,14.82081460300003],[120.28620080600001,14.820820706000063],[120.28622607600005,14.820832916000029],[120.2862344990001,14.820841057000052],[120.2862597730001,14.820877693000057],[120.28626398600011,14.820887870000035],[120.28626399100006,14.820918404000054],[120.28624083600005,14.820961154000031],[120.28623031300003,14.820991689000039],[120.28623031600011,14.821014080000054],[120.28624295700001,14.82105886000005],[120.28627665700003,14.821119922000037],[120.28628508400004,14.821146383000041],[120.28628929600006,14.821152490000031],[120.28629140400005,14.821162667000067],[120.28629772300008,14.821176915000024],[120.28630404100011,14.821185056000047],[120.28631667900004,14.82120948100004],[120.28631878600004,14.821217623000052],[120.28632089200005,14.821219659000064],[120.28633984900011,14.821264026000051],[120.28634195600011,14.821274204000076],[120.28634197100007,14.821363769000072],[120.28634618500007,14.821382088000064],[120.28635250400009,14.821398372000033],[120.28635882200001,14.821406513000056],[120.28636724800003,14.821424832000048],[120.28637778100006,14.821453328000075],[120.28638199400007,14.821469612000044],[120.28638200400007,14.821530678000045],[120.28637990000004,14.821538821000047],[120.28637990300001,14.821557141000028],[120.28637569500006,14.821575462000055],[120.28637359200002,14.821593782000036],[120.2863630700001,14.821634495000069],[120.28635675900011,14.821667065000042],[120.28635677700004,14.821781056000077],[120.28633994300003,14.821846196000024],[120.28632731200003,14.821862483000075],[120.2863231020001,14.821870626000077],[120.28630415400005,14.821888949000027],[120.28628731100002,14.821901164000053],[120.28628099500008,14.821907272000033],[120.28627678500004,14.821915415000035],[120.2862725760001,14.82192559300006],[120.28627257700009,14.821935771000028],[120.28626836700005,14.82194391400003],[120.28626837400009,14.821982590000061],[120.28627048100009,14.821990732000074],[120.28628522500003,14.822021263000067],[120.28628943900003,14.822037547000036],[120.28629786500005,14.822059936000073],[120.28629786700003,14.822072150000054],[120.28629997400003,14.822078256000054],[120.28629997700011,14.822098612000048],[120.28630419100011,14.82211693100004],[120.28630419700005,14.822149500000023],[120.28630841100005,14.822165784000049],[120.28631683700007,14.82219021000003],[120.28633579400002,14.822226847000024],[120.28633790100002,14.822234989000037],[120.28635053900007,14.82225941400003],[120.28635685800009,14.822275697000066],[120.28635896500009,14.822283839000022],[120.28635897000004,14.822312337000028],[120.28644529700011,14.822285862000058],[120.2864621550001,14.82236524700005],[120.2863964930001,14.822388301000046],[120.28641545200003,14.822435116000065],[120.28641545500011,14.822453436000046],[120.28641124500007,14.82246361500006],[120.28640914100004,14.822473793000029],[120.28639230200008,14.82251450700005],[120.28638809600011,14.822545041000069],[120.28638810900009,14.822626463000063],[120.2863923220001,14.822634605000076],[120.28640495800005,14.822648852000043],[120.28642391000005,14.822654956000065],[120.28645760000006,14.822654951000061],[120.28651234800009,14.822661049000033],[120.28658605300006,14.822709891000045],[120.28660079500003,14.822722102000057],[120.28660921800008,14.822726172000046],[120.28661764100002,14.822728206000022],[120.2866281690001,14.822728205000033],[120.28663448700001,14.822730239000066],[120.28668081100011,14.822730232000026],[120.28671660900011,14.82274244000007],[120.28673977300002,14.82275261500007],[120.2867780250001,14.822758716000067],[120.28680329500003,14.822770925000043],[120.28681171700009,14.822770924000054],[120.28682435200005,14.822774993000053],[120.28683488000001,14.822774991000074],[120.28688541600002,14.822781090000035],[120.28690436800002,14.822789229000023],[120.28692753100006,14.822795333000045],[120.28694437700005,14.822803472000032],[120.286954906,14.822805506000066],[120.28697385800001,14.822813645000053],[120.28700544300011,14.822817712000074],[120.28701597200006,14.822821781000073],[120.28704124000001,14.822827884000048],[120.2870580870001,14.822836024000026],[120.28706650900006,14.822838058000059],[120.28707914300003,14.822838056000023],[120.28708756500009,14.822833983000066],[120.28712124000003,14.822742378000044],[120.286938039,14.82267523300004],[120.28695067000001,14.822656911000024],[120.28712123500009,14.82270980900006],[120.28714228000001,14.822644668000066],[120.28699066500008,14.82258362500005],[120.28699276800012,14.822567340000035],[120.28714438100008,14.822614135000038],[120.2871696410001,14.822569348000059],[120.2869843310001,14.822481848000052],[120.28699696300009,14.822471668000048],[120.28718226900003,14.822534742000073],[120.28719489500008,14.822485886000038],[120.2870348560001,14.822422809000045],[120.2870453810001,14.822402452000063],[120.28720752400011,14.822457387000043],[120.28722646500012,14.822400388000062],[120.28703694700005,14.822329173000071],[120.28704747300003,14.822316958000044],[120.28723698900001,14.822377322000023],[120.28728750100004,14.822231427000077],[120.28708534700002,14.822155470000041],[120.28709587300011,14.822139184000036],[120.28729591900003,14.822210397000049],[120.28730643800009,14.822157471000025],[120.287114814,14.822084221000068],[120.2871232330001,14.822061828000074],[120.2873148540001,14.822116759000039],[120.2873337960001,14.822063831000037],[120.28715901700002,14.821992614000067],[120.28717164900002,14.82198039900004],[120.28734642400002,14.822031260000074],[120.28735483600008,14.821970192000038],[120.2871821650001,14.821911188000058],[120.28718426800003,14.821892868000077],[120.28735904300004,14.821943730000044],[120.28737798600002,14.821896909000031],[120.28720531300007,14.82182365600005],[120.28721373300004,14.821807370000045],[120.28739272000007,14.821864337000022],[120.28741166000009,14.821799197000075],[120.28723056600006,14.82173612300005],[120.28723687900003,14.821715766000068],[120.28743060500005,14.821766625000066],[120.28743902000008,14.821721841000056],[120.28726424400008,14.821666908000054],[120.28726634800012,14.821654695000063],[120.28744954500007,14.821697412000049],[120.28746427500005,14.821640414000058],[120.28724738400001,14.821573275000048],[120.28726843800007,14.821561058000043],[120.28771695700004,14.821677014000045],[120.28770643500002,14.821713656000043],[120.28749796700004,14.821654658000057],[120.28748534100009,14.821703513000045],[120.28768749300002,14.821768619000068],[120.28767907300005,14.82178287000005],[120.28748955700007,14.82172997500004],[120.28747693600008,14.821805293000068],[120.2876222320001,14.821852088000071],[120.28761381200002,14.821868374000076],[120.28746009300005,14.821821580000062],[120.28741379200005,14.821957970000028],[120.28759699300008,14.822021043000063],[120.28758015100004,14.822041402000025],[120.28741800800003,14.821988503000057],[120.28740748900009,14.822041429000024],[120.28757173700001,14.822094328000048],[120.2875591070001,14.822114685000031],[120.28738222600009,14.822065859000077],[120.28736118000006,14.82213100100006],[120.28752963900001,14.822181863000026],[120.28751911500001,14.822202221000055],[120.28735065600006,14.822155429000077],[120.28732961000003,14.822214463000023],[120.28748964700003,14.82226939900005],[120.28748122700006,14.822285684000065],[120.28731908600002,14.82223889200003],[120.28730856700008,14.822297925000044],[120.28748334500006,14.822354893000067],[120.2874770310001,14.822373214000038],[120.2873022550001,14.822324388000027],[120.28727699700005,14.822379352000041],[120.28738860100009,14.822413939000057],[120.28738649800005,14.822430224000072],[120.28727910700002,14.82240988500007],[120.2872580610001,14.822470955000028],[120.28742862700005,14.822525889000076],[120.28742020900006,14.822550317000037],[120.28724332700006,14.822501491000025],[120.28722649100007,14.822556453000061],[120.2873886320001,14.822597140000028],[120.28738442400004,14.822617496000078],[120.28721596600008,14.822572740000055],[120.28719491900006,14.822629739000035],[120.28737236800009,14.82268553800003],[120.28737026600004,14.822707930000036],[120.28718075100005,14.822657070000048],[120.28710919700006,14.822883028000035],[120.28739347400005,14.822980691000055],[120.28739136500008,14.822960336000051],[120.28746295700012,14.822964396000032],[120.28748821900001,14.822935894000068],[120.28747558200007,14.822913505000031],[120.28748610100001,14.822860579000064],[120.28770509700007,14.82291957600006],[120.28768826200007,14.822976574000052],[120.28757034000012,14.822944024000037],[120.28757034700004,14.822980664000056],[120.2876398410001,14.823027471000046],[120.28766511300012,14.823053929000025],[120.28798308300009,14.823157694000031],[120.28804622000007,14.82297244800003],[120.28781916800006,14.822907606000058],[120.28781916300011,14.822880650000059],[120.28805745400007,14.822934524000061],[120.2880650510001,14.822885512000028],[120.28786477900007,14.822807126000043],[120.28787491600008,14.82278997000003],[120.28807011600009,14.822856104000039],[120.2880954530001,14.822785034000049],[120.28789011300012,14.822714000000076],[120.28789771400011,14.822691944000042],[120.28811065500008,14.822740921000047],[120.28812585500009,14.82268455600007],[120.28792051700009,14.822623325000052],[120.2879306530001,14.822603719000028],[120.2881334550001,14.822657599000024],[120.28815625800007,14.822591430000045],[120.28794077900011,14.822520398000052],[120.28795345000003,14.822503243000028],[120.28817399600007,14.822552219000045],[120.28818919500009,14.822493403000067],[120.28797118200009,14.822427273000073],[120.28798638700005,14.82240521500006],[120.28820439900005,14.822461543000031],[120.28822720300002,14.822400276000053],[120.2880041190001,14.822326795000038],[120.28800665100005,14.822309640000071],[120.28824240600011,14.822365966000064],[120.28825760400002,14.822296575000053],[120.28802691500005,14.822223095000027],[120.28804718900005,14.822191234000059],[120.2882601340001,14.822267167000064],[120.2882829350001,14.822191196000063],[120.28806492100011,14.822117715000047],[120.2880725230001,14.822103010000035],[120.28830067500007,14.822166688000038],[120.28831840800001,14.822100520000049],[120.28809532500009,14.822034391000045],[120.28810799400003,14.822002532000056],[120.28832347100001,14.822063761000038],[120.28834120400006,14.821995143000038],[120.28813079600002,14.821929011000066],[120.2881358630001,14.821911857000032],[120.28835641,14.821973085000025],[120.2883804060001,14.821895022000035],[120.2881755090001,14.821833887000025],[120.2881785190001,14.821810584000048],[120.28838944000006,14.821868806000055],[120.28840449500001,14.821807635000027],[120.28819357200007,14.821740675000058],[120.28820863300007,14.821720284000037],[120.28841051500001,14.82177559400003],[120.28844063600002,14.821717334000027],[120.28822368500005,14.821638724000024],[120.288232719,14.821612507000054],[120.2886364850001,14.821734779000053],[120.28861539900004,14.821763910000072],[120.28847980600005,14.82172315300005],[120.28841054200007,14.821929971000031],[120.2885521610001,14.821967814000061],[120.28854613900012,14.821991117000039],[120.28841054600002,14.821953273000076],[120.28833827000005,14.822168830000066],[120.28851002200008,14.82222123200006],[120.2884949600001,14.822241624000071],[120.28833224900006,14.82219795800006],[120.28830514900005,14.822296997000024],[120.28844978100005,14.822334840000053],[120.28843471900007,14.822355232000064],[120.2882961140001,14.822320301000047],[120.28826901100001,14.822404776000042],[120.28840761800006,14.822451358000023],[120.2883985840001,14.82247757500005],[120.28826299000002,14.822436818000028],[120.28801002000012,14.823173473000054],[120.2886247130001,14.823351054000057],[120.28911857500009,14.821751859000074],[120.28897996500007,14.82169362600007],[120.28898598500007,14.821661584000026],[120.28931141200007,14.821763478000037],[120.28930237800012,14.821795520000023],[120.28915473200004,14.82175767800004],[120.28865785900007,14.823368525000035],[120.28920626400009,14.823519903000033],[120.28978745600011,14.821646885000064],[120.28966692600011,14.821606126000063],[120.28967595800009,14.82156825800007],[120.28996824300009,14.821658504000027],[120.28996824700005,14.821684720000064],[120.28983265300008,14.821652702000051],[120.28927554500001,14.823415031000025],[120.28931170600003,14.823438328000066],[120.28928159700001,14.823554845000046],[120.28931783200005,14.823572589000037],[120.28934796400006,14.823575497000036],[120.28936905600006,14.823581319000027],[120.28938713500008,14.823584229000062],[120.28944438300005,14.823584220000043],[120.28946547500004,14.823590042000035],[120.28948656700004,14.823590038000077],[120.289510672,14.823592947000066],[120.28953176300001,14.823592943000051],[120.2895558680001,14.82359585200004],[120.28957093300005,14.82359585000006],[120.28959503800002,14.82359875800006],[120.28963722200001,14.823607490000029],[120.2896492750001,14.82360748800005],[120.28966433900007,14.823604572000022],[120.2896733770001,14.82359583300007],[120.28967940100006,14.823584181000058],[120.28968241100006,14.823569616000043],[120.28969144900009,14.823560876000045],[120.28970651400004,14.823560874000066],[120.28970952800012,14.823563786000022],[120.2897306210001,14.823572521000074],[120.2897396620001,14.82358417100005],[120.28974267700005,14.823595821000026],[120.28975473300011,14.823619121000036],[120.28976979900006,14.82362203200006],[120.28978486500012,14.823622029000035],[120.2898210190001,14.823610372000076],[120.28984210700003,14.823592892000022],[120.28985415900001,14.82358997700004],[120.28988429000003,14.823589972000036],[120.28989634200002,14.82359288300006],[120.28993551500002,14.82361035300005],[120.2899505800001,14.823610350000024],[120.28997769600005,14.823601608000047],[120.28998673400008,14.823595780000062],[120.29001686400011,14.823589950000041],[120.29002891500011,14.823584122000057],[120.2900409670001,14.823584120000078],[120.29006808300005,14.823575377000054],[120.29007712200007,14.823575376000065],[120.29009218600004,14.823569548000023],[120.2901193030001,14.823566631000062],[120.29016449900007,14.823566623000033],[120.29017655300004,14.823575359000074],[120.2901795680001,14.823584097000037],[120.29019463800012,14.82361031000005],[120.2902066910001,14.823619046000033],[120.29021874500006,14.82362487000006],[120.29024284900004,14.823624865000056],[120.2902699650001,14.823613210000076],[120.29027599000005,14.823607383000024],[120.2902940670001,14.823601555000039],[120.2903061180001,14.823595727000054],[120.29031214400004,14.823595726000065],[120.29033323500005,14.823589897000033],[120.29034528600005,14.823584069000049],[120.29042362500002,14.823584056000072],[120.29043567800011,14.82358696700004],[120.2904477300001,14.823586965000061],[120.29048991500008,14.82359569600004],[120.290507993,14.823595693000073],[120.29055921700001,14.823607336000066],[120.29063153100003,14.823607324000022],[120.29064358200003,14.823601496000038],[120.29065262000006,14.82359275600004],[120.2906616570001,14.82358401600004],[120.29067973100007,14.823560711000027],[120.29070082100009,14.823549056000047],[120.2907369730001,14.823525748000066],[120.29075203700006,14.823519920000024],[120.29080928500002,14.823514085000056],[120.29086954600007,14.823514075000048],[120.29089666200002,14.823502419000022],[120.2909117270001,14.823502416000053],[120.290941857,14.823496586000033],[120.2909870530001,14.82349657800006],[120.29100211800005,14.823493663000022],[120.29102622300002,14.823493659000064],[120.29105334300004,14.823505305000026],[120.29107744800001,14.823511127000074],[120.29110456900003,14.823525686000039],[120.29111662300011,14.823534422000023],[120.2911256640001,14.823546072000056],[120.29114977200004,14.82356354500007],[120.29115881400003,14.823575194000057],[120.29115881900009,14.823601409000048],[120.29116183400004,14.82361306000007],[120.29116786200007,14.823624710000047],[120.29117087800012,14.82363636100007],[120.2911708790001,14.823645099000032],[120.29157526800009,14.823634187000039],[120.29156748300011,14.823590961000036],[120.29155775600009,14.823560891000056],[120.29154803200004,14.823543977000043],[120.29154025500009,14.823540219000051],[120.29152858700002,14.823527065000064],[120.2915208070001,14.82351015100005],[120.29152079900007,14.823463164000032],[120.29152857200006,14.82344624700005],[120.29153051300011,14.823427452000033],[120.29153439900006,14.823416175000034],[120.2915382860001,14.82341053600004],[120.29153828300002,14.823393620000047],[120.29154022600005,14.823384223000062],[120.29154021900001,14.823350392000066],[120.29153827400012,14.823342874000048],[120.29152855000007,14.823327840000047],[120.29151688000002,14.823303409000061],[120.29151104400012,14.823284615000034],[120.2915110350001,14.823233870000024],[120.29151297800001,14.823226351000073],[120.29151297600004,14.823216954000031],[120.29151686300008,14.823211315000037],[120.29151685500005,14.823166207000043],[120.29151101800005,14.823143655000024],[120.29150906900009,14.823115463000022],[120.291128017,14.82315311800005],[120.29113969500008,14.823224536000055],[120.2911047,14.823228301000029],[120.29109690900009,14.82315124400003],[120.29098609300001,14.823160660000042],[120.29099582800006,14.823239597000054],[120.29097638700011,14.823245239000073],[120.2909685940001,14.82315690400003],[120.29053540300004,14.823190809000039],[120.29054319200009,14.823258469000052],[120.29052375000003,14.823260352000034],[120.29048870600002,14.822993472000064],[120.2905120370001,14.822995347000074],[120.29053345300008,14.823158858000056],[120.29064621300006,14.823145683000064],[120.29063257600001,14.822997206000025],[120.29065396300007,14.823000962000037],[120.2906753740001,14.823140039000066],[120.290821187,14.823134376000041],[120.29082504700011,14.822982138000043],[120.29084060100001,14.822982135000075],[120.2908581260001,14.823130611000067],[120.29096116500011,14.823117437000064],[120.29094947300007,14.822972719000063],[120.29097669300006,14.822980232000077],[120.29099616000008,14.823117431000071],[120.29109336800002,14.823109896000062],[120.291083619,14.822957660000043],[120.29109722900012,14.822961417000045],[120.29112642000007,14.82311740800003],[120.2914666470001,14.82308727800006],[120.29145494300008,14.822876778000023],[120.29147438500001,14.822878654000021],[120.29149386400002,14.823077875000024],[120.29152108100004,14.823070353000048],[120.29153857500012,14.82304591600007],[120.29153857100005,14.823025242000028],[120.29153662500005,14.823015845000043],[120.29152884500002,14.823000811000043],[120.29152106300012,14.82296886100005],[120.29151911500003,14.822950066000033],[120.29151910400003,14.822891802000072],[120.29151715600005,14.822871128000031],[120.29150548400003,14.822829782000042],[120.29150547500001,14.822780915000067],[120.2915113030001,14.822758360000023],[120.29151713300007,14.822743323000054],[120.29153462400006,14.822709489000033],[120.29154045400003,14.822694452000064],[120.29154044900008,14.822662501000025],[120.29153850300008,14.82265310400004],[120.29153461300007,14.822645586000021],[120.2915210000001,14.822628673000054],[120.29150933300002,14.822615519000067],[120.29148599900009,14.822604673000058],[120.29146266500004,14.82258024400005],[120.2914529410001,14.822567089000074],[120.29144905100009,14.822557693000022],[120.29144904400005,14.822518224000078],[120.2914529300001,14.822505067000066],[120.29146264600001,14.822482511000032],[120.29147430700004,14.822459955000056],[120.29147430500007,14.822448678000057],[120.29147041500005,14.822439282000062],[120.2914626380001,14.82243552400007],[120.29144319600005,14.822435527000039],[120.29142569900011,14.822439289000044],[120.29141594300006,14.822251343000062],[120.29126818600002,14.822255128000052],[120.29126818200007,14.822234453000021],[120.29140816200004,14.82222691100003],[120.29141593400004,14.822200597000062],[120.29139843600001,14.822198721000063],[120.2914003620001,14.82210286700007],[120.29126232600004,14.822102891000043],[120.29126426500011,14.822074698000051],[120.29140424600007,14.822078433000058],[120.29140439300011,14.821904231000076],[120.29142616500008,14.821897231000037],[120.2914489320001,14.821914910000032],[120.29145670600008,14.821899872000074],[120.29146836900009,14.821886714000073],[120.29147031200011,14.821877316000041],[120.2914722490001,14.821839726000064],[120.29147808000005,14.821832207000057],[120.29148391000001,14.821817170000031],[120.29148390300008,14.821781460000068],[120.29148779100001,14.821779580000054],[120.29148389500006,14.821741348000046],[120.29147611600001,14.821726314000045],[120.29147222400002,14.821709399000042],[120.29147222200004,14.821698122000043],[120.29146833200002,14.821690605000072],[120.29146832200001,14.821634220000021],[120.29144887200005,14.821594755000035],[120.29144887100006,14.821589116000041],[120.29144498100004,14.821579719000056],[120.29144303300006,14.821555287000024],[120.29144108700007,14.82154964800003],[120.2913419350001,14.821551545000034],[120.29133608500001,14.821461331000023],[120.29116694300001,14.821461360000058],[120.29116498400003,14.82138430200007],[120.29144494400009,14.821376735000058],[120.29144299300003,14.821344785000065],[120.29144298500012,14.821297798000046],[120.2914468680001,14.821273364000035],[120.29144684300002,14.821136162000073],[120.29143905800004,14.821091055000068],[120.29143904800003,14.821038430000044],[120.2914390410001,14.82099708100003],[120.29144292600006,14.820980165000037],[120.29144291700004,14.820933178000075],[120.29144486000007,14.820923780000044],[120.29144485800009,14.820912503000045],[120.29143513300005,14.82088807200006],[120.29142929900001,14.820882434000055],[120.29142540900011,14.820874917000026],[120.2914195730001,14.820852364000075],[120.291419571,14.820844846000057],[120.29142540300006,14.820839207000063],[120.29143512000007,14.820820410000067],[120.29143511900008,14.820812892000049],[120.29144483800007,14.820801614000061],[120.29144288700002,14.820770497000069],[120.2914389980001,14.82076298000004],[120.29141372000004,14.820747948000076],[120.29141177500003,14.820740431000047],[120.29141177200006,14.820723515000054],[120.2914137140001,14.820714117000023],[120.29142148800008,14.820699080000054],[120.2913922240001,14.820150277000039],[120.29138846700005,14.820137143000068],[120.29139043400005,14.820121907000043],[120.29139634100011,14.820106671000076],[120.29139633600005,14.82007810500005],[120.29140224500009,14.820072391000053],[120.29141209300008,14.820068581000044],[120.29142194300005,14.820068579000065],[120.29142982200005,14.820066673000042],[120.29144557900008,14.820053340000072],[120.29150072400012,14.819979060000037],[120.29150662800009,14.819952397000066],[120.29150465700002,14.819942875000038],[120.29149677400005,14.819927642000039],[120.29149480300009,14.819920024000055],[120.29149479900002,14.81989907600007],[120.29149676800012,14.81989145800003],[120.29150464500003,14.819876222000062],[120.29151055300008,14.819870508000065],[120.2915341900001,14.81985717300006],[120.29155979500001,14.81983622000007],[120.29156767400002,14.81983241000006],[120.29159131200004,14.819826693000039],[120.2916110110001,14.81982669000007],[120.29162874000008,14.819822878000025],[120.29176860400003,14.819822854000051],[120.29177451300006,14.819820948000029],[120.29182376000006,14.81981522700005],[120.291843459,14.819815223000035],[120.29185724900003,14.819819030000076],[120.29187497900011,14.819819027000051],[120.29188088700005,14.819811408000078],[120.29190649600002,14.819811404000063],[120.2919242260001,14.819813305000025],[120.29193801600002,14.819817112000067],[120.29195968500005,14.819817108000052],[120.29196756400006,14.81981520200003],[120.2919734730001,14.819811392000076],[120.29199119900011,14.819792345000053],[120.29201089500009,14.81977710700005],[120.29202271400004,14.819771391000074],[120.29203256300002,14.819767581000065],[120.29206211000007,14.819761863000053],[120.29207392900003,14.819758052000054],[120.29210347700007,14.819752333000054],[120.29211332700004,14.819752332000064],[120.29213302500011,14.819744711000055],[120.2921428730001,14.819737091000036],[120.29217438800003,14.819718042000034],[120.29218226700004,14.819716136000068],[120.2922216610001,14.819691372000023],[120.2922176940001,14.819544655000072],[120.29212313800008,14.819544671000074],[120.29211919200009,14.819512297000074],[120.29229845400005,14.819506553000053],[120.29228860900002,14.819531312000038],[120.29224724100004,14.819535128000041],[120.29225121400009,14.81971414000003],[120.292548667,14.819681713000023],[120.29255260600007,14.819674095000039],[120.29256442300004,14.819662666000056],[120.29257427300001,14.819660760000033],[120.29258215300001,14.819662663000031],[120.29259988400008,14.819672182000033],[120.29261170400002,14.819674084000042],[120.29263928300009,14.819674079000038],[120.2926471620001,14.819668365000041],[120.29265110100005,14.819662651000044],[120.29265306900004,14.81965503300006],[120.29265306700006,14.819645511000033],[120.29265700600001,14.81963789300005],[120.29267276400003,14.819632177000074],[120.29268852300004,14.819630270000062],[120.29272004300003,14.819630264000068],[120.29275550400007,14.819641684000032],[120.29277520300002,14.819641681000064],[120.2927929330001,14.81964167700005],[120.29281243600008,14.81962834500007],[120.29283410400001,14.819622628000047],[120.29285577300004,14.819622624000033],[120.29289911300009,14.819632138000031],[120.29296806000002,14.819632126000045],[120.29299169700005,14.81962260000006],[120.29301533500006,14.819616883000037],[120.29306458300005,14.819618778000063],[120.29309019000004,14.819609252000078],[120.29313155700004,14.819601627000054],[120.29316307500005,14.81960162100006],[120.29317883500005,14.819603523000069],[120.29321823200007,14.819595898000046],[120.29327732600007,14.819578748000026],[120.29330096300009,14.819569222000041],[120.29331672100011,14.819559697000045],[120.29335217700009,14.81954636000006],[120.2933777830001,14.819533025000055],[120.29338960200005,14.819529214000056],[120.29340536000007,14.819521593000047],[120.2934211170001,14.819510164000064],[120.2934546030001,14.81949682800007],[120.29347824100012,14.819491110000058],[120.29350384800011,14.81947967900004],[120.29351172700001,14.819477773000074],[120.29353536400004,14.819466343000045],[120.29354324300004,14.819460628000058],[120.29356097100003,14.81945300700005],[120.29378348400007,14.819307737000031],[120.29389378000008,14.81920487900004],[120.29389377700011,14.819187740000075],[120.2938760400001,14.819149655000047],[120.29387209700008,14.819132516000025],[120.29387209100003,14.819100142000025],[120.29387405900002,14.819090619000065],[120.29387996700007,14.819083001000024],[120.29392329900008,14.819046809000042],[120.29393314600009,14.819031572000029],[120.29394102100002,14.819008718000077],[120.29394692500011,14.818978247000075],[120.29395086400007,14.818972533000021],[120.29395480000005,14.818955392000078],[120.29395479800007,14.818942062000076],[120.29395873500005,14.818928730000039],[120.29395873300007,14.818919208000068],[120.29396464100012,14.818909685000051],[120.29396463300009,14.818865884000047],[120.29396839900005,14.818837487000053],[120.29396051300012,14.818803210000056],[120.2939585370001,14.818772740000043],[120.29395656700001,14.818770836000056],[120.29394868100007,14.818740367000032],[120.29393488700009,14.818717517000039],[120.29392503700001,14.818711806000067],[120.29391715700001,14.81870990300007],[120.29390927700001,14.818709904000059],[120.29389351900011,14.818713716000047],[120.29387775900011,14.818713719000073],[120.29386791000002,14.818711816000075],[120.29382850700006,14.818690875000073],[120.29380092500003,14.818671836000021],[120.29379501400001,14.81866612400006],[120.29378910300011,14.818658507000066],[120.29378713000006,14.818641368000044],[120.29378712400012,14.818610898000031],[120.29378909200011,14.818603280000048],[120.2938009070001,14.818578521000063],[120.29381469300006,14.81856328300006],[120.2938284810001,14.81855566300004],[120.29384817700009,14.818538520000061],[120.2938639350001,14.818532804000029],[120.29390332900005,14.818509944000027],[120.2939171160001,14.818496611000057],[120.29392893300007,14.81848327800003],[120.29394074800007,14.818460424000023],[120.29394862100003,14.818428047000054],[120.2939525590001,14.81842042900007],[120.29396437600008,14.818407096000044],[120.29397422400007,14.81839947700007],[120.2939880130001,14.818395666000072],[120.29399786200008,14.818395664000036],[120.29400771100006,14.818391853000037],[120.2940668010001,14.818355659000076],[120.2940746810001,14.818353753000054],[120.29413968200004,14.81832517500004],[120.29416725700003,14.818306126000039],[120.29417513600004,14.818302316000029],[120.29416331000004,14.81826944200003],[120.2941613380001,14.81825992000006],[120.29414163100012,14.818218027000057],[120.29412192500001,14.818183752000039],[120.29410813400011,14.81817232800006],[120.29409040300004,14.818164714000034],[120.29406676000008,14.81814567400005],[120.2940529650001,14.818115207000062],[120.29405099300004,14.818105685000035],[120.29404311200005,14.818096164000053],[120.29402932100004,14.818088549000038],[120.29401355900006,14.818075222000061],[120.2940115880001,14.818069509000054],[120.29400567700009,14.81806189200006],[120.29399976500008,14.818046658000071],[120.29397808800002,14.818004766000058],[120.2939741450001,14.817989531000023],[120.29397414100004,14.817970487000025],[120.2939721680001,14.817955253000036],[120.29397216100006,14.817915260000063],[120.2939701890001,14.81790764300007],[120.29396230700002,14.817892409000024],[120.29394260700008,14.817888604000075],[120.29391896800007,14.817890513000066],[120.29391305900003,14.817892418000042],[120.29388942000003,14.817892423000046],[120.29387169000006,14.817886713000064],[120.29383031800012,14.817865772000061],[120.29382046800004,14.817860060000044],[120.29379879500004,14.81784102000006],[120.29375741500007,14.81777818300003],[120.29375544400011,14.817772470000023],[120.29368059600006,14.817812476000029],[120.29352714900006,14.817571581000038],[120.29360002600004,14.817522054000051],[120.29364140300004,14.817571561000022],[120.29365913000004,14.81756013100005],[120.29365912900005,14.817554418000043],[120.29365518800012,14.817546801000049],[120.29363745500007,14.817527760000075],[120.29361381100011,14.817497295000067],[120.29360198600011,14.81746878100006],[120.29359804,14.817440216000023],[120.29358818800006,14.817424983000024],[120.29358621600011,14.817415461000053],[120.29358227500006,14.817407844000059],[120.29357438800002,14.817371662000028],[120.29357438500006,14.817354523000063],[120.29357832200003,14.817339287000038],[120.29357832100004,14.817331669000055],[120.29359013600003,14.817308815000047],[120.29359604400008,14.817301196000074],[120.29360392000001,14.817282151000029],[120.29360982800006,14.817274532000056],[120.2933103150001,14.816806106000058],[120.29348364000009,14.816674672000033],[120.29443688300012,14.818103978000067],[120.29438173100004,14.818132554000044],[120.2944566110001,14.818252518000065],[120.29470682600004,14.818423868000025],[120.29487412100002,14.818616557000041],[120.29502780600001,14.818776497000044],[120.29510267600006,14.818845041000031],[120.29516177900007,14.818871692000073],[120.29522678900003,14.818885011000077],[120.29526421900005,14.818888812000068],[120.29540603700002,14.818808802000035],[120.29613045400004,14.818345897000029],[120.29528313900005,14.817071980000037],[120.29490874500004,14.816496923000045],[120.29564145400002,14.816050352000047],[120.29687595900009,14.817863513000077],[120.29752861800011,14.817434897000055],[120.297540432,14.817408233000037],[120.29775314800008,14.817252032000056],[120.2979458430001,14.816943352000067],[120.29795175200002,14.81693763800007],[120.29797144500003,14.816910972000073],[120.29797932200006,14.816895736000049],[120.29798719300004,14.81685955100005],[120.29798719100006,14.816850029000022],[120.29799112700005,14.816830984000035],[120.29799109800001,14.816693868000073],[120.2979950350001,14.816678632000048],[120.29799503000004,14.816657684000063],[120.29799896600002,14.816636735000031],[120.29799896300005,14.816625309000074],[120.29800289900004,14.816608168000073],[120.29800486500005,14.81658722000003],[120.29800880200003,14.816575793000027],[120.29800880000005,14.816566271000056],[120.29801470300004,14.816533895000077],[120.29801666800006,14.816509137000025],[120.29802060400004,14.816493901000058],[120.29802060200007,14.81648437900003],[120.29802453800005,14.816465335000032],[120.29803044500011,14.816452003000052],[120.29803831700008,14.816415818000053],[120.29804225500004,14.816408199000023],[120.29804225300006,14.816400582000028],[120.2980501290001,14.816381536000051],[120.2980520960001,14.81636820500006],[120.29805800400004,14.816358682000043],[120.29806784800007,14.816333923000059],[120.29807375600001,14.816326304000029],[120.29807572400011,14.816318686000045],[120.29808360200002,14.816311067000072],[120.29808557100012,14.816305353000075],[120.29809344800003,14.816293925000025],[120.29809541600002,14.816286307000041],[120.29811511200012,14.816270321000047],[120.29812101900006,14.816258894000043],[120.29812298800005,14.816253180000047],[120.298122981,14.816222710000034],[120.29812101000005,14.81621509300004],[120.29811115600012,14.816197955000064],[120.29809538800009,14.816156061000072],[120.29809144400008,14.816133210000032],[120.29808750200004,14.816125593000038],[120.29808356000001,14.816112263000036],[120.29807764500003,14.816087507000077],[120.29807764300006,14.816079889000036],[120.29806187300005,14.81602656900003],[120.29798299900006,14.815660942000022],[120.29783709300011,14.815022601000067],[120.29774444100008,14.814698874000044],[120.297675475,14.814599697000062],[120.29765969000005,14.814479724000023],[120.29768923200004,14.81445115200006],[120.29769317000012,14.814443534000077],[120.2976971060001,14.814424489000032],[120.29769710500011,14.814416872000038],[120.2976734560001,14.814369267000075],[120.29766754500008,14.814361650000023],[120.29766163200009,14.814346416000035],[120.29765374400006,14.814304521000054],[120.29764980400012,14.814302618000056],[120.29756305300009,14.813936960000035],[120.29743688700012,14.813487638000026],[120.297255543,14.812929144000066],[120.29724174500006,14.812881727000047],[120.29722006700001,14.81283602600007],[120.29721809500006,14.812828409000076],[120.29721021300008,14.812815079000075],[120.29720232700004,14.812782706000064],[120.29720035200012,14.812757950000048],[120.29719641000008,14.812746524000033],[120.29719443600004,14.812727481000024],[120.29719049300002,14.81271034200006],[120.2971865510001,14.812702725000065],[120.29718260700008,14.812679873000036],[120.29717669400009,14.812664639000047],[120.29717275400003,14.81266273600005],[120.29715896100004,14.812641790000043],[120.29712152900004,14.812618945000054],[120.29711167800008,14.812611329000049],[120.29710773700003,14.812605617000031],[120.2970821240001,14.812582769000073],[120.2970545390001,14.812548495000044],[120.29705256700004,14.81254087800005],[120.2970486260001,14.812535166000032],[120.29704468400007,14.812519931000054],[120.2970446810001,14.81250850500004],[120.2970466490001,14.812498983000069],[120.29705058700006,14.812491364000039],[120.29706240300004,14.812474223000038],[120.29706831100009,14.812468508000052],[120.2971037640001,14.81244564900004],[120.29703215900008,14.812244303000057],[120.2970160960001,14.81222101800006],[120.297013418,14.812213256000064],[120.29700003500011,14.812208084000076],[120.2969866520001,14.812205499000072],[120.29697594700008,14.812208088000034],[120.29695453800002,14.81222361700003],[120.29694116000007,14.812241732000075],[120.29693045600004,14.812252084000022],[120.29692242700003,14.812254672000051],[120.29690636900011,14.812254675000077],[120.2968983400001,14.812257264000039],[120.29687960500007,14.812259855000036],[120.29686622300005,14.812259858000061],[120.29684748700004,14.812254686000074],[120.29683678000004,14.81224951300004],[120.29681804200004,14.812233991000028],[120.29680198000005,14.812215882000032],[120.29678859400008,14.812195184000075],[120.29678323900009,14.812182248000056],[120.2967752080001,14.812171899000077],[120.29677252900001,14.812161550000042],[120.29676717600012,14.812158963000059],[120.29674308000006,14.812117568000076],[120.29673772300009,14.812096869000072],[120.2967296920001,14.812083933000054],[120.29671898100003,14.812060647000067],[120.29671630400003,14.812052885000071],[120.29671630200005,14.812045123000075],[120.29670559200008,14.812021837000032],[120.2967029130001,14.812011488000053],[120.29669488100001,14.811995965000051],[120.29669488000002,14.811990790000038],[120.29668952500003,14.81198044100006],[120.29668684600006,14.811962329000039],[120.29668149000008,14.811946805000048],[120.29667881300009,14.811944218000065],[120.296676133,14.811928693000027],[120.29667077900001,14.811918344000048],[120.29666810000003,14.81190540700004],[120.29666274400006,14.811892471000021],[120.2966573860001,14.811864009000033],[120.29665203100001,14.81185107300007],[120.2966386390001,14.811801913000068],[120.29663328100003,14.811776039000051],[120.29663327900005,14.811763101000054],[120.29662792200008,14.81174240300004],[120.2966225670001,14.811729466000031],[120.29661988800001,14.811716529000023],[120.29661988600003,14.811706179000055],[120.29661720700005,14.811695830000076],[120.29661720500008,14.811682892000022],[120.2966145260001,14.81166736800003],[120.2966145150001,14.811613030000046],[120.29661183700011,14.811602681000068],[120.29661183400003,14.81158974300007],[120.29660915600005,14.811579394000034],[120.29660915400007,14.811569044000066],[120.29660379900008,14.81156128200007],[120.2966011200001,14.811545758000022],[120.29658773100005,14.811512123000057],[120.29658237400008,14.81148624900004],[120.29658237100011,14.811473311000043],[120.29657969100003,14.811455199000022],[120.29657966400009,14.81131130600005],[120.29657698500012,14.811298369000042],[120.29657697700009,14.811254382000072],[120.2965796520001,14.811244032000047],[120.29658767800004,14.81123109300006],[120.29661176000002,14.811200039000028],[120.29661978800004,14.811192275000053],[120.29664119100005,14.811150871000052],[120.29664386600007,14.811140521000027],[120.29664386400009,14.811130171000059],[120.29665188700005,14.811096532000022],[120.29665188500007,14.811086182000054],[120.2966545590001,14.81107583100004],[120.29665453200005,14.810930932000076],[120.296643818,14.810889534000069],[120.29572161500005,14.810379961000024],[120.29553967000004,14.810654267000075],[120.2955343210001,14.810672380000028],[120.29549586400003,14.810674974000051],[120.29548247800005,14.810654277000026],[120.29530048800007,14.81069053300007],[120.29530852200003,14.810713819000057],[120.29526034900005,14.810729353000056],[120.29525767000007,14.810711241000035],[120.29508103300009,14.81074490800006],[120.29509174700001,14.810794069000053],[120.29503822100003,14.810801840000067],[120.29502482900011,14.810750093000024],[120.29495256900009,14.810765630000049],[120.29497934200003,14.810814788000073],[120.29480538200005,14.81085104300007],[120.29477860600002,14.810786360000066],[120.29471169900012,14.810801896000044],[120.29472776900002,14.810866581000028],[120.29468227200005,14.810876938000035],[120.29466887800004,14.810814841000024],[120.29447618300003,14.810851098000057],[120.29449224700011,14.810879558000067],[120.29444942600003,14.810889915000075],[120.29443603900006,14.810864042000048],[120.2942594000001,14.810889947000021],[120.29426743300007,14.810908058000052],[120.2941496740001,14.810928778000061],[120.29414698700009,14.810874441000067],[120.29425136500004,14.810856311000066],[120.29425672000002,14.810871835000057],[120.29442532700011,14.810827819000053],[120.29441461700003,14.810804534000056],[120.29446814300002,14.810789000000057],[120.29448153100009,14.810822635000022],[120.29465816600009,14.810778618000029],[120.29463674500005,14.810721697000076],[120.29493113900003,14.81066472200007],[120.29493650000006,14.810706121000067],[120.2950087590001,14.81068799600007],[120.29499804600005,14.810646598000062],[120.29505692500004,14.81063623800003],[120.2950622830001,14.810664700000075],[120.29546908300006,14.81058441700003],[120.29552260800006,14.81056888300003],[120.29568315000006,14.810333392000075],[120.2956429940001,14.810281649000046],[120.29563228000006,14.810235076000026],[120.29562691700005,14.810180740000021],[120.29564296600006,14.810128987000041],[120.29577139300011,14.809915032000049],[120.29581685400001,14.80971061200006],[120.29509147500005,14.809309676000055],[120.29442230900008,14.80893450700006],[120.2945109960001,14.808772222000073],[120.29593658700003,14.809548264000057],[120.29598980500009,14.809521408000023],[120.29599674600001,14.809514696000065],[120.29602219700007,14.80949679400004],[120.29603607800004,14.809481131000041],[120.29608466500008,14.80944085300007],[120.29610317200002,14.809418478000055],[120.29613093300009,14.80937820400004],[120.29613787400001,14.809371492000025],[120.29614250000009,14.80936254200003],[120.29614944100001,14.809355829000026],[120.2961887670001,14.809290945000043],[120.29619570500006,14.809270809000054],[120.29619570400007,14.809266335000075],[120.29620495400002,14.809232775000055],[120.29620495200004,14.80922382700004],[120.29621419900002,14.809179082000071],[120.29621419700004,14.809167896000076],[120.29621650900003,14.809158947000071],[120.29621650800004,14.809149998000066],[120.29621882000004,14.809143286000051],[120.29621881800006,14.809132101000046],[120.29622113000005,14.809118677000072],[120.2962211140001,14.80904037700003],[120.29622342700009,14.809031428000026],[120.29622341700008,14.808984447000057],[120.29621878400008,14.808955365000031],[120.29621415100007,14.808930757000041],[120.29620952100004,14.808921809000026],[120.29618868400007,14.808863647000067],[120.29617942400012,14.808845752000025],[120.29617710800005,14.808836803000077],[120.29617016400005,14.80882561900006],[120.2961678480001,14.808816671000045],[120.29616321900005,14.80880772300003],[120.29615627100009,14.80878087800005],[120.29615626700001,14.80875850700005],[120.29615395000008,14.808742847000076],[120.29615394000007,14.80869362900006],[120.29616087600004,14.808662308000066],[120.29616087500006,14.808653359000061],[120.29616550100002,14.808642173000067],[120.29618168700006,14.808579529000042],[120.29618631100004,14.808559394000042],[120.29618862000007,14.808537022000053],[120.29620480500012,14.808467667000059],[120.29620480300002,14.808456482000054],[120.29620942700001,14.808434109000075],[120.2962163630001,14.80840726200006],[120.29622099000005,14.808398313000055],[120.29623023800002,14.808360279000055],[120.29623023400006,14.808337907000066],[120.29622559900008,14.808302114000071],[120.29622559500001,14.808279742000025],[120.29622327900006,14.808270794000066],[120.29622327700008,14.808259608000071],[120.29621864500007,14.80823947500005],[120.29621864300009,14.808228289000056],[120.29621169400002,14.80819473300005],[120.29621169200004,14.808183547000056],[120.29620937700008,14.808179073000076],[120.29620936700007,14.808127618000071],[120.29620473500006,14.80810748500005],[120.29620472900001,14.808076164000056],[120.29620472700003,14.808064978000061],[120.29620935100002,14.808044843000062],[120.29620934800005,14.808024709000051],[120.29620703300009,14.808020235000072],[120.29620240000008,14.807997864000072],[120.29618851200007,14.807973258000061],[120.29618619600001,14.807964309000056],[120.296172307,14.807937466000055],[120.29615147400011,14.807906149000075],[120.29613758700009,14.807888254000034],[120.29610287100002,14.807861415000048],[120.29608435800003,14.807852469000068],[120.29605890200003,14.807845763000046],[120.29604733200006,14.807843527000045],[120.29603576200009,14.80784353000007],[120.29599873600012,14.807834588000048],[120.29599179400009,14.807834589000038],[120.29594782600009,14.807825648000062],[120.29591774300002,14.807825654000055],[120.29589923100002,14.807823420000034],[120.29585063500008,14.807814480000047],[120.2958136090001,14.807805538000025],[120.29580435300011,14.807805539000071],[120.29579741000009,14.807803303000071],[120.29576732800001,14.807801072000075],[120.29573724500005,14.807796603000043],[120.29571641900009,14.807796606000068],[120.29570947600007,14.807792133000078],[120.29574183700004,14.807607288000042],[120.29565390300002,14.807598355000039],[120.29560994400003,14.807636395000031],[120.29556596700002,14.80757823600004],[120.29554282800007,14.807582715000024],[120.29555205200006,14.807419401000061],[120.29563304400006,14.807423860000029],[120.29564922700001,14.807345557000076],[120.29559137500007,14.807338856000058],[120.29556822900008,14.807307540000068],[120.29559135400007,14.807226998000033],[120.29569317300002,14.807240403000037],[120.29570010400005,14.807186710000053],[120.29558439900006,14.807162122000022],[120.29557744500005,14.807095008000033],[120.29558900100005,14.807025654000029],[120.29568382600007,14.80676836400005],[120.29569076700011,14.806761651000045],[120.29570233300001,14.806741515000056],[120.2957162140001,14.806725852000056],[120.29572084000006,14.806716903000051],[120.29574166300006,14.806699002000073],[120.29576942400001,14.806663202000038],[120.29578792900008,14.80662740400004],[120.29580180500011,14.80658713300005],[120.29580179800007,14.806551338000077],[120.295799482,14.806537916000025],[120.29579253400004,14.806506596000077],[120.29578790300002,14.806495411000071],[120.29578327200011,14.80647751500004],[120.29577864200007,14.806468567000024],[120.29577632600001,14.806457382000076],[120.29575780700009,14.806419353000024],[120.29572771700009,14.806376852000028],[120.29569530900005,14.806318692000048],[120.29569530600008,14.806300794000038],[120.29569761800008,14.806291845000032],[120.29570455600003,14.806271709000043],[120.29571612300003,14.806251573000054],[120.29574157200011,14.80622919600006],[120.29577396400009,14.806209056000057],[120.29577859200003,14.806209055000068],[120.2958318100001,14.806187874000045],[120.2958410660001,14.806185635000077],[120.29585032200009,14.806185633000041],[120.2958688330001,14.806181156000036],[120.29588040300007,14.806181154000058],[120.29588965800008,14.806178915000032],[120.29591048400005,14.806178911000075],[120.29593825100005,14.806172195000045],[120.29596833000005,14.806156529000077],[120.29598915200006,14.806138628000042],[120.29600303300003,14.806120728000053],[120.29601228600006,14.806105067000033],[120.29602153700012,14.806082693000064],[120.29602615800002,14.806044661000044],[120.29602615500005,14.806026764000023],[120.296023837,14.80600663000007],[120.29601920400012,14.805982022000023],[120.2960145730001,14.805968600000028],[120.2960145720001,14.805959651000023],[120.29600530900007,14.805923858000028],[120.2960029940001,14.805921621000039],[120.29600067700005,14.805905962000054],[120.295996048,14.805899251000028],[120.29598215900012,14.805870171000038],[120.29596595700002,14.805850039000063],[120.29578545900006,14.805816514000071],[120.29578773200001,14.805601747000026],[120.29574607900008,14.80559280500006],[120.29575759900001,14.805333292000057],[120.29600750100008,14.805292979000058],[120.29599591400006,14.805201257000022],[120.29569047300004,14.805228158000034],[120.29476597600001,14.803561557000023],[120.29470800900003,14.80293739800004],[120.29475018000005,14.80290674400004],[120.296131263,14.802786496000067],[120.29615818600007,14.802766680000047],[120.29615873000012,14.802760375000048],[120.29617408500008,14.802734634000046],[120.29619623300005,14.802706267000076],[120.29621172100008,14.802697995000074],[120.29623875700008,14.802689067000074],[120.29627013900006,14.802686839000046],[120.29628521900008,14.802683295000065],[120.29630804200008,14.802685136000036],[120.29632950700011,14.802683695000042],[120.29634906900003,14.802685273000066],[120.29636931200002,14.802678972000024],[120.29638303400009,14.802672144000041],[120.2964108860001,14.802653760000055],[120.29643996000004,14.80264023500007],[120.296461969,14.802632489000075],[120.29649715500011,14.802624219000052],[120.29653505800002,14.802622517000032],[120.29655136000008,14.802623832000052],[120.29660298500005,14.80261530200005],[120.29662417700001,14.802617012000042],[120.29664985200009,14.802623846000074],[120.29667267500008,14.802625688000035],[120.29674223100005,14.802618604000031],[120.29679277000002,14.80260363800005],[120.29680105700004,14.802602720000039],[120.29684806300008,14.80259064300003],[120.29687632100001,14.802586575000078],[120.29689479700005,14.802581718000056],[120.29691694200005,14.802572395000027],[120.29693025600011,14.802570296000056],[120.29696231800006,14.80256018600005],[120.29697604000012,14.802553358000068],[120.29698147500005,14.80254744900003],[120.29699125900004,14.802529194000044],[120.29699669400009,14.802523284000074],[120.29700865000007,14.802517900000055],[120.2970252240001,14.80251606400003],[120.29706231000011,14.802523818000054],[120.29706896700009,14.802522768000074],[120.29708689900008,14.802524215000062],[120.29711678700005,14.802520279000078],[120.29713703000004,14.802513977000046],[120.29715591400009,14.80250439200006],[120.29719246200011,14.80248036100005],[120.29722330200002,14.802465392000045],[120.2972468050001,14.802459353000074],[120.29728253600001,14.80244477900004],[120.29731228800006,14.802442419000045],[120.29732587400008,14.80243716700005],[120.29733280300002,14.802432965000037],[120.29735590100006,14.802412610000033],[120.29738361700004,14.802395801000046],[120.29739856100002,14.802393833000053],[120.29741989000001,14.802393967000057],[120.29743320300008,14.80239186800003],[120.29745711500004,14.802381101000037],[120.29748483100002,14.80236429200005],[120.29753700000003,14.802349457000048],[120.29752516300005,14.80214367800005],[120.29748508600005,14.802151553000044],[120.29746185500005,14.802154440000038],[120.29738808500008,14.80217229300007],[120.29733333600007,14.802178984000022],[120.29729828600011,14.802185678000058],[120.29723266700012,14.802204189000065],[120.29720549500007,14.802214693000053],[120.29713851800011,14.802229920000059],[120.29712493200009,14.802235172000053],[120.29708797900003,14.80224488600004],[120.29704205900009,14.802263399000026],[120.2969981760001,14.802277316000072],[120.29698961700001,14.80228138700005],[120.29694954000001,14.802289262000045],[120.29691978800008,14.802291622000041],[120.29687550000006,14.802291222000065],[120.29685267700006,14.802289380000047],[120.29684439000005,14.802290299000049],[120.29679711400001,14.802286484000035],[120.29676638400008,14.802277654000022],[120.29675279800006,14.802282906000073],[120.29672454000001,14.802286974000026],[120.29666367900006,14.802288410000074],[120.29663107500005,14.802285779000044],[120.29661300700002,14.802285908000044],[120.29653380500008,14.802290626000058],[120.29652538200003,14.802293120000058],[120.29647552300003,14.80230020600004],[120.29646873000002,14.802302832000066],[120.29644060900011,14.802305323000041],[120.29641452600004,14.802303218000077],[120.29638572700003,14.802294546000041],[120.29635733600003,14.802281145000052],[120.29630598900007,14.802248434000035],[120.29627447400003,14.802233194000053],[120.29624635500011,14.80221664100003],[120.29622095200011,14.802206655000077],[120.29620084800001,14.802192336000076],[120.29618903200003,14.802177099000062],[120.29558734000011,14.802225350000072],[120.2949383560001,14.802345966000075],[120.2948988600001,14.802333915000077],[120.29489261200001,14.802330237000035],[120.29486150500009,14.802310268000042],[120.29478421400006,14.802254831000027],[120.29476125800011,14.802235520000067],[120.294745637,14.80222632400006],[120.29472200100008,14.80221489400003],[120.29470284700005,14.802208587000052],[120.29467363900005,14.80220464200005],[120.29464891400005,14.80220582100003],[120.29460014200004,14.802219342000058],[120.29457813300007,14.802227088000052],[120.29454905900002,14.802240612000048],[120.29453683100007,14.802249148000044],[120.29452963000006,14.802256502000034],[120.29451876000007,14.802268321000042],[120.29450571500001,14.802286313000025],[120.29449117700005,14.80230259800004],[120.29447691000007,14.802315730000032],[120.29445761700003,14.80233004300004],[120.29443696600003,14.802341073000036],[120.2944131910001,14.80235026400004],[120.29438452500005,14.802359060000072],[120.29435273500007,14.802366016000065],[120.2942883400001,14.802370341000028],[120.29423114800011,14.802367312000058],[120.2942183780001,14.802363107000076],[120.29421376000005,14.80235956000007],[120.29420778300005,14.802352730000052],[120.29420085700008,14.802337887000022],[120.29419909400008,14.802320287000043],[120.29420154400009,14.802291917000048],[120.29421513300008,14.802267621000055],[120.29423116500004,14.802253044000054],[120.29423497000005,14.802247003000048],[120.2943110540001,14.802202357000056],[120.29435656900012,14.802169528000036],[120.2943651280001,14.802165458000047],[120.29439352500003,14.802140770000051],[120.29441798100004,14.802123699000049],[120.29451906100007,14.802074722000043],[120.29454446700004,14.802065663000064],[120.2946050590001,14.802048335000052],[120.294613346,14.80204741700004],[120.29464079000002,14.802033761000075],[120.29465682200009,14.802019184000073],[120.29467217700005,14.801993443000072],[120.2946750320001,14.801979390000042],[120.29467789000012,14.801946292000025],[120.29468496100003,14.801902425000037],[120.29468700000007,14.801897828000051],[120.29469067700006,14.80183622900006],[120.29469910600005,14.801795646000073],[120.29470182800003,14.801764124000044],[120.29470102000005,14.801716447000047],[120.29472511100005,14.801418434000027],[120.29540715900009,14.800819733000026],[120.29535351000004,14.800737636000065],[120.29534576800006,14.800732250000067],[120.29532335600004,14.80070663500004],[120.29530488600005,14.800673403000076],[120.29529538000008,14.800650417000043],[120.29529429400009,14.800643981000064],[120.29528180000011,14.800617579000061],[120.29527432900011,14.80060904100003],[120.29525748600008,14.800594985000032],[120.29522257400004,14.800581058000034],[120.29516701200009,14.800578160000043],[120.29514636400006,14.800570146000041],[120.29513237300011,14.800561081000069],[120.2951219140001,14.800549127000068],[120.2951133580001,14.800534153000058],[120.29508769200004,14.800470186000041],[120.2950749260001,14.800446936000071],[120.2950723460001,14.800438793000069],[120.29504803200007,14.80041619800005],[120.29504178400009,14.800412520000066],[120.29501760300002,14.800407394000047],[120.29498010900011,14.800404368000045],[120.29496353500008,14.800406204000069],[120.29494560300009,14.800404757000024],[120.29492155900004,14.800398055000073],[120.29491368000004,14.800394245000064],[120.29489982500002,14.800383604000046],[120.29488909400004,14.800374803000068],[120.29487293200009,14.800352866000026],[120.29485093100004,14.800303478000046],[120.29481575000011,14.800270755000042],[120.29479795700001,14.800248687000021],[120.29477527400002,14.800226224000028],[120.29475544200011,14.80020875300005],[120.29470083600006,14.800175778000039],[120.29466823500002,14.800154102000022],[120.2946513920001,14.800140046000024],[120.29463740100005,14.800130981000052],[120.29459923200011,14.800097746000063],[120.29458415500005,14.800082245000056],[120.29457831500008,14.80007383900005],[120.2945571250001,14.80005308400007],[120.29454680300012,14.800039554000023],[120.29451148600003,14.800011310000059],[120.29448350400003,14.799993181000048],[120.29440784200006,14.799956919000067],[120.29436029700003,14.799937211000042],[120.29432837400009,14.799926699000025],[120.29427675300008,14.79991618400004],[120.29424252000001,14.799913421000042],[120.2941660350001,14.79992470600007],[120.29410721200009,14.799921545000075],[120.29408289600008,14.799917995000044],[120.29407977200003,14.799916156000052],[120.29404241400005,14.799911553000072],[120.29402489000006,14.799905378000062],[120.2940060090001,14.799895918000061],[120.29397666900002,14.799874505000048],[120.29396009800007,14.799857297000074],[120.2939442070001,14.799832208000055],[120.2939416270001,14.799824065000053],[120.29394040800003,14.799800160000075],[120.29394285800004,14.799771791000069],[120.29394911000009,14.799756424000066],[120.29395685500003,14.799742766000065],[120.29397316000006,14.79972503700003],[120.29399924600011,14.799708098000053],[120.29408497300005,14.79966581800005],[120.29411554100011,14.799654002000068],[120.29413632800004,14.799641396000027],[120.29415602900008,14.799622354000064],[120.2941670350001,14.799608959000068],[120.29417260600007,14.799601473000052],[120.29418646700003,14.799574024000037],[120.29419081600008,14.799561679000021],[120.29419652600006,14.79953357200003],[120.29420033600002,14.799489442000038],[120.29419952600006,14.799460809000038],[120.2941953190001,14.799433489000023],[120.29417997500002,14.799383051000063],[120.29417006100005,14.799364793000052],[120.29416748100004,14.79935665000005],[120.29414860300005,14.79932814600005],[120.29413515600004,14.799312776000022],[120.2941018780001,14.799279936000062],[120.29405121600007,14.79922029900007],[120.29403736400002,14.799190613000064],[120.293370761,14.798238946000026],[120.2933228060001,14.798243011000068],[120.29331315200011,14.798297779000052],[120.29327104000004,14.798291206000044],[120.29325501000005,14.798286737000069],[120.29324876200008,14.798283059000028],[120.29320916100005,14.798283037000033],[120.29318267000008,14.798285660000033],[120.29316636900012,14.798284344000024],[120.29310523900006,14.79826988700006],[120.29309736100004,14.79826607700005],[120.2930445180001,14.798250702000075],[120.29301748600005,14.79824058500003],[120.2929986050001,14.79823112500003],[120.29294915900005,14.79821443700007],[120.2929127540001,14.798198802000059],[120.29289889900008,14.798188161000041],[120.29288423100002,14.79816793200007],[120.29287513000008,14.79815926200007],[120.29284266600007,14.798136010000064],[120.29282840300004,14.798130097000069],[120.2928222910001,14.79812484300004],[120.2927723030001,14.798095414000045],[120.29271674800009,14.798054427000068],[120.2926285960001,14.79797271800004],[120.29259165000008,14.79794434300004],[120.29245146800008,14.797856847000048],[120.29242783200004,14.79784541600003],[120.29237716400007,14.797823868000023],[120.29230218000009,14.797798770000043],[120.2922682190001,14.797792854000022],[120.29225381900005,14.797788517000072],[120.29223588800005,14.797787070000027],[120.29222787300012,14.797784836000062],[120.29219200900002,14.79778194100004],[120.29217747400003,14.797779180000077],[120.29208292400006,14.797771547000025],[120.29205738600001,14.79776313700006],[120.2920166350001,14.797740802000021],[120.29200862000005,14.797738568000057],[120.29199136900002,14.797729240000024],[120.29197533900003,14.797724772000038],[120.29195754300008,14.797721748000072],[120.2919459960001,14.797722403000023],[120.29192222100005,14.797731593000037],[120.29191407000008,14.797730935000061],[120.29188789000011,14.797722864000036],[120.29187974000001,14.79772220600006],[120.29187362700009,14.79771695100004],[120.29186928100012,14.797710252000059],[120.29186738200008,14.797694228000069],[120.29186249500003,14.797674788000052],[120.29185706300007,14.797661653000034],[120.29183288600007,14.797637483000074],[120.29180218900001,14.79761278500007],[120.29179621200001,14.797605955000051],[120.29178996400003,14.797602276000077],[120.29176769000003,14.797575085000062],[120.29175954200002,14.797555382000041],[120.29175167000005,14.797513483000046],[120.29172397000002,14.797435067000038],[120.29172057700009,14.797417335000034],[120.29172234900011,14.797377802000028],[120.29173607700011,14.79733288500006],[120.29174219300012,14.797319095000034],[120.29174165100005,14.797306354000057],[120.29173757800004,14.797296503000041],[120.2917288860001,14.797283105000076],[120.29169357300009,14.797235816000068],[120.29167564800002,14.797196279000048],[120.29166234400009,14.797141244000045],[120.29165582600001,14.79712167300005],[120.29165487700004,14.797113661000026],[120.2916373600001,14.79706939600004],[120.29162188100008,14.797020534000069],[120.29160735900007,14.796941595000021],[120.29160750100004,14.796901930000047],[120.2916100870001,14.796871984000063],[120.29161335100002,14.796853202000023],[120.29163604900009,14.796780442000056],[120.2916527650001,14.796738940000068],[120.29167912600008,14.79669980400007],[120.29170304000002,14.796669993000023],[120.29171459100007,14.796650293000027],[120.29172505500003,14.796624158000043],[120.29172587200003,14.796614701000067],[120.29172234200007,14.796598545000052],[120.29170102100011,14.796560321000072],[120.2915660320001,14.796355705000053],[120.29155149600001,14.796352944000034],[120.29152460000012,14.796341251000058],[120.29150300300012,14.796325223000053],[120.29146375000005,14.796285552000029],[120.29141607700001,14.796229330000074],[120.29136636500004,14.796177704000058],[120.29130062400009,14.796121610000057],[120.2912452060001,14.796079046000045],[120.29122238600007,14.79605815900004],[120.29119005900009,14.796033330000057],[120.29118571300012,14.796026631000075],[120.2911436070001,14.795981968000035],[120.29113328500011,14.795968438000045],[120.29111248200002,14.795948906000035],[120.29109360100006,14.795939446000034],[120.29106412600004,14.795919609000066],[120.29101576900007,14.79589031200004],[120.29098792400009,14.79587060600005],[120.29097583500004,14.795858520000024],[120.29096089500001,14.795841443000029],[120.29094772100007,14.79582292200007],[120.29094052300002,14.795811231000073],[120.29093509100005,14.795798096000055],[120.29092437100007,14.795732161000046],[120.29091893900011,14.79571902500004],[120.29084298700002,14.79580018300004],[120.29084135700009,14.795800051000072],[120.28969578500005,14.794866413000022],[120.2881425920001,14.79359295100005],[120.2878949410001,14.793398145000026],[120.28654165000012,14.794716093000034],[120.28710444300009,14.79553603200003],[120.28713596300008,14.795513183000025],[120.287198708,14.795603952000022],[120.2871693620001,14.795620628000052],[120.28737461700007,14.795907573000022],[120.28740083900004,14.795889058000057],[120.28753107500006,14.796110656000053],[120.28751191800006,14.796123393000073],[120.28758620700012,14.79623255100006],[120.28760740200005,14.796215218000043],[120.28765154200005,14.796274330000074],[120.28760806500009,14.796302561000061],[120.28749276100007,14.796136130000036],[120.28747931200007,14.796139805000053],[120.28733766100004,14.795936331000064],[120.28735192700003,14.795923199000072],[120.28715092900006,14.795627643000046],[120.28712348600004,14.795641298000078],[120.28685716100006,14.795265874000052],[120.28650479700002,14.794760976000077],[120.28631036700006,14.79494048600003],[120.28629311300006,14.794950203000042],[120.28628591200004,14.794957557000032],[120.28628006800011,14.794968194000035],[120.28626892600005,14.794983165000076],[120.28626865400008,14.794986317000053],[120.28626484900008,14.794992359000048],[120.28625370300006,14.795026374000031],[120.28624445600008,14.79507641400005],[120.28623480400006,14.795112137000046],[120.28621455400003,14.795156527000074],[120.28620327600004,14.795173075000037],[120.28615816600006,14.795220218000054],[120.28614063900011,14.795233087000042],[120.28611917100011,14.795253572000036],[120.28610612600005,14.795271564000075],[120.28610177700011,14.795283909000034],[120.28609199200002,14.795302164000077],[120.28608274900012,14.795333159000052],[120.28579381400004,14.796182196000075],[120.28579761500009,14.796195199000067],[120.28581608400009,14.796228432000078],[120.28581852700006,14.796238152000058],[120.28581716200006,14.796272958000031],[120.28581348900002,14.796296467000047],[120.28579935500011,14.79632706700005],[120.28578318600012,14.79634322000004],[120.28576403000011,14.79635595600007],[120.28573685800006,14.796366459000069],[120.28570764800008,14.796381558000064],[120.28570234900008,14.796385891000057],[120.28569664200006,14.79639495300006],[120.28568944000006,14.79640230700005],[120.28524435000008,14.797796882000057],[120.28503515500006,14.798341936000043],[120.28502216000004,14.79915740000007],[120.28500690600004,14.799238969000044],[120.28500077500007,14.799328937000041],[120.28499207200002,14.79937267300005],[120.28497521400004,14.799434795000025],[120.28497426100012,14.799445827000056],[120.28496623900003,14.799481682000078],[120.28494884000008,14.799531064000064],[120.28493293600002,14.799582153000074],[120.28493225500006,14.799590033000072],[120.28492545800009,14.799611704000029],[120.28490153900009,14.799660559000074],[120.28488862600011,14.799696019000066],[120.28487843300002,14.799719002000074],[120.28487503300005,14.799739359000057],[120.28486823600008,14.799761029000024],[120.28485382200006,14.799832871000035],[120.28484879100006,14.799853097000039],[120.28484009200008,14.79987778800006],[120.2848256850001,14.79991154000004],[120.28480666100006,14.79994174500007],[120.28477432200009,14.79997404900007],[120.28475611400006,14.799994798000057],[120.28471331000003,14.800053238000032],[120.28469999200001,14.800074381000059],[120.28467199600004,14.800132430000076],[120.28465704400003,14.800172486000065],[120.28463475500007,14.800221473000022],[120.28462523900009,14.80025562000003],[120.28461028800007,14.800295677000065],[120.28458541900011,14.80033652000003],[120.28457984800002,14.800344006000046],[120.28452862400002,14.800385895000034],[120.28452169500008,14.800390096000058],[120.2844955710001,14.800421940000035],[120.28448605800008,14.800437042000055],[120.2844732860001,14.800451882000061],[120.28446553900005,14.800465540000062],[120.28444923400002,14.80048326800005],[120.28443754600005,14.800504543000045],[120.28443211100011,14.800510453000072],[120.28442436500006,14.800524111000072],[120.28441893000002,14.800530020000053],[120.28439256700005,14.800569155000062],[120.28435465700011,14.800608945000022],[120.28433142200004,14.800630875000024],[120.28430682900012,14.800649521000025],[120.28428454800007,14.800660418000064],[120.28425818900007,14.800680509000074],[120.28423577100011,14.800692982000044],[120.28416471700007,14.800717398000074],[120.2840905380001,14.800739975000056],[120.28405086900011,14.80074312000005],[120.28403130700008,14.800741540000047],[120.28399734600009,14.800735623000037],[120.28392236200011,14.800710523000078],[120.28390470200009,14.800705922000077],[120.28388351000001,14.800704211000038],[120.28385362200004,14.800708145000044],[120.283812323,14.800711159000059],[120.2837812140001,14.800710233000075],[120.28376504800008,14.800707341000077],[120.28370786000005,14.800685264000037],[120.2836774320001,14.800676459000044],[120.28363504700008,14.800673036000035],[120.28362336400005,14.800675266000042],[120.28355747600006,14.800677880000023],[120.28349960300011,14.800682729000073],[120.28338155000006,14.800681130000044],[120.28326417700009,14.800671651000073],[120.28325942300012,14.800669680000055],[120.28323497000008,14.800667705000023],[120.28316202100007,14.800657053000066],[120.28310007400012,14.800652050000053],[120.28307752400008,14.800647054000024],[120.2830644820001,14.800646001000075],[120.28303568400008,14.80063732700006],[120.28302943500012,14.80063364800003],[120.28302142100006,14.800631414000065],[120.28298854900004,14.800612888000046],[120.2829794480001,14.800604218000046],[120.28296858200008,14.800596992000067],[120.28240852900001,14.800464470000065],[120.28158034000012,14.800056356000027],[120.2811236880001,14.799911551000037],[120.28070419500011,14.799864971000034],[120.28037409300009,14.799809740000057],[120.2797524240001,14.799597641000048],[120.27866267000002,14.799314757000047],[120.27793686400003,14.799146614000051],[120.27748550500007,14.799030797000057],[120.27720959900012,14.799013268000067],[120.27682324800003,14.799001100000055],[120.27639256300006,14.799090097000033],[120.27570892900007,14.799269752000043],[120.27519688000007,14.79940137400007],[120.27469443300004,14.79944647900004],[120.27445656200007,14.799444717000029],[120.274214486,14.79941563400007],[120.27392717800001,14.799359091000042],[120.27365658800011,14.799261046000026],[120.27282157500008,14.798915832000034],[120.27215897600001,14.798624223000047],[120.27076692000003,14.798021036000023],[120.2706624540001,14.798014180000052],[120.27063365100003,14.798024549000047],[120.27062699400005,14.798025598000038],[120.27060417200005,14.798023754000042],[120.270599145,14.798024935000058],[120.27065004500002,14.798708323000028],[120.27019058200005,14.798782287000051],[120.27014861200007,14.798755089000053],[120.27010744000006,14.798278808000077],[120.26989469300008,14.798309226000072],[120.26963579000005,14.798721577000038],[120.26943506200007,14.799011663000044],[120.26941012100008,14.799060872000041],[120.26939679700001,14.799101059000066],[120.26937654900007,14.79912640300006],[120.2693675810001,14.79913520100007],[120.26935439800002,14.79915476800005],[120.26933496200002,14.799189700000056],[120.26932870900009,14.799205065000024],[120.26931171100011,14.799268762000054],[120.26930138000012,14.79929332100005],[120.26928709700007,14.799363585000037],[120.26927200600005,14.799405217000071],[120.26923789400007,14.799458008000045],[120.26922335400002,14.799474291000024],[120.26921465800001,14.799479936000068],[120.26919848700004,14.799496087000023],[120.26917103700009,14.799528785000064],[120.26916329000005,14.799542442000075],[120.26915703700001,14.799557808000031],[120.26914779600008,14.799569758000075],[120.26913977600009,14.799586567000063],[120.26913053500004,14.79959851700005],[120.26909275800006,14.799636728000053],[120.26907740600006,14.799643423000077],[120.2690669430001,14.799650513000074],[120.26904683100008,14.799674281000023],[120.26902277700003,14.799705666000023],[120.26902060200007,14.799711838000064],[120.26900945800003,14.799726809000049],[120.26900415900002,14.799731142000041],[120.26898540400009,14.79975819300006],[120.26897453300012,14.799770012000067],[120.26894245400001,14.799837251000042],[120.26893783100002,14.799852748000035],[120.26892804500005,14.799871003000021],[120.2689277720001,14.799874155000055],[120.26891812200006,14.799890833000063],[120.26890711500005,14.79990422700007],[120.26890494000008,14.799910400000044],[120.26889026300012,14.799928259000069],[120.26894924200008,14.799954907000028],[120.26910795900005,14.79978998100006],[120.26907007200009,14.799734545000035],[120.2691847540001,14.799642241000072],[120.26922861600008,14.799704508000048],[120.26921896600004,14.799721186000056],[120.26922738400003,14.799737737000044],[120.26915291700004,14.799820595000028],[120.26912208500005,14.799797471000034],[120.26897585900008,14.799988800000051],[120.26900165900008,14.80003215000005],[120.26863269900002,14.800502263000055],[120.26805824500002,14.801187507000066],[120.26803609800004,14.801196826000023],[120.26777654000011,14.80150278700006],[120.26773334300003,14.801489773000071],[120.26757746400006,14.80169778000004],[120.26762024700008,14.80173456700004],[120.267540198,14.801825869000027],[120.26752824700009,14.801812206000022],[120.2675061010001,14.801821526000026],[120.26742311900011,14.801737051000032],[120.26748345700003,14.801665748000062],[120.267468398,14.801593111000045],[120.26735724200012,14.801701571000024],[120.26731404000009,14.801707602000022],[120.26727057000005,14.801697740000066],[120.26719297700004,14.801778758000069],[120.26736871000003,14.801986587000044],[120.26588438500005,14.803148780000072],[120.26449739600002,14.804230811000025],[120.26331457100002,14.805156626000041],[120.2631378850001,14.804959825000026],[120.26305730700005,14.805018382000071],[120.26303597800006,14.805018245000042],[120.26300949200004,14.80500181900004],[120.26229764100003,14.804152307000038],[120.261407211,14.803063913000074],[120.26047288600012,14.801952361000076],[120.26028662300007,14.801698721000037],[120.26029126500009,14.80162609000007],[120.26032810600009,14.801541778000058],[120.2603876280001,14.801479933000053],[120.26147032800009,14.800625332000038],[120.26227454700006,14.799993302000075],[120.26521558500008,14.797703299000034],[120.26524510800004,14.797678911000048],[120.26525645400011,14.79764599400005],[120.26526131500009,14.79762091400005],[120.26526455300007,14.797581727000022],[120.26526779500011,14.797573889000034],[120.2652791370001,14.797511189000033],[120.26529048100008,14.797468867000077],[120.26530506400002,14.79739205900006],[120.26531478700008,14.797351304000074],[120.2653358550001,14.797277632000032],[120.26534719800009,14.79722276900003],[120.265368265,14.79713969200003],[120.26538285200002,14.79710050400007],[120.26541851200011,14.797029964000046],[120.26542823800003,14.79701585600003],[120.26544444800004,14.796997045000069],[120.26544769000009,14.79699077500004],[120.26546228000007,14.796975099000065],[120.26548497300007,14.796939045000045],[120.26549632000001,14.796926504000055],[120.2655028040001,14.796913963000065],[120.26552549700011,14.796879477000061],[120.26554818800003,14.796815209000044],[120.26555628900007,14.796763481000028],[120.26555628500012,14.796727430000033],[120.2655546630001,14.796725862000073],[120.26555466200011,14.796713323000063],[120.26554655100006,14.796664732000067],[120.2655465470001,14.796622410000055],[120.2655449240001,14.79661300500004],[120.26554329800001,14.79656127900006],[120.26553681000007,14.796531498000036],[120.265518971,14.796489260000044],[120.26551248400006,14.796467316000076],[120.26550761600004,14.796431265000024],[120.26550437300011,14.79642029300004],[120.2655011270001,14.79638737700003],[120.26549788300008,14.796376405000046],[120.26549788200009,14.796368568000048],[120.26548977200002,14.796323112000039],[120.26548977100003,14.79631527500004],[120.26545732900001,14.796147559000076],[120.2654492150001,14.796078592000072],[120.26543786000002,14.796011192000037],[120.26542650600004,14.795961034000072],[120.26541190600005,14.795881095000027],[120.26540541700001,14.79583877400006],[120.26540379400001,14.795818397000062],[120.26539730500008,14.795782346000067],[120.26538107600004,14.795622465000065],[120.26537296600009,14.795581712000057],[120.26535999100008,14.795534689000021],[120.26534863600011,14.79547313200004],[120.26534863400002,14.795455890000028],[120.26534538900012,14.795429243000058],[120.26534538700002,14.795412001000045],[120.26534376500001,14.795405731000074],[120.26534214100002,14.79537595000005],[120.26533241100003,14.79535087100004],[120.26533402900009,14.795322657000042],[120.26534051100009,14.795289739000054],[120.26534050900011,14.795274065000058],[120.26533078000011,14.795258391000061],[120.26531943000009,14.79524585200005],[120.26530483800002,14.79523331400003],[120.2652740320001,14.79520980500007],[120.2652480910001,14.795195700000022],[120.26521728700004,14.795186299000022],[120.26515243800009,14.795180035000044],[120.26510704300006,14.795170635000034],[120.26508272400008,14.795161232000055],[120.26506326800006,14.795153397000036],[120.26501138600008,14.795122053000057],[120.2649870670001,14.795109515000036],[120.2649611270001,14.795101680000073],[120.26493842900004,14.79509698000004],[120.26490113900002,14.795081309000068],[120.26486060600007,14.795053099000029],[120.26482331600005,14.79502959000007],[120.26482007300001,14.79502959000007],[120.2648006180001,14.79502175500005],[120.26477792000003,14.795010785000045],[120.26474225100003,14.794996681000043],[120.2647309030001,14.794995115000063],[120.26470658400001,14.794987280000043],[120.2646611880001,14.794976312000074],[120.26464011200005,14.794966909000038],[120.26462065500004,14.794952803000058],[120.26458012300009,14.794932430000074],[120.26455904600004,14.794926162000024],[120.26452824300009,14.794923030000064],[120.26448933400002,14.794924601000048],[120.26446501600003,14.79492773800007],[120.26444394000009,14.794927740000048],[120.26442448500006,14.794924607000041],[120.2644001650001,14.794916772000022],[120.26437584600001,14.794904234000057],[120.26434828300012,14.794883860000027],[120.26430334800011,14.794858451000039],[120.26422714600005,14.794809867000026],[120.26416715700009,14.794775388000062],[120.26413311100009,14.79476128400006],[120.2641071700001,14.794747179000069],[120.26406825900006,14.794729941000071],[120.26399530000003,14.794690761000027],[120.26397260200008,14.794675088000076],[120.26393044800011,14.79465158000005],[120.26390937100007,14.794642177000071],[120.26388343100007,14.79462807300007],[120.26373103100002,14.79456695600004],[120.263677529,14.79454344800007],[120.2636402390001,14.79452307500003],[120.26356403900002,14.79449016500007],[120.26351864300011,14.794476062000058],[120.26348135500007,14.794466660000069],[120.26345865700011,14.79445882500005],[120.2634489300001,14.794457259000069],[120.26341488300011,14.794446289000064],[120.26340029200003,14.79444002100007],[120.26323167800001,14.794358527000043],[120.26316682700008,14.794335021000052],[120.26314575000004,14.79432248300003],[120.26311656600001,14.794298974000071],[120.26309224600004,14.794281734000037],[120.26306792600008,14.794269196000073],[120.26303388000008,14.794261362000043],[120.26295768300008,14.794261368000036],[120.26293984900008,14.794259802000056],[120.2628814840001,14.79424726700006],[120.26284419500007,14.794233163000058],[120.26279069100008,14.794204953000076],[120.26276475000009,14.794187713000042],[120.2627485370001,14.794175175000078],[120.26271610900005,14.794142260000058],[120.26270800200007,14.794135991000076],[120.2626728670001,14.794117135000022],[120.26262909100001,14.794081087000052],[120.26260639200007,14.794065415000034],[120.26259666400006,14.794059145000062],[120.26254640400009,14.794035638000025],[120.26249938800004,14.794018400000027],[120.26248317500006,14.794010564000075],[120.26223187900007,14.793921240000032],[120.26220107500001,14.793908703000056],[120.26215405800008,14.793886762000056],[120.26202922000004,14.793820939000057],[120.2619465350001,14.793781759000069],[120.26189465400012,14.793759819000059],[120.26184763800006,14.79374414800003],[120.26181845600001,14.793737881000027],[120.2617730610001,14.79373161500007],[120.26175036400002,14.793726914000047],[120.2617130750001,14.793714378000061],[120.26166767900008,14.793690870000034],[120.26164173900008,14.79367989900004],[120.26161904100002,14.793667361000075],[120.26148771800001,14.793610943000033],[120.2614601570001,14.793601541000044],[120.26132559200005,14.793545123000058],[120.2613028940001,14.793534152000063],[120.26121372400007,14.793498107000062],[120.26105970200001,14.793427583000039],[120.26101754900003,14.793411912000067],[120.26098350300003,14.793402509000032],[120.2609624260001,14.793393106000053],[120.26092325100001,14.79338154800007],[120.26087947600001,14.793362742000056],[120.26077733600005,14.793314158000044],[120.26070762200004,14.793285949000051],[120.2606606060001,14.793264008000051],[120.26063628700001,14.793256173000032],[120.26060548300006,14.793243636000057],[120.26041093100002,14.793146468000032],[120.26033473200005,14.793113557000027],[120.2601580170001,14.793060277000052],[120.26003480200006,14.793011695000075],[120.25991320900005,14.792980354000065],[120.25990348100004,14.792975653000042],[120.25986619300011,14.792964683000037],[120.25984349500004,14.792955280000058],[120.25976081100009,14.792927072000055],[120.25973000700003,14.792914534000033],[120.25969271800011,14.792898862000072],[120.25966839900002,14.792886324000051],[120.25965218700003,14.792881623000028],[120.25957760800009,14.792845576000047],[120.25954680400002,14.792833039000072],[120.25953707700012,14.792831472000046],[120.25949654500005,14.792815800000028],[120.25942297100005,14.79279131900006],[120.25935974200002,14.792759974000035],[120.25929489100008,14.792716090000056],[120.25926570800004,14.792698850000022],[120.25921707100008,14.792681611000035],[120.25919599500003,14.792675343000042],[120.25915384300004,14.792665941000052],[120.25914087300009,14.792665942000042],[120.25911007100001,14.792673782000065],[120.259077649,14.792694161000043],[120.25904684700004,14.792706703000022],[120.25901604400008,14.79270513800003],[120.25900631600007,14.792700436000075],[120.25899496800002,14.792698869000048],[120.25899334700011,14.792697302000022],[120.25894471000004,14.792684766000036],[120.25891066500003,14.792684768000072],[120.25887662000002,14.792689473000053],[120.2588652710001,14.792689474000042],[120.25886365000008,14.792691041000069],[120.25882798400005,14.792691044000037],[120.258790696,14.79268791100003],[120.25875340900006,14.792687914000055],[120.25875178800004,14.792689482000071],[120.25873557600005,14.79269105000003],[120.25869342600004,14.792708295000068],[120.25867397200011,14.792719269000031],[120.25865127700001,14.792736512000033],[120.25849890600011,14.793039044000068],[120.25845675300002,14.793013967000036],[120.25845999300009,14.792976348000025],[120.25847782300002,14.792937160000065],[120.25847457900011,14.79291521600004],[120.25849565200008,14.792874460000064],[120.25850700000001,14.792871324000032],[120.25856859700002,14.792750625000053],[120.25858399300012,14.792548472000021],[120.25856065700009,14.792514786000027],[120.25851364200003,14.79250852000007],[120.2584925650001,14.792503819000046],[120.2584585190001,14.792494416000068],[120.2584147450001,14.79247874400005],[120.25838394100003,14.792466207000075],[120.25834827300002,14.792448967000041],[120.25826720900011,14.792405083000062],[120.25818128200001,14.792361200000073],[120.25816831200007,14.79235649800006],[120.25815210000007,14.792347095000025],[120.25812453800006,14.79233455700006],[120.25802888500004,14.79229851100007],[120.25791864000007,14.792260899000041],[120.25783109300005,14.79222485400004],[120.25781650200008,14.792217017000041],[120.25778569800002,14.792206047000036],[120.25775813700011,14.792193509000072],[120.2576543780001,14.792155897000043],[120.25757493700007,14.792121418000022],[120.25743064500011,14.792032082000048],[120.25735282500011,14.791991332000066],[120.25731715800009,14.791975660000048],[120.257310673,14.791970958000036],[120.25726041400003,14.79194588200005],[120.25723933800009,14.791930208000053],[120.25720691200002,14.791900429000066],[120.25718907700002,14.791880053000057],[120.25717124200003,14.791853407000076],[120.25716151400002,14.791833030000078],[120.25715340700003,14.791820491000067],[120.25713394900004,14.79177346800003],[120.25712259800002,14.79173428200005],[120.2571063800001,14.791643370000031],[120.25710475700009,14.791618291000077],[120.25710637400005,14.791549322000037],[120.25711285600005,14.791509322000024],[120.25710961300001,14.791487378000056],[120.25710961200002,14.79147170300007],[120.25711609200005,14.791409004000059],[120.25711771100009,14.79137608700006],[120.25713067700008,14.791327495000075],[120.25713067700008,14.791319658000077],[120.2571387800001,14.791283605000046],[120.25715660900005,14.791222473000062],[120.25717930300004,14.791177015000073],[120.25721820700005,14.79111117900004],[120.25726845700001,14.791007724000053],[120.25728466600003,14.790966969000067],[120.25729115000001,14.790955996000037],[120.25731222200011,14.790904268000077],[120.25731708500007,14.790896431000021],[120.25733815700005,14.790846270000031],[120.25735436600007,14.790813353000033],[120.25738030100001,14.790749085000073],[120.25741434000008,14.790673844000025],[120.2574305490001,14.790628387000027],[120.25743541200006,14.790622117000055],[120.25745162100009,14.790581361000022],[120.2574759360001,14.790529633000062],[120.25747755600003,14.790523363000034],[120.2574997590001,14.790490480000074],[120.25747970400005,14.790451619000066],[120.2574797100001,14.790443850000031],[120.25748776900002,14.790416664000077],[120.25749984200002,14.790393367000036],[120.25751190400001,14.790381723000053],[120.25751995600001,14.790362306000077],[120.25755213700006,14.790315717000055],[120.25756018600009,14.790300185000035],[120.25756824100006,14.790276884000036],[120.25757226200005,14.790273003000038],[120.25758433800002,14.790245821000042],[120.25786209800003,14.789608975000021],[120.25799624600006,14.789272775000029],[120.25798651800005,14.789255533000073],[120.25797841100007,14.789247696000075],[120.25797030400008,14.789228887000036],[120.25794760400004,14.789186567000058],[120.25794274000009,14.789175595000074],[120.25793625400001,14.789152084000023],[120.25793462900003,14.789105060000054],[120.25793625000006,14.789100357000052],[120.25793624900007,14.78908311500004],[120.25794273200006,14.789053333000027],[120.25795569900004,14.789018848000069],[120.25796866700011,14.789001605000067],[120.25798163500008,14.788989064000077],[120.25802702700003,14.788963982000041],[120.25804161600001,14.788953008000021],[120.2580481010001,14.788949873000035],[120.25806593400011,14.78894830400003],[120.25808376700002,14.788951438000026],[120.2580983580001,14.788951437000037],[120.25810484200008,14.788949869000078],[120.258124296,14.788940463000074],[120.25813564300006,14.78893105700007],[120.25814861100002,14.788909112000056],[120.2581761670001,14.788841709000053],[120.25818102900007,14.788824466000051],[120.25819237500002,14.78879938600005],[120.25821668800006,14.788725713000076],[120.25822155000003,14.788697498000033],[120.2582166850001,14.788673986000049],[120.2582166840001,14.788659879000022],[120.2582231670001,14.788633231000063],[120.25824047800006,14.788605518000054],[120.2582566860001,14.788567898000053],[120.25827127500008,14.788542818000053],[120.2582874840001,14.788508333000038],[120.25829396800009,14.78850049500005],[120.2583020730001,14.788486387000034],[120.25831342000004,14.788473847000034],[120.25834908200011,14.788418983000042],[120.25836853400006,14.788395470000069],[120.25839933400005,14.788362551000034],[120.25845283000001,14.788320226000053],[120.2584593140001,14.788317090000078],[120.25847714600002,14.788302982000062],[120.25852740000005,14.788276331000077],[120.25856792800005,14.788263789000041],[120.25860197300005,14.788260652000076],[120.2586214270001,14.78826065000004],[120.25868627400007,14.788265348000039],[120.25875436400008,14.788279450000061],[120.25882083400006,14.788304525000058],[120.25893594100012,14.788359378000052],[120.25901051800008,14.788390722000031],[120.25902673000007,14.78839855900003],[120.25908347400002,14.78843303900004],[120.25913859600007,14.788462817000038],[120.2601368280001,14.788900443000045],[120.2601789790001,14.788909845000035],[120.26020815900006,14.788898870000025],[120.2606247870001,14.788701337000077],[120.26116454600003,14.78846932600004],[120.26116454500004,14.78846775900007],[120.26123749700002,14.788459915000033],[120.26125370900002,14.788456779000057],[120.26135584300005,14.788459906000071],[120.26136881200011,14.788461472000051],[120.26144825000006,14.788461466000058],[120.26145635600005,14.788463033000028],[120.26148553700011,14.788463031000049],[120.26151634000007,14.788466163000066],[120.26156659700007,14.788477131000036],[120.26161523400003,14.788491235000038],[120.26162171900012,14.788491234000048],[120.26165738500003,14.788499069000068],[120.26169305300004,14.788510038000027],[120.2617400690001,14.78853511400007],[120.26179032800007,14.788555487000053],[120.26180167600012,14.78855862100005],[120.26185679800005,14.788569589000076],[120.26186652500007,14.78856958800003],[120.26190639800006,14.788561746000028],[120.26193719800006,14.788542934000077],[120.26195178800003,14.788527258000045],[120.26197286000001,14.788502176000065],[120.26199555400001,14.788469258000077],[120.26200041700008,14.788464555000076],[120.26201338400006,14.788442609000072],[120.26202797300004,14.788422231000027],[120.26207660300008,14.788367366000045],[120.26212199200006,14.78832817500006],[120.26213658100005,14.788310932000059],[120.26214306500003,14.788306229000057],[120.26215927500004,14.788288986000055],[120.2621949380001,14.788259201000074],[120.26225977900003,14.78819022700003],[120.26226626200003,14.788180822000072],[120.26229544000012,14.788149470000064],[120.26231165100012,14.788135361000059],[120.26232461900008,14.788119686000073],[120.26237487000003,14.788069522000058],[120.26238783800011,14.788053847000072],[120.26242512200008,14.788019359000032],[120.26243322700009,14.788009954000074],[120.26243971100007,14.788005251000072],[120.26245592100008,14.787988007000024],[120.26245916300002,14.787981737000052],[120.26249158400003,14.787951952000071],[120.26253210900006,14.787909627000033],[120.26255642500007,14.787889248000056],[120.26258884600009,14.787868868000032],[120.26261154200006,14.78785946100004],[120.26265369200007,14.787851620000026],[120.26266990300007,14.787850051000078],[120.26269422000007,14.78784377900007],[120.26271529500002,14.787834372000077],[120.2627363690001,14.78782183100003],[120.26280931600002,14.787762260000022],[120.2628320120001,14.787748151000073],[120.26286443300012,14.787723069000037],[120.26289523300011,14.78770268900007],[120.26291468600004,14.787685444000033],[120.26297953000005,14.787646252000059],[120.26303626700007,14.78759765500007],[120.26307193100001,14.787571004000029],[120.26309138300007,14.787550625000051],[120.26312542400001,14.787505165000027],[120.2631510540001,14.787479326000039],[120.26315753800009,14.787468353000065],[120.26316888500003,14.787460515000078],[120.26317861100006,14.787447974000031],[120.26322237500005,14.787374299000078],[120.26324020400011,14.787339814000063],[120.26325479200011,14.787305328000059],[120.26327262100006,14.787275545000057],[120.26330179900003,14.787241058000063],[120.2633212510001,14.787222247000045],[120.26333421900006,14.787212841000041],[120.26336015600009,14.787197164000077],[120.26339095700007,14.787183054000025],[120.26346390700007,14.787157968000031],[120.2635303720001,14.787137585000039],[120.26359197400006,14.787112500000035],[120.26361142700011,14.787106228000027],[120.26366330200005,14.787084279000055],[120.26367140800005,14.78708271000005],[120.26371842000003,14.787063896000063],[120.26375408400008,14.787048218000052],[120.26378812700011,14.787030973000071],[120.26383189700005,14.787013727000044],[120.26383838100003,14.787009024000042],[120.26386918200001,14.786996481000074],[120.26388539200002,14.786983940000027],[120.26390484400008,14.786955724000052],[120.2639210540001,14.786941615000046],[120.26393078000001,14.786936912000044],[120.26394212800005,14.786933776000069],[120.26397617200007,14.786919665000028],[120.26407830200003,14.786889873000064],[120.26411396700007,14.786874195000053],[120.26412531500011,14.786871059000077],[120.26415287300006,14.786855382000056],[120.264214476,14.786833431000048],[120.26421933900008,14.786830296000062],[120.2642452770001,14.786822456000039],[120.2642614880001,14.786816184000031],[120.26427932000001,14.786806778000027],[120.26428418400008,14.786802075000026],[120.26430363700001,14.786792668000032],[120.26431984800001,14.78678169400007],[120.26433767900005,14.786764450000021],[120.2643652370001,14.786745637000024],[120.26437496400001,14.786736232000067],[120.26440813200009,14.786719048000066],[120.26442596200002,14.786700236000058],[120.26445352000007,14.78668142400005],[120.26451836000001,14.786617152000076],[120.26454429600005,14.786595205000026],[120.264571853,14.786568556000077],[120.26458968300005,14.78654974400007],[120.26462210200009,14.786507420000078],[120.26465127900008,14.786474500000054],[120.26468207800008,14.786444716000062],[120.2646999100001,14.786432174000026],[120.26471612000012,14.786422768000023],[120.26474367800006,14.786410225000054],[120.26475340500008,14.786403955000026],[120.26476313100011,14.78640081900005],[120.26478096300002,14.78639611500006],[120.2648360820001,14.78638670500004],[120.26485715600006,14.786385135000046],[120.26489930500009,14.786375726000074],[120.26496739200002,14.786355343000025],[120.26500629800012,14.78634123200004],[120.26506465600005,14.786309877000065],[120.26512625500004,14.78626127900003],[120.26515219100008,14.786234630000024],[120.26517974700005,14.78620014300003],[120.26518785200005,14.786192305000043],[120.26522513300006,14.786140574000058],[120.26524620600003,14.786115493000068],[120.26525593100007,14.78609668200005],[120.26527538100004,14.786066898000058],[120.2652948330001,14.786041817000068],[120.26529969500007,14.786032412000054],[120.26531104200001,14.786019871000065],[120.26531590500008,14.78601046500006],[120.26534184000002,14.785979113000053],[120.26534832400012,14.785968140000023],[120.265371017,14.785938356000031],[120.26539532900006,14.785891329000037],[120.26542450700003,14.785855274000028],[120.26543099000003,14.785842734000028],[120.26527371600002,14.785649124000031],[120.26523804800001,14.785622481000075],[120.26523480500009,14.785617778000073],[120.26522507800007,14.785609942000065],[120.26521372800005,14.785595836000027],[120.26521048500001,14.785589566000056],[120.2652072410001,14.785577027000045],[120.2652056170001,14.785547245000032],[120.26520723700003,14.785534705000032],[120.26521047900007,14.785526868000034],[120.2652266880001,14.785501787000044],[120.26523641400001,14.78549238100004],[120.26525910800001,14.78547513600006],[120.2652736980001,14.785468865000041],[120.26528180300011,14.785467297000025],[120.26531260500008,14.785467294000057],[120.26533692300006,14.785471994000034],[120.26535637800009,14.785479829000053],[120.26537421100011,14.785490800000048],[120.26538556000003,14.785500203000026],[120.26539366800012,14.785514310000053],[120.26540177600009,14.785534686000062],[120.26540664100003,14.78555506300006],[120.26540826400003,14.78556917000003],[120.26580712300006,14.786069153000028],[120.2658390680001,14.786071828000047],[120.26586500700012,14.786079663000066],[120.2658893250001,14.786084363000043],[120.26594120100003,14.786081223000053],[120.26597038300008,14.78608592200004],[120.26598173100001,14.786090623000064],[120.26608224800009,14.786147042000039],[120.2661876300001,14.786216000000024],[120.26619735800011,14.786220701000047],[120.26621195000007,14.786233239000069],[120.26623789000007,14.786250479000046],[120.2663092250001,14.78629122600006],[120.26633192200006,14.786302196000065],[120.2663432710001,14.786310032000074],[120.26644865100002,14.786360180000031],[120.26651512100011,14.786380550000047],[120.26663022600007,14.78640561800006],[120.26670155900001,14.78642442000006],[120.26672587600001,14.786427552000077],[120.26676964800004,14.786427548000063],[120.26679396500003,14.786425978000068],[120.26681179700006,14.786421274000077],[120.2668463870001,14.786407162000046],[120.26691609400007,14.786391480000077],[120.26692582100009,14.786386777000075],[120.26697931700005,14.786374232000071],[120.26698742300005,14.786374231000025],[120.2670149810001,14.786364823000042],[120.26701984400006,14.786361688000056],[120.26702795000006,14.78636011900005],[120.26704902400002,14.786349145000031],[120.2670782020001,14.786328765000064],[120.26710900100011,14.786300547000053],[120.26713493700004,14.78628016700003],[120.26719167100009,14.786228435000055],[120.267215985,14.786197083000047],[120.2672289520001,14.78617670500006],[120.26724029900004,14.78616573100004],[120.26727271700008,14.786124974000074],[120.26730837800005,14.786088918000075],[120.2673262080001,14.786063837000029],[120.26734241600002,14.786035621000053],[120.26735052000004,14.786015243000065],[120.2673602430001,14.785983893000036],[120.26738131400009,14.785950974000059],[120.26739104,14.785943135000025],[120.26740400900007,14.785936864000064],[120.26742346200001,14.785933727000042],[120.26743318900003,14.785930591000067],[120.26744777800002,14.785922752000033],[120.26745588200004,14.785908644000074],[120.26745750200007,14.785896104000074],[120.26745587900007,14.785881997000047],[120.26744939200012,14.785861621000038],[120.26744939000002,14.78584124400004],[120.26745101000006,14.78582870400004],[120.2674591120001,14.785802056000023],[120.26747207900007,14.785778543000049],[120.26751260100002,14.785723677000021],[120.26754502100005,14.785690756000065],[120.26755312600005,14.785686053000063],[120.2675790620001,14.78566410600007],[120.26759040800005,14.785649997000064],[120.26761148000003,14.78561707800003],[120.26761310000006,14.785612375000028],[120.26763093000011,14.785590429000024],[120.26765848700006,14.785566914000071],[120.26768118100006,14.785543399000062],[120.26769414900002,14.785529290000056],[120.26770873700002,14.785508912000068],[120.26772818900008,14.78549166700003],[120.2677443990001,14.785482260000038],[120.2677687150001,14.785471285000028],[120.26778654600002,14.785457176000023],[120.26779465100003,14.785444635000033],[120.26780424900005,14.785411991000046],[120.26780586900009,14.785405721000075],[120.2678058670001,14.785390046000032],[120.26781072800009,14.78537123600006],[120.26781721200007,14.78536026300003],[120.26783666200004,14.78533518200004],[120.267857735,14.785316370000032],[120.2678804300001,14.785303828000053],[120.26793878700005,14.785275607000074],[120.26797931200008,14.785245821000046],[120.26801011200007,14.785228575000076],[120.26803604800011,14.785211330000038],[120.26808792000008,14.785167436000052],[120.26810088700006,14.785153327000046],[120.2681106120001,14.785136084000044],[120.26812844000005,14.785095328000068],[120.26813168100011,14.785084355000038],[120.26813492000008,14.785057708000068],[120.26813491300004,14.784999712000058],[120.26813653400006,14.784995009000056],[120.2681365300001,14.784965227000043],[120.26814301200011,14.784938580000073],[120.26814787400008,14.784926040000073],[120.26816084100005,14.784913498000037],[120.26817218800011,14.78490566000005],[120.2681965050001,14.784900955000069],[120.26823865400002,14.784900950000065],[120.26825973000007,14.784904083000072],[120.26829701600002,14.784904078000068],[120.26830998500009,14.784902510000052],[120.26834402800012,14.78489466800005],[120.26838617600004,14.784877422000022],[120.26843967100001,14.784858606000057],[120.26845264000008,14.784858605000068],[120.26847533700004,14.78486643900004],[120.26850289900005,14.784883678000028],[120.2685239760001,14.784900918000062],[120.26854505200004,14.784915023000053],[120.2685580220001,14.784921291000046],[120.26862125000002,14.784944796000048],[120.26865043100008,14.784949495000035],[120.26867474800008,14.784949493000056],[120.26869420300011,14.784952625000074],[120.26872662700009,14.78496516100006],[120.26873959700004,14.78496672700004],[120.26877068600004,14.784981106000032],[120.26878041500004,14.784996780000029],[120.26879825000003,14.785015587000032],[120.26880635500004,14.785017154000059],[120.26881446100003,14.785014018000027],[120.26882094500002,14.785010882000051],[120.26883229200007,14.785001476000048],[120.268851745,14.78499363700007],[120.2688825460001,14.784988931000044],[120.26889227200002,14.784988930000054],[120.26890848500011,14.784995198000047],[120.26891821200002,14.785003034000056],[120.26893280500008,14.785018707000063],[120.26893928900006,14.78502184100006],[120.26894577400003,14.78502184100006],[120.26896036400001,14.785017136000022],[120.26897008900005,14.785001461000036],[120.26897657200004,14.784995190000075],[120.26898792000009,14.784990486000027],[120.26900251000006,14.784990485000037],[120.269030068,14.784976374000053],[120.26904141500006,14.784966968000049],[120.26905762400008,14.784949724000057],[120.26906086400004,14.784930914000029],[120.26906896800006,14.784918374000029],[120.26909004100003,14.784897994000062],[120.2691175980001,14.78488231600005],[120.26913543,14.78487917900003],[120.26914191500009,14.784882314000072],[120.26915975000009,14.784902689000035],[120.2691694780001,14.784908957000027],[120.26917920500011,14.784908956000038],[120.26920514100004,14.78489641300007],[120.26924242500002,14.784871330000044],[120.26925701400012,14.784866626000053],[120.26926836200005,14.784865057000047],[120.26929754200012,14.784855649000065],[120.26931375200002,14.784847809000041],[120.26933158200006,14.784824295000021],[120.26933158000008,14.784810188000051],[120.26932833700005,14.784802351000053],[120.26932347200011,14.784794514000055],[120.26932185100009,14.784788245000072],[120.26930563600001,14.784764734000078],[120.26930401400011,14.784758465000039],[120.26930563400003,14.784744357000022],[120.26930887500009,14.784733385000038],[120.26932022100004,14.784717709000063],[120.26932508400012,14.78471457300003],[120.26933480900004,14.784702032000041],[120.26935264000008,14.784686355000076],[120.26936723000006,14.784680084000058],[120.26938506200008,14.784678514000063],[120.26939965300005,14.784684782000056],[120.26940613800002,14.784689484000069],[120.26942721400007,14.784697319000031],[120.2694369410001,14.784698885000068],[120.26946125800009,14.784698882000043],[120.26947584800007,14.784694178000052],[120.26948395300008,14.78468947500005],[120.26951151000003,14.784665959000051],[120.26954068600003,14.784626769000056],[120.26954716900002,14.78461266100004],[120.26955040900009,14.784598553000023],[120.2695504080001,14.784589148000066],[120.26955364800006,14.784570338000037],[120.26956175100008,14.784548393000023],[120.26956985600009,14.78453741900006],[120.26959392000003,14.784521463000033],[120.2695987830001,14.784519895000074],[120.26961499300012,14.784507354000027],[120.26962633900007,14.784490110000036],[120.26963930600004,14.78447443400006],[120.26964741100005,14.784468163000042],[120.26966037900002,14.784463459000051],[120.26966848400002,14.784457188000033],[120.26967496800012,14.784449350000045],[120.26968469200006,14.78442740500003],[120.2697235930001,14.784377241000072],[120.26973493800006,14.784352161000072],[120.26975438800002,14.784322377000024],[120.26978356300003,14.784284754000055],[120.26979815200002,14.78427064500005],[120.26982084600002,14.78425810300007],[120.26984354100011,14.784253398000033],[120.26985651000007,14.784253396000054],[120.26987596400011,14.78425652900006],[120.26989379800011,14.784262797000054],[120.26991325300003,14.784280036000041],[120.26991973800011,14.784281603000068],[120.26993270700007,14.784280034000062],[120.26995540200005,14.784270627000069],[120.2699667490001,14.784262788000035],[120.26997809500006,14.784251814000072],[120.27000078800006,14.784225165000066],[120.2700413120001,14.784192243000064],[120.27004941700011,14.784189107000032],[120.27005752200012,14.78418283700006],[120.27010777500004,14.784165588000064],[120.27014992200009,14.784146774000021],[120.27017910100005,14.784132663000037],[120.27019369000004,14.784121689000074],[120.27019855200001,14.784115419000045],[120.2702034140001,14.784102879000045],[120.27020503400001,14.784095041000057],[120.27020503200004,14.784077799000045],[120.2701871920001,14.78402137200004],[120.27018070600002,14.784005698000044],[120.27017908200003,14.783985322000035],[120.27018556400003,14.783961809000061],[120.27019528900007,14.783949268000072],[120.27022771000009,14.783932022000045],[120.27025040300009,14.783916344000033],[120.27025526700004,14.783914776000074],[120.27030876000003,14.783883421000041],[120.27035415000012,14.783867740000062],[120.2703606340001,14.78386303700006],[120.27037036000002,14.783859901000028],[120.27040278100003,14.783842655000058],[120.27041737000002,14.783831681000038],[120.27045140900009,14.783792490000053],[120.27046599700009,14.783772111000076],[120.27048706900007,14.783750164000026],[120.27050489900012,14.78373605400003],[120.27053083600003,14.783721944000035],[120.27055353100002,14.783714104000069],[120.27055839400009,14.783714103000023],[120.27056487800007,14.783710967000047],[120.2706070270001,14.78369999000006],[120.27063620600006,14.78368901400006],[120.27068483900007,14.783678036000026],[120.27071563900006,14.783667059000038],[120.27073185000006,14.783663922000073],[120.27076913600001,14.783652945000028],[120.27079993600012,14.783638834000044],[120.2708210080001,14.783620022000036],[120.27085505000002,14.783598073000064],[120.27089894800008,14.78357926600006],[120.27091515900008,14.78357612900004],[120.27094271800001,14.78357769300004],[120.27103026200007,14.783601195000074],[120.27106106500003,14.783612163000043],[120.27107565600011,14.783619999000052],[120.27111942900001,14.78363880300003],[120.27117617300007,14.78366857800006],[120.27122319000011,14.78369992100005],[120.27123778100008,14.783707757000059],[120.27127993500005,14.78374380300005],[120.27130749800006,14.783773581000048],[120.27134154800001,14.78381433100003],[120.27139667400002,14.78387075300003],[120.27141126600009,14.783889561000024],[120.27142910100008,14.783905233000041],[120.27145504300006,14.783938147000072],[120.27146801600009,14.783961657000077],[120.27147288100002,14.783977331000074],[120.27148098900011,14.78399300500007],[120.27149720600005,14.784035325000048],[120.27150856200001,14.784093320000068],[120.27151343000003,14.784129371000063],[120.27151991800008,14.784152882000058],[120.27152154100008,14.784165421000068],[120.27153127200006,14.784198337000078],[120.27154100200005,14.784223415000042],[120.27155235400005,14.784248494000053],[120.27157019000003,14.78427827300004],[120.2715847830001,14.78429864900005],[120.27160910400005,14.784326860000021],[120.27163666700005,14.784350369000038],[120.27166585000009,14.784366040000066],[120.27171448700005,14.784384844000044],[120.2717517750001,14.784394244000055],[120.27178257700007,14.784398943000042],[120.27179392500011,14.784398941000063],[120.27185877200009,14.784406771000022],[120.27187498400008,14.784409904000029],[120.27197063400001,14.784419297000056],[120.27201923900009,14.784409883000023],[120.27203220700005,14.784405179000032],[120.27205652400005,14.784402041000021],[120.27210191300003,14.784384793000072],[120.27212785000006,14.784376953000049],[120.27213271400001,14.78437695200006],[120.27215865100004,14.784367544000077],[120.27216351400011,14.78436754300003],[120.27218783000001,14.784359703000064],[120.27222025100002,14.784345592000022],[120.27228671500006,14.784326774000021],[120.27233372600006,14.784307958000056],[120.2723823560001,14.784281305000036],[120.27238721900005,14.784276602000034],[120.27242612400005,14.784259355000074],[120.27244881800004,14.784246812000049],[120.27249744800008,14.784213889000057],[120.27251689900004,14.784196645000065],[120.27254931800007,14.78417156100005],[120.27257039100004,14.784157451000056],[120.27258497900004,14.78414334200005],[120.27261091500009,14.784124529000053],[120.27263036600004,14.784107284000072],[120.27267899200001,14.784049282000069],[120.27272599900004,14.784003819000077],[120.27273248300003,14.783999116000075],[120.2727600390001,14.783970898000064],[120.27276814400011,14.783966195000062],[120.27279407900005,14.783942679000063],[120.27280218400006,14.783937976000061],[120.27282487700006,14.783919163000064],[120.27285081200012,14.783892513000069],[120.27286864200005,14.783878403000074],[120.27289295800006,14.783862726000052],[120.27292213500004,14.783839210000053],[120.27295941800003,14.783817260000035],[120.27299021700003,14.783793744000036],[120.2730242560001,14.783759255000064],[120.27303722300007,14.783742011000072],[120.27304532700009,14.78372633600003],[120.2730663970001,14.783696551000048],[120.27308422800002,14.78367773900004],[120.27311178200011,14.783643251000058],[120.27315716900011,14.783602491000067],[120.27320386600002,14.783567685000037],[120.27320386600002,14.783566118000067],[120.27323466400003,14.783539467000026],[120.27328491500009,14.78350967800003],[120.27337245100011,14.783476750000034],[120.27343891300006,14.783445392000033],[120.2735264480001,14.783407761000035],[120.27363343700006,14.783366993000072],[120.27365451100002,14.783360720000076],[120.27368206800008,14.78334817700005],[120.27373556100008,14.783318388000055],[120.27376149700001,14.78330584500003],[120.27377932900004,14.783299572000033],[120.27380850700001,14.783283894000022],[120.27382633900004,14.78327918900004],[120.27385551900011,14.783279185000026],[120.27389118400004,14.783282315000065],[120.27389929000003,14.783287017000077],[120.2739381990001,14.783294849000072],[120.27402412200001,14.783319916000039],[120.27406951500006,14.78332931500006],[120.27415867900004,14.78333870800003],[120.2741797540001,14.783338705000062],[120.27424784300001,14.783343398000056],[120.2743370070001,14.78335749300004],[120.2743710520001,14.783359056000052],[120.27440023300005,14.783365322000066],[120.27442617300005,14.783374723000065],[120.27445697600001,14.78338255600005],[120.27447480900003,14.783390391000069],[120.27452993400004,14.78342800300004],[120.2745720900001,14.78347031900006],[120.27459154700011,14.783487559000037],[120.27459965300011,14.78349226000006],[120.27463694400001,14.783522037000068],[120.27466612800004,14.783542410000052],[120.27470105000009,14.783575025000061],[120.27470591400004,14.783581295000033],[120.27471402100002,14.783587563000026],[120.27475780000009,14.783643986000072],[120.27477239300003,14.783665928000062],[120.2748064430001,14.783706678000044],[120.27485508300003,14.783748992000028],[120.27486805300009,14.783753693000051],[120.2748761580001,14.783753692000062],[120.27488588500012,14.78375055600003],[120.274902096,14.783748986000035],[120.27492317100007,14.783748983000066],[120.2749815310001,14.783744272000035],[120.27500746800001,14.783737999000039],[120.27504799500002,14.78373485800006],[120.27507393300004,14.783730152000032],[120.27509987000008,14.783722311000076],[120.27511283800004,14.783714472000042],[120.27514039500011,14.783701929000074],[120.27515498500009,14.783697224000036],[120.2751711950001,14.78368938500006],[120.27522955000006,14.783653325000046],[120.27525224400006,14.783642349000047],[120.27532032800002,14.783615693000058],[120.27538030400001,14.783578065000029],[120.27543541800003,14.783548275000044],[120.2754791860001,14.783529459000022],[120.27549053400003,14.783526323000046],[120.27556185900005,14.783491828000024],[120.2755877940001,14.783474583000043],[120.27561535200005,14.783462039000028],[120.27565587700008,14.78343852100005],[120.27569964300005,14.783408733000044],[120.27574665400005,14.783389916000033],[120.27575638000008,14.783388347000027],[120.2757661070001,14.783383643000036],[120.27581798100005,14.783367961000067],[120.27589092800008,14.78333503400006],[120.27592821100006,14.783316218000039],[120.27595738900004,14.783295837000026],[120.2760060170001,14.78325350800003],[120.2760141220001,14.783242534000067],[120.27602546600008,14.783220588000063],[120.27604822700005,14.78319338800003],[120.27605957300011,14.783185549000052],[120.27607416300009,14.783179277000045],[120.27608713100005,14.783176140000023],[120.27610496400007,14.783176137000055],[120.27614062700002,14.783168295000053],[120.27616818600006,14.783168291000038],[120.27618601900008,14.783171423000056],[120.27620223100007,14.783171421000077],[120.27625734700007,14.783160441000064],[120.27627355800007,14.783158871000069],[120.2764632300001,14.783158843000024],[120.27648106200002,14.783154138000043],[120.2765102400001,14.783143162000044],[120.27653942000006,14.783136888000058],[120.27661398400005,14.783091420000062],[120.27662857400003,14.78308671600007],[120.27666099600003,14.783086711000067],[120.27670314700003,14.78309611000003],[120.27674691800007,14.783102373000077],[120.27675664500009,14.78310237200003],[120.27681824900003,14.783111767000037],[120.27682635600002,14.783114901000033],[120.2768490520001,14.78311803300005],[120.27686850600003,14.783122732000038],[120.27690417100007,14.783122727000034],[120.27693172900001,14.783118020000074],[120.27695604500002,14.783110179000062],[120.27697873900001,14.783100771000022],[120.27703061400007,14.783089791000066],[120.27707924800006,14.783089784000026],[120.27708573300004,14.783091350000063],[120.2771230190001,14.78309134500006],[120.27715868400003,14.783094474000052],[120.27722353000001,14.78309603200006],[120.27730620900002,14.783105424000041],[120.27736619300003,14.783114820000037],[120.2773953730001,14.783111680000047],[120.27743265700008,14.783099135000043],[120.2774654540001,14.78307681800004],[120.27747356000009,14.783076816000062],[120.27750760200001,14.783067407000033],[120.27752705500006,14.783065836000048],[120.27753516100006,14.783065835000059],[120.27754813000001,14.783070535000036],[120.2775821780001,14.783094042000073],[120.27759190500001,14.78309717600007],[120.27760325300005,14.783097174000034],[120.27761459900012,14.78308620000007],[120.27763243000004,14.783075225000061],[120.27764701700005,14.783061116000056],[120.27767457300001,14.78304230200007],[120.27768429900004,14.783037598000021],[120.27771510000002,14.783029756000076],[120.27779453500011,14.783031312000048],[120.27783830600004,14.783036007000021],[120.27789180400009,14.783039134000035],[120.2779339540001,14.78304539800007],[120.27798907600004,14.78306576600005],[120.27801339500002,14.783079870000051],[120.27804257700006,14.783092405000048],[120.27807338100001,14.78310807500003],[120.27809121400003,14.783114342000033],[120.27810742600002,14.78311747400005],[120.27813498500007,14.783117470000036],[120.27817064900012,14.783108060000075],[120.27819010200005,14.783104922000064],[120.2782014500001,14.783104920000028],[120.27822090400002,14.783108052000046],[120.278253328,14.783120587000042],[120.27828088800004,14.78312528500004],[120.27829223600008,14.78312528300006],[120.27830682600006,14.783123714000055],[120.27835545700009,14.783103329000028],[120.27837653100005,14.783100191000074],[120.27838463600006,14.783097055000042],[120.27842678400009,14.78308921100006],[120.2784429940001,14.783081371000037],[120.27845434100004,14.78307353200006],[120.27847055100005,14.783067260000053],[120.27847541500012,14.783067259000063],[120.27849486700006,14.78305941900004],[120.27851594100002,14.78305471300007],[120.27852404600003,14.783050009000021],[120.27853215100004,14.783048441000062],[120.2785597080001,14.783034329000031],[120.2785678140001,14.783032760000026],[120.27859699200008,14.783018649000041],[120.27867155600006,14.782965343000058],[120.27868776600008,14.782955936000064],[120.27872180400004,14.782924581000032],[120.27875746500001,14.782899496000027],[120.27881419700009,14.782849328000054],[120.27884175200006,14.782819542000027],[120.27891306800007,14.78273488700006],[120.27891955200005,14.78273018300007],[120.27893900200002,14.78270666800006],[120.27895034700009,14.782686289000026],[120.27895845100011,14.782676883000022],[120.2789714160001,14.782651801000043],[120.2789924860001,14.782623583000031],[120.27902627500009,14.782544448000067],[120.27903599900003,14.782525637000049],[120.27905544800001,14.782498987000054],[120.27906517200006,14.782481743000062],[120.2790732740001,14.782461365000074],[120.27907813600007,14.78245352700003],[120.27909271900012,14.782412770000064],[120.2791299920001,14.782339094000065],[120.2791494380001,14.782292067000071],[120.27918833400008,14.782226227000024],[120.27921264300005,14.78217919900004],[120.2792664860001,14.782065143000068],[120.27930785400008,14.782009893000065],[120.27935513800003,14.781994648000023],[120.27939454300008,14.781994644000065],[120.27941227500003,14.781990832000076],[120.27951078600006,14.781990821000022],[120.279528518,14.781985104000057],[120.27959353400001,14.781977477000055],[120.27960535500006,14.781971761000023],[120.27962505700009,14.781967949000034],[120.27964278800005,14.781960327000036],[120.27966249000008,14.781958420000024],[120.27967825100006,14.781954608000035],[120.27969401300004,14.781952701000023],[120.27973538700007,14.781952697000065],[120.2797550890001,14.781948885000077],[120.27978858300003,14.781948881000062],[120.27984177700012,14.78193363500003],[120.27985753900009,14.781931729000064],[120.27986936000002,14.781926012000042],[120.27989300200011,14.781922200000054],[120.27990482200005,14.781916484000021],[120.27992255400011,14.781912672000033],[120.27994619600008,14.781905049000045],[120.28004076400009,14.781882179000036],[120.28008016700005,14.781870745000049],[120.28012351000007,14.78185359500003],[120.28014321100011,14.781847878000065],[120.28016488300011,14.781838350000044],[120.28017670400004,14.781836444000078],[120.2802397480001,14.781809767000027],[120.28026536000004,14.78180214400004],[120.28027324000004,14.781796428000064],[120.28031264200001,14.781777374000058],[120.28036977500005,14.781746888000043],[120.2803894760001,14.781741170000032],[120.28039735700008,14.781735455000046],[120.28044069900011,14.78171259000004],[120.28046236900002,14.781697347000033],[120.28052935200003,14.781659240000067],[120.28054117200008,14.781645903000026],[120.28056087200002,14.781628756000032],[120.28062785400004,14.78157731300007],[120.28064558400001,14.781556356000067],[120.28069680100009,14.78148015000005],[120.28071255900011,14.78144966800005],[120.28072634600005,14.781409661000055],[120.28073225500009,14.78140013500007],[120.28074801500009,14.781382989000065],[120.28075392500011,14.781373463000023],[120.28075392400001,14.78136584300006],[120.2807795330001,14.781336689000057],[120.28078938400006,14.781332878000057],[120.28085045600005,14.781292866000058],[120.28086818600002,14.781275719000064],[120.28087803500011,14.78125857300006],[120.28088000500009,14.781249047000074],[120.28088985200009,14.781222376000073],[120.28089969900009,14.781182369000021],[120.28089967100004,14.780942337000056],[120.28090163900004,14.78092519200004],[120.280901631,14.780858516000023],[120.28088500500007,14.78080953500006],[120.28088505400001,14.780743132000055],[120.28089720000003,14.780707986000039],[120.28089723500011,14.780661113000065],[120.28089321800007,14.780629862000069],[120.28089324400003,14.780594707000034],[120.2808771230001,14.780543917000045],[120.28087713500008,14.780528293000032],[120.28087311000002,14.780508760000032],[120.28087314200002,14.780465793000076],[120.2808771870001,14.780457984000066],[120.28088931500008,14.780446274000042],[120.2809176080001,14.780426764000026],[120.28094589400007,14.780415065000057],[120.28097417200001,14.780415085000072],[120.28100246200006,14.780399480000028],[120.28101055600007,14.780379956000047],[120.28100653400008,14.78035651600004],[120.280994426,14.780340884000054],[120.28097423600002,14.780329152000036],[120.28096617100005,14.780309616000068],[120.28096618900008,14.78028617900003],[120.28097428600006,14.78026274900003],[120.28099045300007,14.780251042000032],[120.28099853300012,14.780251047000036],[120.28102278300003,14.78023544000007],[120.28106318300001,14.78023156200004],[120.28108338400011,14.780227670000045],[120.28112785300004,14.780184734000045],[120.28115614800004,14.780161318000069],[120.28117232800003,14.780133986000067],[120.28118477800001,14.780106046000071],[120.28123327700007,14.780074831000036],[120.28131415000007,14.779969424000058],[120.28109178500006,14.779794104000075],[120.28104731100007,14.779844852000053],[120.28104728800008,14.779876100000024],[120.28103918800002,14.77990343700003],[120.28102705100002,14.77992686500005],[120.28096237800003,14.779977599000063],[120.28094217400007,14.779985397000075],[120.28089369700001,14.779985363000037],[120.28086139100003,14.77996971600004],[120.28085735100001,14.77996971400006],[120.28082399700008,14.779953155000044],[120.28079247400001,14.779953159000058],[120.28078459400001,14.779956970000057],[120.28074322100008,14.779970309000078],[120.28071366800009,14.779972218000069],[120.28070381700002,14.779970314000025],[120.28068805400005,14.779962695000052],[120.28064076800001,14.779947460000074],[120.28062697500002,14.779936032000023],[120.28062106300001,14.77992841200006],[120.28058953400011,14.779878885000073],[120.280583621,14.779854121000028],[120.28057376700008,14.779827452000063],[120.28057179500001,14.779812212000024],[120.28057179000007,14.779772207000065],[120.28059148700004,14.77972838900007],[120.28060133700001,14.779716958000051],[120.28061118700009,14.779709337000043],[120.28063876600004,14.779675044000044],[120.28067225300003,14.779619794000041],[120.28068210200001,14.779606458000046],[120.28069195000012,14.77957788200007],[120.28069391800011,14.779562641000041],[120.28069982700003,14.779547401000059],[120.2807057340001,14.779518825000025],[120.28071361200011,14.779494059000058],[120.28071558300007,14.779494058000068],[120.28071952000005,14.779471198000067],[120.28071951900006,14.779455958000028],[120.28070572400009,14.779425479000054],[120.28070375200002,14.779415954000058],[120.28068995700005,14.77937976000004],[120.28068995000001,14.779324514000052],[120.28069388900008,14.779311179000047],[120.2807096470001,14.779280697000047],[120.28071752700009,14.779269266000028],[120.28073328700009,14.779255929000044],[120.28075495500002,14.779217826000036],[120.28075495200005,14.779194965000045],[120.280751011,14.779183536000062],[120.28072539400011,14.779147343000034],[120.28071160100001,14.779134009000074],[120.280699776,14.779117620000022],[120.28063278600007,14.779081432000055],[120.28062293200003,14.779062383000053],[120.280611109,14.779045239000027],[120.28060125600007,14.779022380000072],[120.28059534400006,14.779014761000042],[120.28058746300007,14.779010952000021],[120.28049092300012,14.77901096200003],[120.28043379000007,14.779028113000038],[120.28035301200009,14.779028122000057],[120.28033528000003,14.779026219000059],[120.28030769400004,14.77899764700004],[120.2802722240001,14.778946215000076],[120.28026040200007,14.778938597000035],[120.2802367590001,14.778927169000042],[120.28022690800003,14.778925265000055],[120.28021705600008,14.778919551000058],[120.28017568000007,14.778904316000023],[120.28012248400012,14.778892891000055],[120.2801027810001,14.778885273000071],[120.28008307900006,14.77888146500004],[120.28005352600007,14.778881468000066],[120.28002791400002,14.778887186000077],[120.27998062800009,14.778877666000028],[120.27997077600003,14.778866237000045],[120.2799668350001,14.778864332000069],[120.27993530700007,14.778816710000058],[120.27992545500001,14.778809091000028],[120.279919543,14.778801472000055],[120.27987816500001,14.778761471000053],[120.2798663420001,14.778744327000027],[120.27985057800004,14.778730994000057],[120.27979541100001,14.778713854000046],[120.27977767900006,14.778713856000024],[120.27970478100008,14.778704339000058],[120.27967522600011,14.778687197000067],[120.27965946300003,14.778673863000051],[120.27964764100011,14.778666244000021],[120.27962596500004,14.77863386100006],[120.27960429100006,14.778614813000047],[120.27957670600006,14.778597671000057],[120.27955503300007,14.77858814800004],[120.27954321100003,14.778586244000053],[120.27952350800001,14.778578626000069],[120.2794973020001,14.778582528000072],[120.27949139100008,14.778580623000039],[120.27946774600002,14.778552051000077],[120.27946183400002,14.778542526000024],[120.27945198100008,14.778521572000045],[120.27945000900002,14.77851204700005],[120.27943030100005,14.778454899000053],[120.27942636000012,14.778447279000034],[120.27939680200006,14.778405372000066],[120.27937709900004,14.778392039000039],[120.27930814000001,14.77837299600003],[120.27928646700002,14.77835966300006],[120.27927858500004,14.778350139000054],[120.27925079600004,14.778296798000042],[120.27924273400004,14.778273356000057],[120.27923063600008,14.778246005000028],[120.27921852200006,14.778238185000077],[120.27919025300002,14.778226447000065],[120.27917005500001,14.778226433000043],[120.27914581900006,14.778222510000035],[120.27913370300007,14.778218595000055],[120.27903675000005,14.778218527000035],[120.27901251500009,14.778214604000027],[120.2789882830001,14.778206775000058],[120.27896809300012,14.77819504200005],[120.27893982900002,14.77817549200006],[120.27891560900002,14.77815203800003],[120.27890349200004,14.77814812400004],[120.27887925700009,14.778144201000032],[120.27882270100008,14.778144161000057],[120.27874724000003,14.778105889000074],[120.27872704700007,14.778098063000073],[120.27866646100006,14.778086302000077],[120.27865030800001,14.778078479000044],[120.27859780400001,14.778062817000034],[120.27857760800009,14.77805889700005],[120.2785533760001,14.778051068000025],[120.27850491800007,14.778027597000062],[120.27848068200001,14.778023674000053],[120.2784685690001,14.778015854000046],[120.27844837400005,14.778011933000073],[120.27842414200006,14.778004104000047],[120.27839586700009,14.77800017800007],[120.27836759500008,14.777992346000076],[120.2783595190001,14.777988434000065],[120.27829893500007,14.777972767000051],[120.27823431500008,14.77795319200004],[120.27822623600002,14.777953186000047],[120.27807896800005,14.777922384000021],[120.27804547400001,14.777909052000041],[120.27803759300002,14.777903338000044],[120.27799424600005,14.777884292000067],[120.27795681200007,14.777874771000029],[120.27794893100008,14.777874771000029],[120.27793908000001,14.777870962000065],[120.27775782300012,14.777870980000046],[120.27774600200007,14.777872886000068],[120.27773024100009,14.777878603000033],[120.27765143400006,14.777878610000073],[120.27762976100007,14.777872897000066],[120.27760217700006,14.777859565000028],[120.27758050400007,14.777844327000025],[120.2775647420001,14.777836708000052],[120.2775509490001,14.777827184000046],[120.2775154840001,14.777811948000021],[120.27746819800007,14.777787187000058],[120.27744258400003,14.777775760000054],[120.27741106000008,14.77776433200006],[120.27739332800002,14.77776052400003],[120.27736968500005,14.77775100100007],[120.27734013000008,14.777733859000023],[120.27733421900007,14.777731955000036],[120.27731057500012,14.777714812000056],[120.27730269500012,14.777712907000023],[120.27726328900008,14.777695766000022],[120.27713127900006,14.777617673000066],[120.27706626000008,14.777596724000034],[120.27702882500012,14.777573867000058],[120.27701700300008,14.777570058000038],[120.27699335900002,14.777552915000058],[120.27695198000004,14.77750719900007],[120.27692242300009,14.777461481000046],[120.27690862300005,14.777377662000049],[120.27690861200006,14.777270981000072],[120.27691649200005,14.777255740000044],[120.27692043000002,14.777240499000072],[120.27694210000004,14.777219631000037],[120.27696770500006,14.777143428000045],[120.2769893740001,14.777111041000069],[120.27699331400004,14.777101515000027],[120.2770051330001,14.777086274000055],[120.27701301100001,14.777054553000028],[120.27702877100012,14.777043121000077],[120.27704846900008,14.777003114000024],[120.27704846800009,14.776999304000071],[120.27705831700007,14.776978348000057],[120.27712332500005,14.776894521000031],[120.2771745450001,14.776843081000038],[120.27718439300008,14.776818314000025],[120.27718636100008,14.776799264000033],[120.2771863590001,14.776778309000065],[120.27718241600007,14.776751639000054],[120.27720605400009,14.776704012000039],[120.27721196400012,14.776702106000073],[120.27721787400003,14.77669639000004],[120.2772434850001,14.776686863000066],[120.27745035400005,14.77668684300005],[120.27748975400004,14.776658264000048],[120.27750748500011,14.776648737000073],[120.27753309500008,14.776625875000036],[120.27754885400009,14.776606823000066],[120.27757642800009,14.77652871500004],[120.27758036800003,14.776519190000045],[120.27758627800006,14.776513474000069],[120.27765720100001,14.776488702000051],[120.27770448500007,14.776486792000071],[120.27773600700004,14.77648107400006],[120.27776752800003,14.776460116000067],[120.27778328800002,14.776454400000034],[120.27779116700003,14.776435349000053],[120.27780889600001,14.776405531000023],[120.27782071000001,14.77634075900005],[120.27783843800012,14.776312182000026],[120.27784237700007,14.776293132000035],[120.27784828600011,14.77627979600004],[120.27785616400001,14.776251220000063],[120.27786601200012,14.776226454000039],[120.27789753100001,14.776194066000073],[120.27791132100003,14.776176919000022],[120.27791329000001,14.776171204000036],[120.27791920000004,14.77616548900005],[120.27793298800009,14.77613500700005],[120.27793495700007,14.776125482000054],[120.27794480700004,14.776114051000036],[120.27794480700004,14.77611214600006],[120.27803148800001,14.776056892000042],[120.27804921800009,14.776039745000048],[120.27806300700001,14.776020693000078],[120.27807790600002,14.775984316000063],[120.27807791500004,14.775972598000067],[120.27808196100011,14.775964788000067],[120.27808198200012,14.775937446000057],[120.2780739320001,14.775898380000058],[120.27806586400004,14.77588275000005],[120.27805779100004,14.775874932000022],[120.27803761300004,14.775847575000057],[120.27802551200011,14.775824131000036],[120.27798112400001,14.775761602000046],[120.27796497700001,14.775745967000034],[120.27795287000004,14.775730334000059],[120.27794075700001,14.775722513000062],[120.27792055900011,14.77572249900004],[120.27789632400004,14.775718576000031],[120.27788420500008,14.77571856700007],[120.2778640040001,14.775722459000065],[120.27786397700004,14.775757613000053],[120.27785992600002,14.775773235000031],[120.27784035400009,14.77578449300006],[120.27772608400005,14.775784504000057],[120.27762757400001,14.775769273000037],[120.27757832000009,14.775769278000041],[120.27753832200005,14.775783370000056],[120.27748512700009,14.775773850000064],[120.27747724200003,14.775735750000024],[120.27748315100007,14.775722415000075],[120.27749497100001,14.775707173000058],[120.27750087900006,14.775684313000056],[120.27750087800007,14.77567478800006],[120.27749565300007,14.775648208000064],[120.2774956500001,14.775615822000077],[120.27749170800007,14.77560629800007],[120.27747200500005,14.775592964000055],[120.27744639200012,14.775581536000061],[120.27739713400001,14.775551061000044],[120.27734393500009,14.775503440000023],[120.27733014300009,14.77549582100005],[120.27730058500003,14.775436768000077],[120.27730058100008,14.775406288000056],[120.27729270000009,14.77539676400005],[120.27723950600011,14.77540248400004],[120.27721192500007,14.775412011000071],[120.2771961630001,14.77541201300005],[120.27716464200012,14.775419636000038],[120.2771429710001,14.775427258000036],[120.2770621950001,14.77544060100007],[120.27704249300007,14.775438698000073],[120.27701294000008,14.775431080000033],[120.27699914900006,14.775431082000068],[120.27697747800005,14.775438704000067],[120.2769518670001,14.775448231000041],[120.27691640700004,14.775476810000043],[120.27689867700008,14.775493957000037],[120.27687700800004,14.775524439000037],[120.27685731000008,14.775562541000056],[120.27684549000003,14.77557206800003],[120.27678835600011,14.775575883000045],[120.27675683200005,14.77556064600003],[120.27669969300007,14.775518741000042],[120.27669969200008,14.775516836000065],[120.27668195900003,14.77549588200003],[120.27664846300001,14.775461595000024],[120.27661693800007,14.775440643000024],[120.27659526500008,14.775423499000055],[120.27656965100005,14.775410167000075],[120.27655980000009,14.775408263000031],[120.2765302470001,14.775396835000038],[120.27647508200005,14.775396840000042],[120.27643764900006,14.775402559000042],[120.27638642500006,14.77540065900007],[120.27636672200003,14.775391135000064],[120.27634701900001,14.77537589700006],[120.27633125700004,14.775370184000053],[120.27627805700001,14.77531113300006],[120.27625638400002,14.775305420000052],[120.27624259200002,14.775299706000055],[120.2762366820001,14.775299706000055],[120.27619890100004,14.775290317000042],[120.27618059300005,14.775288548000049],[120.27614031400003,14.775270849000037],[120.27612017400008,14.77525668900006],[120.27611101900004,14.775246068000058],[120.27610186300001,14.775221286000033],[120.27609820100008,14.775214205000054],[120.27609087600001,14.775205354000036],[120.27606707400003,14.77518234300004],[120.27603045600006,14.775159333000033],[120.27602313200009,14.775152253000044],[120.27600299100004,14.775125701000036],[120.27598651200003,14.775111540000069],[120.2759535570001,14.775099151000063],[120.27594257200008,14.77509738200007],[120.27592060300003,14.775099154000031],[120.27589497300005,14.775108008000075],[120.27586201800011,14.77510624000007],[120.2758510330001,14.775104471000077],[120.27584371000012,14.775100931000054],[120.27583455500007,14.775093851000065],[120.2758217380001,14.775076150000075],[120.27581258000009,14.775037205000046],[120.27580159400009,14.77502127400004],[120.27579427100011,14.775015963000044],[120.27577596200001,14.775007114000061],[120.27573568300011,14.774994726000045],[120.2757063900001,14.77498233600005],[120.27568991200008,14.774973487000068],[120.27563498500001,14.774936316000037],[120.2756185070001,14.774927466000065],[120.27557090500011,14.774913308000066],[120.27553794900007,14.774893838000025],[120.27552330100002,14.77488321800007],[120.27547752800001,14.774844277000057],[120.27543541700004,14.774817726000038],[120.27538232300003,14.774801799000045],[120.27536767700008,14.774801800000034],[120.27535852300002,14.774803571000064],[120.27532190900001,14.774819507000075],[120.27530177000006,14.774823049000076],[120.27527980100001,14.774823051000055],[120.27527064700007,14.774824822000028],[120.27525966200005,14.774823052000045],[120.27523586100006,14.774814203000062],[120.2752047350001,14.774789422000026],[120.27519924100011,14.774769950000064],[120.2751937480001,14.774762869000028],[120.2751827620001,14.77475578900004],[120.27516811600003,14.774752250000063],[120.27516079300005,14.774752251000052],[120.27514980800004,14.774754022000025],[120.27514248500006,14.774757563000037],[120.27512967100006,14.774769956000057],[120.27512601000001,14.774777037000035],[120.2751150260001,14.774789430000055],[120.27510404300006,14.774805363000041],[120.27508390600008,14.774828378000052],[120.27506376800011,14.774837231000049],[120.27499969000007,14.774837236000053],[120.27498870500006,14.774839008000072],[120.27497222900001,14.774847860000023],[120.27496673700011,14.774853172000064],[120.2749429380001,14.774865565000027],[120.27493561500012,14.774867336000057],[120.2749246300001,14.774867337000046],[120.27489899800003,14.774863799000059],[120.27486172800002,14.774840789000052],[120.27484158900006,14.774831939000023],[120.27482511100004,14.774821319000068],[120.27478299900008,14.77478768800006],[120.274757367,14.774771758000043],[120.27473356600001,14.77476113800003],[120.27470427200001,14.774750519000065],[120.27462005200005,14.774709810000047],[120.27460723600007,14.77470450100003],[120.27458709700011,14.774700962000054],[120.27456146600002,14.77469919400005],[120.27448091300005,14.774711592000074],[120.27439120500003,14.774720451000064],[120.27434726700005,14.774732846000063],[120.27427403800004,14.774768257000062],[120.27424474600002,14.774771800000053],[120.27421728400009,14.774771802000032],[120.27417700600006,14.774766495000051],[120.27412940400006,14.774755877000075],[120.274114757,14.77475056700007],[120.2741037720001,14.774748798000076],[120.27405433900003,14.774734640000077],[120.27402504400004,14.774713399000063],[120.27400098100009,14.774725793000073],[120.27398450400005,14.774727565000035],[120.27394422700002,14.77472756800006],[120.27391127300007,14.774734652000063],[120.27390212000012,14.774738193000076],[120.27387465900006,14.774755898000024],[120.27386916800003,14.774762979000059],[120.27384720000009,14.774780683000074],[120.27382523100005,14.774791307000044],[120.27379410800006,14.774796620000075],[120.27374833900001,14.774798394000072],[120.27372453900011,14.77480547700003],[120.2737007400001,14.77481787000005],[120.27367877200004,14.774833804000025],[120.27366046500003,14.774849738000057],[120.27364765100003,14.77486390100006],[120.27364032900005,14.77487452300005],[120.27363666800011,14.774883375000059],[120.27363300700006,14.77489399700005],[120.27363300800005,14.774902848000067],[120.27362568700005,14.774932943000067],[120.2736220270001,14.774943565000058],[120.27361653500009,14.774950646000036],[120.27360921200011,14.774955957000032],[120.27359456600004,14.774959499000033],[120.27356527400002,14.774959501000069],[120.27355612000008,14.774963042000024],[120.27353964400004,14.774971895000022],[120.27352133700003,14.774991369000077],[120.27351401500005,14.774994910000032],[120.27350119900007,14.774998452000034],[120.27347739900006,14.77499845400007],[120.27344810500006,14.774986064000075],[120.27343528900008,14.774978984000029],[120.27339867100011,14.774943582000049],[120.27338402300006,14.774925881000058],[120.27337303700006,14.77491703000004],[120.27335656000002,14.774908180000068],[120.27333275900003,14.774901101000069],[120.27329248100011,14.774895793000042],[120.27325220400007,14.774895797000056],[120.273237558,14.774899338000068],[120.27316981900003,14.774909965000063],[120.27315517300008,14.774909966000052],[120.27312954100012,14.774904657000036],[120.27311672500002,14.774899348000076],[120.2730892620001,14.774879877000046],[120.27304715000002,14.77483916400007],[120.27303799600008,14.77482854300007],[120.2730087010001,14.77480199200005],[120.27297574500005,14.774780751000037],[120.27294462000009,14.774770132000071],[120.27292265100004,14.774766593000038],[120.2729134970001,14.774766594000027],[120.27289518900011,14.77477013600003],[120.27288603500006,14.774773677000042],[120.27287871200008,14.774778988000037],[120.27287505100003,14.774786070000061],[120.27286772900004,14.774794921000023],[120.27285857700008,14.77482324600004],[120.27285125700007,14.774853341000039],[120.27284576500006,14.77486396300003],[120.2728237980001,14.774894059000076],[120.27280915300003,14.774906452000039],[120.27279816800001,14.774909993000051],[120.2727688760001,14.774915306000025],[120.2727450750001,14.774915308000061],[120.27272310600006,14.774922391000075],[120.27269930800003,14.774945406000029],[120.27269198500005,14.774956028000076],[120.27267551000011,14.774986124000066],[120.27266452800006,14.77501090800007],[120.27263889900007,14.775044545000071],[120.2726177510001,14.77508191100003],[120.2725994440001,14.775096074000032],[120.2725683220001,14.775113779000037],[120.27253537000001,14.775138565000077],[120.27251157100011,14.77515095800004],[120.27250974000003,14.775154499000053],[120.27250241700006,14.775159810000048],[120.27248411100004,14.775179285000036],[120.27247312700001,14.77519344700005],[120.27244749900001,14.775232395000046],[120.27242919300011,14.775250099000061],[120.27241271600008,14.775260722000041],[120.27236877900009,14.775281968000058],[120.27234498000007,14.775290821000056],[120.2723193490001,14.77529790400007],[120.27229005700008,14.775299676000031],[120.27224428700004,14.775299680000046],[120.27222414800008,14.775297911000052],[120.27219485600006,14.775301453000054],[120.27218204000008,14.775304995000056],[120.2721564100001,14.775313848000053],[120.27210881200006,14.775342175000048],[120.27208318100008,14.775351029000035],[120.27207219700006,14.775352800000064],[120.2720575510001,14.77535811100006],[120.27204473500001,14.775359883000021],[120.27200262800011,14.77537227700003],[120.27190010700008,14.77541300100006],[120.27186349200008,14.775432476000049],[120.2718378620001,14.775448410000024],[120.27182687800007,14.775457262000032],[120.27178477300004,14.77549975100004],[120.27177195900003,14.775515684000027],[120.27175914500003,14.775535158000025],[120.2717426690001,14.77555286200004],[120.2717243620001,14.775570566000056],[120.27170239400004,14.775586499000042],[120.27167493400009,14.775611285000025],[120.27166578100002,14.775623677000056],[120.27165296700002,14.77564846200005],[120.2716364910001,14.77566970600003],[120.27162184600002,14.77568209900005],[120.27160170800005,14.775690952000048],[120.27158889200007,14.77569449300006],[120.271555938,14.775696266000068],[120.27152481400003,14.775689187000069],[120.27149002800002,14.775687419000064],[120.27145707400007,14.775694503000068],[120.27143510500002,14.775701585000036],[120.27141679800002,14.775712208000073],[120.27140764400008,14.775715749000028],[120.27136004500005,14.775749388000065],[120.2713325840001,14.775761781000028],[120.27129596800012,14.775768865000032],[120.27127583000004,14.77577063700005],[120.27124287600009,14.775784801000043],[120.27123372200003,14.775790113000028],[120.271222738,14.775800735000075],[120.27118978500005,14.775821980000046],[120.27115866300005,14.77584676600003],[120.27111472500007,14.775878634000037],[120.27106807700011,14.775906960000043],[120.27106441600006,14.775910501000055],[120.27101498500008,14.775917585000059],[120.27094724500012,14.775917590000063],[120.27092161400003,14.775921132000065],[120.27090879800005,14.775924673000077],[120.2708758440001,14.775926446000028],[120.27083556600007,14.775917597000046],[120.27079711800002,14.775901667000028],[120.27075134600011,14.775875116000066],[120.27070191100006,14.775830863000067],[120.27067811000006,14.77581493200006],[120.27065064700002,14.775806083000077],[120.27063417000011,14.775804314000027],[120.27052981500003,14.775809631000072],[120.27051150700004,14.775809632000062],[120.2704785520001,14.775804324000035],[120.27044742800001,14.775795474000063],[120.27043461200003,14.775790165000046],[120.2704071490001,14.775774234000039],[120.27035222200004,14.77573175200007],[120.27033940600006,14.775724671000035],[120.2702899740001,14.775710513000035],[120.27025701900004,14.775708744000042],[120.27020941900003,14.775708747000067],[120.27017646500008,14.775712290000058],[120.27016181800002,14.775712291000048],[120.27012703300011,14.775717604000022],[120.27008126400005,14.775728229000038],[120.27006844900006,14.775733540000033],[120.27003915700004,14.775740623000047],[120.27000986400003,14.775745936000021],[120.26994761800006,14.775753021000071],[120.26991832500005,14.77575302300005],[120.26986523100004,14.775740634000044],[120.26982495200002,14.77572116400006],[120.26980847400011,14.775715854000055],[120.26978284300003,14.775710545000038],[120.26977002700005,14.775710546000028],[120.26974073400004,14.77571408800003],[120.26971510300007,14.77571940100006],[120.26970228800008,14.775724712000056],[120.26966384200011,14.77573179600006],[120.26959427100007,14.775738881000052],[120.26957596400007,14.775745963000077],[120.26953385700006,14.77577075000005],[120.26951005600006,14.775777832000074],[120.26948411600006,14.775772523000057],[120.26947313100004,14.77577606400007],[120.26944017700009,14.775776066000049],[120.26942186800011,14.775772527000072],[120.26937060500006,14.775754827000071],[120.26931934100003,14.775742438000066],[120.26928455600012,14.77573712900005],[120.26924061600005,14.775733591000062],[120.2691838610001,14.775722973000029],[120.26915273700001,14.775714124000046],[120.26913992100003,14.77570881400004],[120.26911062700003,14.77569111300005],[120.26908499400008,14.775669871000048],[120.26906119300008,14.775652170000058],[120.26904654600003,14.775643320000029],[120.26902091400007,14.775632700000074],[120.26900443700004,14.77562916000005],[120.26899162100005,14.77562916100004],[120.2689769750001,14.77563093200007],[120.26895683700002,14.77564155500005],[120.26894402200003,14.77565217700004],[120.26893303800011,14.77566457000006],[120.26891656200007,14.775685814000042],[120.26891107000006,14.775696435000043],[120.26890008600003,14.775707058000023],[120.26887628700001,14.775724761000049],[120.26884882600007,14.775737155000058],[120.2687810870001,14.77575309100007],[120.26873348700008,14.775758405000033],[120.2687023630001,14.775758406000023],[120.26866757800008,14.775753098000052],[120.26865293100002,14.775747788000047],[120.2686126530001,14.775728317000073],[120.26857603500002,14.775703536000037],[120.26850096900012,14.775639811000076],[120.2684844910001,14.775629190000075],[120.26845702800006,14.775613260000057],[120.26842773500005,14.775600869000073],[120.26839661100007,14.775592020000033],[120.26838379500009,14.77559025000005],[120.26835633300004,14.775590252000029],[120.26833985600001,14.775592023000058],[120.26832887100011,14.77559556400007],[120.2682867640001,14.775602648000074],[120.26827577900008,14.77560618900003],[120.26816776300006,14.775618587000054],[120.26809819200002,14.775618591000068],[120.26806340700011,14.77562036300003],[120.26803045300005,14.775625675000072],[120.26798834500005,14.775641610000037],[120.26795356100001,14.775657544000069],[120.26790596100011,14.77567170900005],[120.26788399200007,14.775680562000048],[120.26779611500001,14.775724823000076],[120.2677851310001,14.775728364000031],[120.26776499200002,14.775731906000033],[120.26775728000007,14.775714204000053],[120.26772798700006,14.775714205000043],[120.26768038600005,14.775708897000072],[120.26766573900011,14.77570535700005],[120.26756870600002,14.775696511000035],[120.2674808270001,14.775694745000067],[120.26743688700003,14.775691207000023],[120.26741125600006,14.775685897000074],[120.26735083800008,14.775666427000033],[120.2673142220001,14.775659348000033],[120.26727394400007,14.775655810000046],[120.26723366600004,14.775655812000025],[120.26717325000004,14.775661126000045],[120.26714945000003,14.775664667000058],[120.26706889600007,14.775684144000024],[120.2670066500001,14.775696539000023],[120.26691328000004,14.775703625000062],[120.26686567900003,14.775703627000041],[120.2668199090001,14.775707170000032],[120.26677597000003,14.775705402000028],[120.26673203100006,14.775700093000069],[120.2666880910001,14.77569124400003],[120.26660021200007,14.775666465000029],[120.26651050200007,14.77565230700003],[120.2664372700001,14.775652311000044],[120.26641713200002,14.775655852000057],[120.26638600800004,14.775657624000075],[120.26631277700005,14.775659398000073],[120.26629080700002,14.775659399000062],[120.26622489800002,14.775654091000035],[120.26616814300007,14.775652324000077],[120.26614434200008,14.775645244000032],[120.26611871000011,14.775632853000047],[120.26607477000005,14.775602761000073],[120.26603449100003,14.775585060000026],[120.26600153600009,14.775576211000043],[120.26597224300008,14.775562050000076],[120.26594294900008,14.775551430000064],[120.2659118250001,14.775546120000058],[120.26588619400002,14.775546122000037],[120.26586971600011,14.775539041000059],[120.26586239300002,14.775533731000053],[120.2658587310001,14.775524880000034],[120.2658587310001,14.77551956900004],[120.26586605300008,14.77550009600003],[120.26588253000011,14.775485933000027],[120.26592280600005,14.775464688000056],[120.26593745200012,14.775452296000026],[120.2659447740001,14.77543636300004],[120.26594843500004,14.775416890000031],[120.26595392700006,14.77540626800004],[120.26596125000003,14.775399187000062],[120.2659758960001,14.775388565000071],[120.26601068000002,14.775370860000066],[120.26602532600009,14.775360238000076],[120.26603448000003,14.775356697000063],[120.26605278800002,14.77536200700007],[120.26606743500008,14.77537262800007],[120.26609855900006,14.775383248000026],[120.2661077140001,14.775388559000078],[120.26612419100002,14.775393869000027],[120.26613883800007,14.775395638000077],[120.26615348400003,14.775388556000053],[120.26618826800006,14.775376163000033],[120.26619742200012,14.77537439200006],[120.26620657600006,14.77537439200006],[120.26622305400008,14.77538147200005],[120.26623770000003,14.77539209300005],[120.26625417800005,14.775395633000073],[120.26628530100004,14.775390320000042],[120.26630177800007,14.775385009000047],[120.26633839300007,14.775363764000076],[120.26638049900009,14.775326587000052],[120.26639514500005,14.775308884000026],[120.26640246800002,14.77530357300003],[120.26640979000001,14.775294721000023],[120.26645555800008,14.775254003000043],[120.26647569500005,14.775223908000044],[120.2664921710001,14.775204434000045],[120.26649766300011,14.775195582000038],[120.26651597000011,14.775176109000029],[120.26654526100003,14.775153094000075],[120.26657638300003,14.775124769000058],[120.26660201300001,14.77510529500006],[120.26663130500003,14.77507519900007],[120.26666425600001,14.775020319000078],[120.26666974800003,14.77500969700003],[120.2666789000001,14.774984913000026],[120.26671002100011,14.774930034000022],[120.26672283500011,14.774912331000053],[120.26674846300011,14.774855681000076],[120.26676493900004,14.774830897000072],[120.26677775400003,14.774820275000025],[120.26680704600005,14.77480434100005],[120.26682535400005,14.774802570000077],[120.26684000000012,14.774806109000053],[120.26684915400006,14.774806109000053],[120.26685647700003,14.774802568000041],[120.26686746100006,14.77479194600005],[120.26687478400004,14.774788405000038],[120.26688393800009,14.774786634000066],[120.26690590800001,14.774786633000076],[120.2669132310001,14.774784863000036],[120.2669260460001,14.774774240000056],[120.26693153800011,14.774767159000078],[120.26693519800006,14.774751227000024],[120.26693519700007,14.774729983000043],[120.26692970400006,14.774712281000063],[120.26692970300007,14.77469811900005],[120.26693519500009,14.774691038000071],[120.2669406870001,14.774687497000059],[120.2669406870001,14.774680416000024],[120.26693885600002,14.77467864600004],[120.26693336300002,14.774653862000036],[120.26693269300006,14.774608182000065],[120.26693818400008,14.77459047900004],[120.26694001400006,14.774574546000053],[120.26694550500008,14.774556844000074],[120.26695282800006,14.774540911000031],[120.26695832000007,14.774535600000036],[120.26698211900009,14.774523207000072],[120.26699127300003,14.77451966600006],[120.26700225800005,14.77451789500003],[120.26700958100002,14.774514354000075],[120.26702788800003,14.774510813000063],[120.26705351900011,14.774510811000027],[120.26709196700006,14.77452143100004],[120.26713590600002,14.774537361000057],[120.26715055300008,14.77453913100004],[120.26715970600003,14.774533819000055],[120.26716336700008,14.774521427000025],[120.26716336700008,14.774514346000046],[120.26715970500004,14.774501955000062],[120.26713773200004,14.77445061900005],[120.26713773200004,14.774436457000036],[120.26714139300009,14.774429375000068],[120.26714322200007,14.774392200000023],[120.26714688300001,14.774385119000044],[120.26715237500002,14.774381578000032],[120.26720180600012,14.774374494000028],[120.26721645200007,14.774369183000033],[120.26724940500003,14.774362100000076],[120.26727137400007,14.774351478000028],[120.26728052800001,14.77434439600006],[120.26728968100008,14.77433377400007],[120.2673079870001,14.77430190900003],[120.26731347900011,14.774289517000057],[120.26731530900008,14.774278895000066],[120.26731713800007,14.774255882000034],[120.26732445900006,14.774216936000073],[120.26732445800008,14.774192152000069],[120.26732445700009,14.774181531000067],[120.26731713200002,14.774147896000045],[120.26731530100005,14.774128423000036],[120.26731896100011,14.774114261000022],[120.26732445300001,14.774101869000049],[120.2673317760001,14.77409301800003],[120.26734275900003,14.774075314000072],[120.26735374300006,14.774064692000024],[120.26736289700011,14.77405230000005],[120.26738669600002,14.77402928600003],[120.26740866400007,14.77401866300005],[120.26743978700006,14.774009810000052],[120.26745077100009,14.774004499000057],[120.26750203100005,14.773970861000066],[120.26752949200011,14.773949617000028],[120.26753498400001,14.773944306000033],[120.26753864500006,14.773937224000065],[120.26754596800004,14.77393014300003],[120.2675551210001,14.77391244000006],[120.26755695100007,14.773894737000035],[120.26755511900001,14.773877035000055],[120.26755145600009,14.773861103000058],[120.26754779400005,14.773854022000023],[120.26754596300009,14.773843400000032],[120.26754596300009,14.773834549000071],[120.26754413100002,14.773827468000036],[120.26754596100011,14.773809765000067],[120.26755511300007,14.773774360000061],[120.26756792700007,14.773749576000057],[120.26758257300003,14.773733642000025],[120.26759172600009,14.77372833100003],[120.26760454100008,14.773715939000056],[120.26762467900005,14.773701776000053],[120.26765030900003,14.77368761200006],[120.26766861600004,14.773682300000075],[120.26768692400003,14.773678759000063],[120.26769424700001,14.773678758000074],[120.26771072400004,14.773673447000021],[120.26772353900003,14.773662824000041],[120.26774001500007,14.77364158000006],[120.26775283000006,14.77363095800007],[120.26778395200006,14.773620335000032],[120.26779310500001,14.77360794200007],[120.26779859700002,14.773590239000043],[120.26780958000006,14.773570766000034],[120.26782971800003,14.773556603000031],[120.2678443640001,14.77355306100003],[120.26785534900011,14.773542439000039],[120.26786633100005,14.773498182000026],[120.26787221400002,14.773466248000034],[120.2678685510001,14.773437924000064],[120.26786855000012,14.773420222000027],[120.26787038000009,14.773411370000076],[120.26787587100011,14.773390127000027],[120.26788868500012,14.773361802000068],[120.26791248100005,14.773296301000073],[120.26791797300007,14.773285680000072],[120.26792529400007,14.773241423000059],[120.26792346200011,14.773227261000045],[120.26791613800003,14.773209559000065],[120.26790332200005,14.773197168000024],[120.26788684400003,14.773188317000063],[120.26787952100005,14.773181237000074],[120.26786670400008,14.773165305000077],[120.26786304200004,14.773154684000076],[120.26785022600006,14.773138752000023],[120.26782642500007,14.77312990200005],[120.26781177900011,14.773128133000057],[120.26779713300004,14.773122823000051],[120.26778431700006,14.77311220200005],[120.26778065400003,14.773099810000076],[120.26778431500009,14.773090959000058],[120.26779896100004,14.773085647000073],[120.26783374600006,14.773087416000067],[120.26784839200002,14.773085645000037],[120.26786486800006,14.773075022000057],[120.26787219100004,14.773067941000022],[120.26787768200006,14.773050238000053],[120.26787585000011,14.773030765000044],[120.2678703570001,14.77301837400006],[120.26785754100001,14.773004212000046],[120.26784838700007,14.77299890200004],[120.26782824800011,14.772993592000034],[120.26780811000003,14.77299359400007],[120.26775135500009,14.77298651600006],[120.26767080000002,14.77295996600003],[120.26764700000001,14.772956427000054],[120.26760306100005,14.772952889000067],[120.26759756900003,14.772951119000027],[120.26756461500008,14.772951120000073],[120.2675517990001,14.772945810000067],[120.26754081400009,14.772933419000026],[120.26753715100006,14.772913947000063],[120.26753715100006,14.772905095000056],[120.26754447300004,14.772885622000047],[120.26756827100007,14.772851986000035],[120.2675737620001,14.772841364000044],[120.26757559300006,14.772832513000026],[120.26757742200004,14.772805959000038],[120.26756826600001,14.772770554000033],[120.26754995700003,14.772742231000052],[120.26753531000008,14.772728070000028],[120.26752615600003,14.772720990000039],[120.26751517100001,14.772715679000044],[120.26748770800009,14.772697978000053],[120.26745475300004,14.772680277000063],[120.26744743000006,14.772673197000074],[120.26744193700006,14.772664346000056],[120.26743827500002,14.772657265000078],[120.26743644400005,14.772646644000076],[120.26744010400012,14.772627171000067],[120.26744742700009,14.772620089000043],[120.26746390300002,14.772611237000035],[120.26747488800004,14.772609466000063],[120.2675023490001,14.772609465000073],[120.26752065700009,14.772605923000071],[120.26752981000004,14.772600612000076],[120.26753713300002,14.772593531000041],[120.267544455,14.772577598000055],[120.2675462850001,14.772558125000046],[120.26754445300003,14.772547504000045],[120.26752980600008,14.772520951000047],[120.26752614300005,14.772499708000055],[120.26752980300012,14.772480235000046],[120.26753529500002,14.772469613000055],[120.26754078700003,14.772462532000077],[120.2675499400001,14.772455450000052],[120.26757007700007,14.772430665000059],[120.26757556900009,14.772418273000028],[120.26757739900006,14.772407652000027],[120.26758105900001,14.772382868000022],[120.26758105800002,14.772352773000023],[120.26757006900004,14.772283734000041],[120.2675682360001,14.772251869000058],[120.2675627430001,14.772235937000062],[120.26754992700012,14.772220006000055],[120.2675334490001,14.772211155000036],[120.26752246500007,14.77220761500007],[120.2674913410001,14.772202306000054],[120.26745838800002,14.772209389000068],[120.2674236040001,14.772221782000031],[120.26741445000005,14.772221783000077],[120.26740163400007,14.772218243000054],[120.26739797300002,14.772214702000042],[120.26739064900005,14.772200541000075],[120.26739064700007,14.77217398700003],[120.26740309200011,14.772108544000048],[120.26740309200011,14.772097922000057],[120.26740675200006,14.772076679000065],[120.26740675200006,14.77206959800003],[120.26740308900003,14.772055436000073],[120.26740125800006,14.772053666000033],[120.26739393500009,14.772053666000033],[120.2673811200001,14.772058978000075],[120.2673683060001,14.772080221000067],[120.26735366000003,14.772078452000073],[120.26734450600009,14.77207491200005],[120.26733352100007,14.772067831000072],[120.26731704300005,14.77204481900003],[120.26731887300002,14.772028886000044],[120.26732436400005,14.77201649400007],[120.26731887100004,14.772005873000069],[120.26730422500009,14.772002333000046],[120.26729507100004,14.772002334000035],[120.2672731020001,14.772011186000043],[120.26726394900004,14.772011187000032],[120.26725296400002,14.772005876000037],[120.26723831700008,14.77199171500007],[120.26723465500004,14.771984634000034],[120.26723465300006,14.771958080000047],[120.2672273290001,14.77194214900004],[120.26720902000011,14.77191382500007],[120.2672035270001,14.771890812000038],[120.26720718700005,14.771873110000058],[120.26721450900004,14.771857177000072],[120.26721634000012,14.771846555000025],[120.26722000100006,14.771839474000046],[120.26722732200005,14.771811150000076],[120.26725295100005,14.771775743000035],[120.26726393400008,14.771758040000066],[120.2672694260001,14.77174033700004],[120.26726942500011,14.771731486000022],[120.26726026900008,14.771687230000055],[120.26725660600005,14.771660677000057],[120.26725660400007,14.771627042000034],[120.2672547730001,14.771619961000056],[120.26723646500011,14.771611111000027],[120.26722365,14.771612882000056],[120.26720717400008,14.77162704400007],[120.26719069800004,14.771644748000028],[120.26715774600007,14.771671303000062],[120.26714676100005,14.77167838500003],[120.26713394600006,14.771681926000042],[120.2671193000001,14.771683697000071],[120.26708085400003,14.771676618000072],[120.26707353100005,14.771678389000044],[120.26706071600006,14.771687240000063],[120.26704973200003,14.771690782000064],[120.26704057800009,14.771685471000069],[120.26703325400001,14.771678391000023],[120.26701494500003,14.771651838000025],[120.26700762200005,14.771639446000052],[120.26699480400009,14.77159873100004],[120.26698198800011,14.771582800000033],[120.26697466500002,14.771579259000077],[120.26695818700011,14.771566868000036],[120.26694903200007,14.771549166000057],[120.26694353900007,14.771527924000054],[120.26694353700009,14.771496059000071],[120.26694719800003,14.771481897000058],[120.26694719800003,14.77147304600004],[120.26694536600007,14.771464194000032],[120.26693621200002,14.771450033000065],[120.26691607300006,14.771442953000076],[120.26690691900001,14.771442953000076],[120.2668959350001,14.77144826500006],[120.26688495100007,14.771455346000039],[120.26686847500002,14.771471279000025],[120.26682453900003,14.771522619000052],[120.26681538600008,14.771527930000047],[120.26680440100006,14.771529701000077],[120.26679341700003,14.771527931000037],[120.26678609300006,14.771522621000031],[120.26678060100005,14.77151199900004],[120.2667787690001,14.771503148000022],[120.26678243000003,14.771490756000048],[120.26680988900011,14.771451809000041],[120.26682819500002,14.771421714000041],[120.26684100900002,14.771393390000071],[120.2668428390001,14.77138099800004],[120.26684100800003,14.77137037600005],[120.26683551500003,14.771357985000066],[120.26681720600004,14.771334972000034],[120.26680439000006,14.77132258100005],[120.26674763500012,14.771281868000074],[120.2666945410001,14.771257087000038],[120.26665426400007,14.771248238000055],[120.26663229500002,14.771250009000028],[120.26660117200004,14.771250011000063],[120.26658103400007,14.77124647100004],[120.26654441800008,14.771234081000046],[120.26650780200009,14.771218150000038],[120.26649498600011,14.77121107000005],[120.2664602000001,14.771180977000029],[120.2664363990001,14.77115619500006],[120.26641809000012,14.771143804000076],[120.26638696600003,14.77112610200004],[120.26635767300002,14.77109955000003],[120.26634119500011,14.771080078000068],[120.26632654700006,14.771057065000036],[120.26629542100011,14.770996877000073],[120.26628626700005,14.770989797000027],[120.26626795900006,14.770982717000038],[120.26624049700001,14.770980948000044],[120.26622035800006,14.770977408000022],[120.26618557400002,14.770977409000068],[120.2661745900001,14.770984491000036],[120.26615127600007,14.770986149000066],[120.26614578400006,14.770989690000022],[120.26613296900007,14.770991460000062],[120.26609635300008,14.770984381000062],[120.26608170700001,14.770989693000047],[120.26606889300001,14.770996774000025],[120.2660579090001,14.771007396000073],[120.26603594000005,14.771016248000024],[120.26598834000004,14.771000318000063],[120.26597003100005,14.770987927000022],[120.26595172300006,14.770964915000036],[120.26593524400005,14.770933051000043],[120.26591876700002,14.770917120000036],[120.26589313600005,14.770902959000068],[120.26586567400011,14.770899420000035],[120.26584919700008,14.770899420000035],[120.26583638200009,14.770902961000047],[120.26578146100007,14.77092774700003],[120.26572104700006,14.770959615000038],[120.26560388100006,14.771005647000038],[120.26559106600007,14.771012728000073],[120.26557825100008,14.771023350000064],[120.26556909800001,14.771035742000038],[120.26555994500006,14.771056986000076],[120.2655636070001,14.771067607000077],[120.26557093100007,14.771074688000056],[120.26558008500001,14.771079998000062],[120.2655874080001,14.771090620000052],[120.26558923900006,14.771097700000041],[120.26558924000005,14.771118944000023],[120.26558557900012,14.77112779500004],[120.26557825600003,14.771134876000076],[120.26556910300008,14.77114018800006],[120.26554164200002,14.771149040000068],[120.26548488900005,14.771173826000052],[120.26545010600012,14.771195071000022],[120.26543729100001,14.77120569300007],[120.26541166100003,14.77121631600005],[120.26539335300004,14.771218087000022],[120.26536039900009,14.771218088000069],[120.26532561500005,14.771214549000035],[120.2653054760001,14.771214550000025],[120.26527435300011,14.771218092000026],[120.26525787700007,14.771223404000068],[120.26524323100011,14.771230485000046],[120.26522126200007,14.77124464800005],[120.26520661600011,14.771251730000074],[120.26519746300005,14.771258812000042],[120.2651700020001,14.771272975000045],[120.26513155600003,14.771295990000056],[120.26511324900002,14.77131369400007],[120.2651022660001,14.771336707000046],[120.26509311200005,14.771350870000049],[120.26506931300003,14.771375655000043],[120.26502903700009,14.77139690000007],[120.26500706800005,14.771402212000055],[120.26498985300009,14.771412833000056],[120.26498802200001,14.771416373000022],[120.26497337600006,14.771423455000047],[120.26496056100007,14.77142699600006],[120.26494591500011,14.77142699600006],[120.26490380700011,14.771421687000043],[120.26489099100002,14.771418147000077],[120.26487268400001,14.771416378000026],[120.26482691400008,14.771407528000054],[120.26479396000002,14.771409300000073],[120.26476100700006,14.771409301000062],[120.26474269900007,14.771407531000023],[120.26472805300011,14.771405762000029],[120.26468411400003,14.771393372000034],[120.26466763700012,14.771386291000056],[120.26458891200002,14.771345578000023],[120.26456694300009,14.771338498000034],[120.26454680400002,14.771329648000062],[120.26451201900011,14.771319027000061],[120.26441498800011,14.771301329000039],[120.26437654200004,14.771292479000067],[120.26429964900001,14.771273009000026],[120.264257541,14.771258849000048],[120.26418064800009,14.771223447000068],[120.26414586300007,14.771205745000032],[120.26407446200005,14.77117742400003],[120.26403601600009,14.771166804000075],[120.26400123100007,14.771161495000058],[120.26395363100005,14.771150875000046],[120.26392250800006,14.771140254000045],[120.26388772300004,14.771126094000067],[120.2637705520001,14.771069450000027],[120.26369365900007,14.771039358000053],[120.26365521200012,14.771032279000053],[120.26359113500007,14.771014579000052],[120.26357831900009,14.77101280900007],[120.26350874900004,14.770988028000033],[120.26347579500009,14.770972097000026],[120.26346678900006,14.770952624000074],[120.26345580400005,14.770945543000039],[120.26343017300007,14.770918990000041],[120.26342284900011,14.77090836900004],[120.2633990490001,14.770888897000077],[120.2633752480001,14.770874736000053],[120.26335877100007,14.770867655000075],[120.26334046400007,14.770860575000029],[120.26330751000012,14.770851725000057],[120.26325807900002,14.770832254000027],[120.26325258600002,14.770825173000048],[120.2632489240001,14.77081632200003],[120.26324709300002,14.770798619000061],[120.26324709300002,14.770791538000026],[120.2632562450001,14.770750822000025],[120.2632562440001,14.770736660000068],[120.26325441300003,14.770726039000067],[120.26324342800001,14.77070833700003],[120.2632324430001,14.770699486000069],[120.26322328900005,14.770695946000046],[120.26321047400006,14.770692406000023],[120.26318118200004,14.77069240700007],[120.26315555200006,14.770697718000065],[120.2631409060001,14.77070302900006],[120.26311893700006,14.770715422000023],[120.26305303200002,14.770777383000052],[120.26302923300011,14.77079685700005],[120.26300543400009,14.770805709000058],[120.26298895700006,14.770805709000058],[120.26297064900007,14.770800399000052],[120.26294868000002,14.770786238000028],[120.26294318700002,14.770775616000037],[120.26294501600012,14.77073136000007],[120.26294684700008,14.770722509000052],[120.26294867600006,14.770687104000046],[120.26295050700003,14.770680022000022],[120.26294867600006,14.770669401000077],[120.26293952100002,14.770655239000064],[120.2629230440001,14.770646389000035],[120.26291206000008,14.770642848000023],[120.2628992440001,14.770641079000029],[120.26286446000006,14.770641080000075],[120.26282967600002,14.770637540000052],[120.26281686000004,14.770639311000025],[120.26280587600002,14.770644622000077],[120.2627948920001,14.770651703000055],[120.26278756900001,14.770662325000046],[120.26278024700002,14.77068710900005],[120.26278024700002,14.770703041000047],[120.26277658700008,14.770741987000065],[120.26277292600003,14.770752609000056],[120.26276377300007,14.770761460000074],[120.26275461900002,14.770768541000052],[120.26272166600006,14.770775624000066],[120.26269054300008,14.770784476000074],[120.26266125200004,14.770802179000043],[120.2626337910001,14.770823423000024],[120.26260449900008,14.770837586000027],[120.26257703800002,14.770848209000064],[120.26256971500004,14.770855290000043],[120.26256422300003,14.770864141000061],[120.26255507000008,14.770888925000065],[120.26254042500011,14.77091193900003],[120.26249465700005,14.770929643000045],[120.26247634900005,14.770933184000057],[120.26245621100009,14.770940266000025],[120.26243424200004,14.770943807000037],[120.26240495000002,14.770954429000028],[120.2623939660001,14.770961511000053],[120.26237565800011,14.770966822000048],[120.2623265200001,14.770968593000077],[120.26231919700001,14.77097036400005],[120.26226061300008,14.770970366000029],[120.26224230600008,14.770972136000069],[120.26220935200001,14.770979218000036],[120.26219104500001,14.770986300000061],[120.26215992300001,14.77100400300003],[120.26213612300012,14.771023477000028],[120.26212330800001,14.771035869000059],[120.26208669500011,14.771081897000045],[120.26205191100007,14.771110222000061],[120.26203726500012,14.771119074000069],[120.26200980500005,14.77114031700006],[120.26198966700008,14.771161561000042],[120.26198051400002,14.771173953000073],[120.26197502200012,14.771184575000063],[120.2619695300001,14.77120050700006],[120.26196586900005,14.771218210000029],[120.26196037800003,14.771264237000025],[120.26196221000009,14.77129964200003],[120.26197136500002,14.771354520000045],[120.26197136600001,14.77136691100003],[120.26196404300003,14.771382844000073],[120.26195855100002,14.77138992500005],[120.26193475200012,14.771412939000072],[120.26190912200002,14.771443035000061],[120.26189447600007,14.771469589000048],[120.26188898500004,14.771483751000062],[120.26187067800004,14.771515616000045],[120.26185054000007,14.771540401000038],[120.26184138600001,14.771545712000034],[120.26182124800005,14.771551023000029],[120.26181026300003,14.771551024000075],[120.26179927900012,14.771549254000035],[120.2617882940001,14.77154394300004],[120.2617699860001,14.771524471000077],[120.26174801500008,14.771481985000037],[120.26173703000006,14.77144835100006],[120.26173153700006,14.771439499000053],[120.26172421400008,14.771434189000047],[120.26170224500004,14.771432419000064],[120.2616930910001,14.771434190000036],[120.26167844500003,14.771439501000032],[120.26166746100012,14.771446582000067],[120.26166013800002,14.771453664000035],[120.26164549200007,14.771473137000044],[120.26163267700008,14.771494381000025],[120.26161803100001,14.771508543000039],[120.2616070470001,14.771515625000063],[120.2615942320001,14.77151916500003],[120.26157958600004,14.771519166000076],[120.26156127800004,14.77151385600007],[120.26152466200006,14.77149438400005],[120.26149720000001,14.771473142000048],[120.26148987600004,14.771469601000035],[120.26147889200001,14.771471372000065],[120.26146424600006,14.77147668300006],[120.26144776900003,14.771478454000032],[120.26141159500003,14.77150223600006],[120.26137864200007,14.771519940000076],[120.26136216600003,14.771535872000072],[120.26133836700001,14.771564197000032],[120.26130175200001,14.771594292000032],[120.2612907680001,14.771601373000067],[120.26128161400004,14.771611995000058],[120.26126147700006,14.771642090000057],[120.26123950800002,14.771658023000043],[120.26121387700005,14.77165625300006],[120.26120106200005,14.771647402000042],[120.26119373800009,14.771638551000024],[120.26118641500011,14.771615538000049],[120.26118641400001,14.771603146000075],[120.26118275300007,14.771592525000074],[120.26117909100003,14.771585444000038],[120.26116993700009,14.77157836300006],[120.2611571220001,14.771576593000077],[120.26113698300003,14.771581905000062],[120.26110952300007,14.771613770000044],[120.2611022000001,14.771615540000028],[120.26109304600004,14.771612000000061],[120.2610838920001,14.771604919000026],[120.26107656800002,14.771583676000034],[120.26107656700003,14.771546501000046],[120.26107473600007,14.771535880000044],[120.26107107500002,14.771525258000054],[120.26106558200001,14.771518177000075],[120.26105459700011,14.77151109600004],[120.261041782,14.771505786000034],[120.26101798200011,14.771504016000051],[120.26098685900001,14.771516409000071],[120.26097770600006,14.771518179000054],[120.26096489000008,14.771518180000044],[120.26095024400001,14.771514640000078],[120.26093559800006,14.771507559000042],[120.2609154590001,14.771493397000029],[120.26089715100011,14.771473925000066],[120.26087884300011,14.77145799300007],[120.2608678580001,14.771452683000064],[120.26085870500003,14.771450913000024],[120.26084955100009,14.771452683000064],[120.26083856700006,14.771466845000077],[120.26083490500002,14.771473927000045],[120.26082758200005,14.771479237000051],[120.2608184290001,14.771481008000023],[120.26080744400008,14.771477468000057],[120.26079462900009,14.771470387000022],[120.26077265900005,14.77145091500006],[120.26075801200011,14.771426132000045],[120.26075068900002,14.771406659000036],[120.26073787300004,14.771399578000057],[120.26071956600003,14.771396038000034],[120.26065365800002,14.771404891000032],[120.26064450500007,14.771408432000044],[120.26063352000006,14.771410202000027],[120.2605511370001,14.771434988000067],[120.26052550600002,14.771440299000062],[120.26048889100002,14.771450921000053],[120.26045044500006,14.771465084000056],[120.26040650700008,14.771475707000036],[120.2603570770001,14.771493410000062],[120.26032412300003,14.77150226200007],[120.26030398500006,14.771505803000025],[120.260276524,14.771514655000033],[120.26024357000006,14.771535899000071],[120.26019780100012,14.77155360200004],[120.2601923090001,14.771557143000052],[120.26018681700009,14.77156422400003],[120.26018864800005,14.771571305000066],[120.2601978020001,14.771576616000061],[120.26020512500008,14.771590778000075],[120.26020878700001,14.771603169000059],[120.26020512600007,14.771620872000028],[120.26019597200002,14.771633264000059],[120.2601849880001,14.771636805000071],[120.26017217200001,14.771636805000071],[120.26015752600006,14.771627954000053],[120.26014104800004,14.771601401000055],[120.26013372500006,14.77159609000006],[120.2601190790001,14.771594320000077],[120.26010626400011,14.77160671200005],[120.26007059200003,14.77164682700004],[120.26005777600005,14.771657449000031],[120.26003946900005,14.771680463000052],[120.26002665400006,14.771701706000044],[120.26001933200007,14.771722949000036],[120.26002116300003,14.771735341000067],[120.26002116400002,14.771772516000055],[120.26001750300009,14.771800841000072],[120.26001750300009,14.771830935000025],[120.26001567300011,14.771843327000056],[120.26000652000005,14.771864570000048],[120.25999919700007,14.771871651000026],[120.25999004300002,14.771871651000026],[120.25997905800011,14.771869881000043],[120.25997173500002,14.771866341000077],[120.25995159600006,14.771852179000064],[120.25994427300009,14.771850409000024],[120.25992779700005,14.771855720000076],[120.2599003360001,14.771882275000053],[120.25986189100001,14.771926532000066],[120.25984175300005,14.771946005000075],[120.25982893800006,14.771954856000036],[120.25981795300004,14.771965478000027],[120.25975021600004,14.77201150600007],[120.25972458600006,14.772036290000074],[120.25970078600005,14.772064615000033],[120.25968431000001,14.772094709000044],[120.2596733260001,14.772108871000057],[120.25965684900007,14.772135426000034],[120.25962389600011,14.772176142000035],[120.25961474300004,14.772192074000031],[120.25958362100005,14.772234561000062],[120.25957080600006,14.772246953000035],[120.25955066800009,14.772275278000052],[120.25952320700003,14.772308913000074],[120.2594701160001,14.772358481000026],[120.25945730000001,14.772367332000044],[120.25941885400005,14.772386806000043],[120.25939505500003,14.772393887000021],[120.25962757200011,14.772930271000064],[120.25991501800002,14.773584896000045],[120.25834302800001,14.774222859000076],[120.25800249000008,14.773438639000062],[120.25774477100003,14.772862326000052],[120.25770632500007,14.772826921000046],[120.25768435500004,14.77281098900005],[120.2576752010001,14.772802138000031],[120.25764773900005,14.772768503000066],[120.25762760000009,14.772731328000077],[120.25762027700011,14.772710085000028],[120.25760013800004,14.772662289000039],[120.25757267600011,14.772630424000056],[120.25755619900008,14.772605641000041],[120.2575488760001,14.772579087000054],[120.25754155200002,14.772559614000045],[120.25753606,14.772527750000052],[120.25753605900002,14.772492345000046],[120.25753422800005,14.772479953000072],[120.25754887300002,14.772359576000042],[120.25754887300002,14.772320630000024],[120.25753788800012,14.772263982000027],[120.25749394700006,14.772132983000063],[120.25748662400008,14.772117051000066],[120.25747014700005,14.772088727000039],[120.25745367000002,14.772065714000064],[120.25742254600004,14.772014376000072],[120.25741888400012,14.77201083600005],[120.25739874500005,14.771971890000032],[120.25738776000003,14.771955958000035],[120.25738226800001,14.771941796000021],[120.25737494500004,14.77193294400007],[120.25736945200003,14.77192232300007],[120.25735114400004,14.77190285000006],[120.25734748200011,14.771893999000042],[120.25722684100003,14.771936281000023],[120.25674489200003,14.771030062000023],[120.25676503000011,14.77100881900003],[120.25672841400001,14.77096987300007],[120.25667715300006,14.77090260400007],[120.25665152200008,14.770877821000056],[120.25661490700008,14.770835335000072],[120.25660758400011,14.770830024000077],[120.25657829200009,14.77080170000005],[120.25655815300001,14.770766295000044],[120.25655632200005,14.77075213300003],[120.25654899900007,14.770736201000034],[120.25653618400008,14.77072380900006],[120.25651421500004,14.77071141700003],[120.25649041500003,14.770707877000063],[120.2564867530001,14.770706107000024],[120.25647760000004,14.770706107000024],[120.25644830800002,14.770700796000028],[120.2564263380001,14.770699026000045],[120.2564135230001,14.770695486000022],[120.25636958500002,14.770690175000027],[120.25634212400007,14.770688405000044],[120.25629269300009,14.770688405000044],[120.25627438600009,14.770686635000061],[120.25621763200002,14.77067601400006],[120.2562011550001,14.770670703000064],[120.25616087900005,14.77066362200003],[120.25613524800008,14.770661852000046],[120.25610778700002,14.770661852000046],[120.25609497100004,14.77066362200003],[120.25607849400001,14.770654771000068],[120.25607117100003,14.770642379000037],[120.2560675100001,14.770633528000076],[120.25606384800005,14.770608744000072],[120.25606567900002,14.770592812000075],[120.25607300200011,14.770576879000032],[120.25609130900011,14.770543244000066],[120.25613124200004,14.770503654000038],[120.25613856500001,14.770498343000042],[120.25614405700003,14.770491262000064],[120.25615138,14.770473560000028],[120.25615138,14.77046647900005],[120.25615687200002,14.770448776000023],[120.25616053400006,14.770427533000031],[120.25616785600005,14.77040629000004],[120.25617884100006,14.77038858700007],[120.25620630200001,14.770353182000065],[120.25622827100005,14.770308925000052],[120.25623925500008,14.770277061000058],[120.25624108600005,14.770264669000028],[120.25623925500008,14.770254048000027],[120.25622460900001,14.770213332000026],[120.25621728600004,14.77017969700006],[120.25621545500007,14.77013898100006],[120.25620813100011,14.770092955000052],[120.25620813100011,14.770075252000026],[120.25621545400008,14.770055779000074],[120.25622460800003,14.770043387000044],[120.25623925400009,14.770009753000068],[120.25624840700004,14.769976118000045],[120.256250238,14.769956645000036],[120.25624291500003,14.769924780000053],[120.25624108400007,14.769903537000062],[120.25624108400007,14.769859281000038],[120.25624657600008,14.769818565000037],[120.25625023700002,14.769807944000036],[120.25625389900006,14.769788471000027],[120.25626854500001,14.769749525000066],[120.25627952900004,14.769726512000034],[120.25628685200002,14.769715890000043],[120.25629234400003,14.76970349800007],[120.25632163600005,14.769661012000029],[120.25634726600003,14.769634458000041],[120.25636740400012,14.769616755000072],[120.25638571200011,14.769595512000024],[120.25641317300006,14.769568958000036],[120.25644429600004,14.769547715000044],[120.25651935600001,14.769508769000026],[120.2565394940001,14.76949283600004],[120.25656983500005,14.76948978300004],[120.25657715800003,14.769486242000028],[120.25658631100009,14.769484472000045],[120.25662109500001,14.769486242000028],[120.25663757200005,14.76948978200005],[120.25666320300002,14.769502174000024],[120.25669798700005,14.769516336000038],[120.256712633,14.769521646000044],[120.25672361700003,14.769523416000027],[120.25673277100009,14.769521646000044],[120.25674009400007,14.769518106000078],[120.25676755500001,14.769491552000034],[120.25678037000011,14.769486241000038],[120.25678952400006,14.769484470000066],[120.2568298000001,14.769489781000061],[120.25684810700011,14.769489781000061],[120.25685909200001,14.769491551000044],[120.25687739900002,14.769489781000061],[120.25689204500009,14.769484470000066],[120.25692133700011,14.769457916000022],[120.25693598300006,14.769440213000053],[120.25694147500008,14.769429592000051],[120.25695062800003,14.76937825400006],[120.25695612000004,14.769362322000063],[120.2569652740001,14.76934816000005],[120.2570018880001,14.76931806500005],[120.25701287300001,14.769303903000036],[120.25701653400006,14.769289741000023],[120.25701836500002,14.769273809000026],[120.25702751800009,14.76925787600004],[120.25704216400004,14.769249025000022],[120.25705864100007,14.769247255000039],[120.25707328700003,14.769256106000057],[120.25709708700003,14.769277349000049],[120.25711905600008,14.769286200000067],[120.2571300400001,14.769286200000067],[120.25715017800007,14.76927734800006],[120.25718679300007,14.769243713000037],[120.2571977770001,14.769229551000024],[120.25721425400002,14.769218929000033],[120.25723073000006,14.76921715900005],[120.25726368400001,14.76921715900005],[120.25728382200009,14.769213618000038],[120.25733142100012,14.769213618000038],[120.25737352800002,14.76921715800006],[120.2573991590001,14.769217157000071],[120.2575090040001,14.769190603000027],[120.25753463400008,14.769192373000067],[120.25756575700007,14.769208305000063],[120.2576005410001,14.769215385000052],[120.25763349500005,14.769215385000052],[120.25764448000007,14.76921361500007],[120.25768109400008,14.769199452000066],[120.2577103860001,14.76919414100007],[120.25773967900011,14.76919414100007],[120.25777263200007,14.769204762000072],[120.25778361700009,14.769206532000055],[120.25780375500005,14.769206532000055],[120.25781474000007,14.769204761000026],[120.25783670900012,14.769192369000052],[120.2578440320001,14.769181748000051],[120.25785318600003,14.769172896000043],[120.25786966200008,14.769148112000039],[120.25787698500005,14.769139261000078],[120.25788797000007,14.76913041000006],[120.2578989540001,14.769126869000047],[120.2579489850001,14.769118018000029],[120.25799841500009,14.769125098000075],[120.25801306100004,14.76912863900003],[120.25803869100002,14.769142800000054],[120.2580826300001,14.769179975000043],[120.25813389100006,14.769210069000053],[120.258179659,14.769233081000039],[120.25822725900002,14.769261405000066],[120.25827119700011,14.769293269000059],[120.25830048900002,14.769319822000057],[120.25831147400004,14.76933221400003],[120.25832978200003,14.769365848000064],[120.25835175100008,14.769397713000046],[120.25837738200005,14.76944196900007],[120.25838470500003,14.769447279000076],[120.25839202800012,14.769450820000031],[120.25840118200006,14.769452590000071],[120.2584597660001,14.769461441000033],[120.25848173500003,14.769468521000022],[120.25849272000005,14.769473832000074],[120.2585018740001,14.769480913000052],[120.25853665800003,14.769521628000064],[120.25857144300005,14.769548182000051],[120.25858425800004,14.769553492000057],[120.25859524300006,14.769553492000057],[120.25860805800005,14.769558803000052],[120.25862270400012,14.769572964000076],[120.25863735000007,14.769576505000032],[120.25865199600003,14.769572964000076],[120.25867579600003,14.769541099000037],[120.25868678000006,14.769532248000075],[120.25869410300004,14.769528707000063],[120.25870325700009,14.769526937000023],[120.25873071800004,14.769526936000034],[120.25875451800005,14.769537558000025],[120.25878381000007,14.769534017000069],[120.25879113300005,14.769528706000074],[120.25879662500006,14.769516314000043],[120.25879662400007,14.76950392200007],[120.25880028600011,14.769491530000039],[120.2588131010001,14.769480909000038],[120.25882225500004,14.769479138000065],[120.25884422400009,14.769479138000065],[120.25888083900008,14.769489759000066],[120.25891196200007,14.769503921000023],[120.25893942300002,14.769509231000029],[120.25895956200009,14.769511001000069],[120.25899800800005,14.769511000000023],[120.25904011500006,14.769503919000044],[120.25905293000005,14.769498608000049],[120.25907123800005,14.769495067000037],[120.25912355100002,14.76949016900005],[120.25914733000002,14.76949016900005],[120.25917659600009,14.769495474000053],[120.25920769000004,14.769495473000063],[120.25922964000006,14.769491936000065],[120.25929182900006,14.76949193400003],[120.25931377900008,14.769495471000027],[120.25932292400012,14.769499008000025],[120.25934487400002,14.769500777000076],[120.25937962600005,14.769493701000044],[120.25941072100011,14.76946186500004],[120.25941803700005,14.769458327000052],[120.25943267000002,14.769460096000046],[120.25943998600007,14.769465401000048],[120.25946010700011,14.769474244000037],[120.25947839800006,14.76947601300003],[120.2594857140001,14.769470707000039],[120.25949303000004,14.769463632000054],[120.25950034700008,14.769453020000071],[120.25950583400004,14.769449482000027],[120.25953144100004,14.769444176000036],[120.2595497320001,14.76944594400004],[120.259558878,14.769444175000046],[120.25957534000008,14.769438869000055],[120.25958997200007,14.769437100000061],[120.25961558000006,14.769426487000032],[120.25966130600011,14.76939111300004],[120.25970886200002,14.769364582000037],[120.25971617900007,14.769357507000052],[120.25972715300009,14.769341589000021],[120.25973264000004,14.769311522000066],[120.25974178500007,14.769293835000042],[120.25976922100006,14.769277916000021],[120.25979299900007,14.76927261000003],[120.25982043500005,14.769263766000051],[120.25984787200002,14.769263765000062],[120.25987165000004,14.769274377000045],[120.25989360000005,14.769276145000049],[120.25991920700005,14.769270839000058],[120.25993566800003,14.769260226000029],[120.25995030100012,14.769253151000044],[120.25996859200006,14.769249614000046],[120.25998871200011,14.769249613000056],[120.26006187500002,14.769233694000036],[120.26008382400005,14.769224850000057],[120.26010028600001,14.76922131200007],[120.26010760300005,14.769217775000072],[120.26015515800009,14.769177095000032],[120.26017710700012,14.76916648200006],[120.26020271400012,14.769157638000024],[120.2602301500001,14.76915056300004],[120.26025210000012,14.76915056300004],[120.26029416900008,14.769157637000035],[120.26031063100004,14.769157636000045],[120.26032343500003,14.769152330000054],[120.26033258000007,14.769145255000069],[120.26033623800004,14.769138180000027],[120.26033623700005,14.769118725000055],[120.26033806600003,14.76911165000007],[120.2603435530001,14.76910103800003],[120.26036184400004,14.76908688900005],[120.26037647700002,14.76908158200007],[120.26039842600005,14.769079813000076],[120.26041671700011,14.769081581000023],[120.26044598300007,14.769081581000023],[120.26046061500006,14.769078043000036],[120.26046976100008,14.769078043000036],[120.2604935390001,14.769070968000051],[120.26051548800001,14.769070967000062],[120.26052463400003,14.769069198000068],[120.26053377900007,14.769063892000077],[120.26053926600002,14.769058586000028],[120.26054658100009,14.769010832000049],[120.2605575550001,14.76898607000004],[120.26057401700007,14.768971921000059],[120.26058682100006,14.768966614000021],[120.26060328200003,14.768954233000045],[120.26061242700007,14.768943621000062],[120.260619743,14.768925934000038],[120.26063803300008,14.76885872500003],[120.2606490070001,14.76883573200007],[120.26068375900002,14.768798589000028],[120.26071668200007,14.768775595000022],[120.26073131500004,14.768759677000048],[120.26073680200011,14.768745527000021],[120.26073314300004,14.768740222000076],[120.2607258270001,14.768736684000032],[120.26072033900004,14.76873137800004],[120.26071851000006,14.768724304000045],[120.26072399700001,14.768718998000054],[120.26073314300004,14.76871722900006],[120.26075692100005,14.768718997000065],[120.26077155400003,14.768708385000025],[120.26078252800005,14.768694235000055],[120.26079533100005,14.768669473000045],[120.26080630600006,14.768657092000069],[120.26081179300002,14.768639405000044],[120.2608044750001,14.768600495000044],[120.2608044750001,14.768596957000057],[120.26080996200005,14.76858457700007],[120.2608666640001,14.768538590000048],[120.26087946700011,14.768524440000022],[120.26088861200003,14.768496141000071],[120.2608940990001,14.768485529000031],[120.26105537600006,14.76825881600007],[120.2611175620001,14.768158001000074],[120.26117791900003,14.768039498000064],[120.26119803800009,14.76798820700003],[120.26120901200011,14.767966982000075],[120.26122730200007,14.767922765000037],[120.26123278800003,14.767892698000026],[120.26123278800003,14.767878548000056],[120.26123095800006,14.767869705000066],[120.26123095800006,14.767853787000035],[120.26123278700004,14.76784140600006],[120.26123461600002,14.767834332000064],[120.26124376100006,14.767818413000043],[120.2612529060001,14.767809570000054],[120.26125656400006,14.767800726000075],[120.26125839300005,14.767793651000034],[120.26125839300005,14.76777773300006],[120.26126387900001,14.767761815000028],[120.26126936700007,14.767754740000044],[120.26129863200003,14.767740590000074],[120.26130777700007,14.767738821000023],[120.26134618800006,14.767738820000034],[120.26135533400009,14.767740589000027],[120.26137728300012,14.767738819000044],[120.261390086,14.767724670000064],[120.26140106000003,14.767701676000058],[120.26141020500006,14.767673377000051],[120.26141569200001,14.76764861600003],[120.26142117900008,14.767639772000052],[120.2614321530001,14.767611473000045],[120.26144129700003,14.767561950000072],[120.26144495400001,14.767521270000032],[120.26142483300009,14.767494741000064],[120.26141020000011,14.767480592000027],[120.26140105500008,14.767475286000035],[120.26136995900004,14.767450525000072],[120.2613549560001,14.767421887000069],[120.26134032300001,14.767405969000038],[120.26133666400005,14.767398895000042],[120.26132568900005,14.767372365000028],[120.261318372,14.767347604000065],[120.26131654200003,14.767312231000062],[120.26131837100002,14.767301619000023],[120.26132568700007,14.767283932000055],[120.26133666100009,14.767269782000028],[120.26135678000003,14.767253864000054],[120.26136409700007,14.767250326000067],[120.26137872900006,14.767248557000073],[120.26139153300005,14.76725209400007],[120.26143543100011,14.767282160000036],[120.26145189300007,14.767287466000028],[120.26146652600005,14.767280391000043],[120.26147567100008,14.767273316000058],[120.26149030300007,14.767250323000042],[120.26149761900001,14.767246786000044],[120.26150859400002,14.76724501700005],[120.2615506620001,14.767245015000071],[120.26158358600003,14.767239709000023],[120.26160553400007,14.767232633000049],[120.26162382500002,14.767218484000068],[120.26164394400007,14.767197259000056],[120.26166040600003,14.767188415000078],[120.2616658930001,14.767181341000025],[120.26167137900006,14.767170728000053],[120.26167686600002,14.767151273000025],[120.2616805240001,14.76714419800004],[120.26169149800012,14.767131817000063],[120.26170064300004,14.767117668000026],[120.26171710400001,14.767082294000033],[120.26173173600012,14.767075219000048],[120.26175185600005,14.767068144000064],[120.26177380400009,14.767045150000058],[120.26178660700009,14.767034538000075],[120.26180124000007,14.767027463000034],[120.261808556,14.76702569400004],[120.26182136000011,14.76702569400004],[120.26183782100009,14.767018619000055],[120.26185245300007,14.767008006000026],[120.26186342800008,14.76699562500005],[120.26185976900001,14.766969095000036],[120.26186891400005,14.766958483000053],[120.2618890330001,14.766953177000062],[120.26192927300008,14.766953175000026],[120.26193659000012,14.76695671300007],[120.26196768400007,14.76696555500007],[120.2619768290001,14.766960249000022],[120.26198048700007,14.766947868000045],[120.26198231600006,14.766928413000073],[120.26198780300001,14.766923106000036],[120.26200609300008,14.76691603100005],[120.26207376900004,14.766901880000034],[120.26208657200004,14.76689480500005],[120.2620938880001,14.766885961000071],[120.2620938880001,14.766878887000075],[120.26209205900011,14.766866506000042],[120.26207925400001,14.766839976000028],[120.26207742500003,14.766829364000046],[120.26207376700006,14.766820521000056],[120.26207376600007,14.766804603000026],[120.26207742400004,14.766788685000051],[120.26208108200001,14.766779842000062],[120.26208656900008,14.766772767000077],[120.26210120100006,14.766762154000048],[120.26212132100011,14.766760385000055],[120.2621469290001,14.76677630200004],[120.26215241600005,14.766785145000028],[120.26216156200007,14.766790451000077],[120.26217070700011,14.766793988000074],[120.26219265600002,14.766795756000022],[120.2622091180001,14.766792218000035],[120.26223106600003,14.766774531000067],[120.26225850200001,14.766748000000064],[120.26226581800006,14.766744463000066],[120.26231337500008,14.766746230000024],[120.26232983700004,14.766751535000026],[120.26234629800001,14.76675330300003],[120.2623609310001,14.766749765000043],[120.26237922200005,14.766737384000066],[120.26240117000009,14.766719697000042],[120.26241397400008,14.766714390000061],[120.2624249480001,14.766714390000061],[120.26243226500003,14.766716158000065],[120.26245970100001,14.766728538000052],[120.2624743340001,14.766728538000052],[120.26249628300002,14.766723231000071],[120.26252006100003,14.766712618000042],[120.26252920600007,14.766707312000051],[120.26253835200009,14.766698468000072],[120.26255298400008,14.766689624000037],[120.26256578800007,14.766687855000043],[120.26259871200011,14.766689623000048],[120.26260602800005,14.766684316000067],[120.26261151500012,14.766677241000025],[120.2626133440001,14.766668398000036],[120.26260968500003,14.766652480000062],[120.26258590600003,14.766617107000059],[120.26258041800008,14.766604727000072],[120.2625785890001,14.76659765200003],[120.26257858800011,14.76658350300005],[120.26258224600008,14.76657465900007],[120.26258407500006,14.766564047000031],[120.26258773300003,14.766555204000042],[120.2625932200001,14.766548129000057],[120.26260236500002,14.766523367000048],[120.26260419400012,14.766514523000069],[120.26260419300002,14.766500374000032],[120.26259870600006,14.766486225000051],[120.26258590200007,14.766473844000075],[120.26256943900012,14.766461464000031],[120.26255846400011,14.766449084000044],[120.26255297700004,14.766429629000072],[120.26254566000011,14.766415479000045],[120.26254017200006,14.76640840500005],[120.26253102700002,14.766404868000052],[120.26249261600003,14.766404869000041],[120.2624103070001,14.766413716000045],[120.26235909200011,14.766415486000028],[120.2623462890001,14.766417255000022],[120.26232434000008,14.766420793000066],[120.26231153600008,14.766426100000047],[120.26229324600001,14.766438481000023],[120.26227861300003,14.76645263100005],[120.26225483600001,14.766466781000076],[120.26221276700005,14.76647385700005],[120.26220362200002,14.766477395000038],[120.26218533100007,14.766480933000025],[120.26216704000001,14.766482702000076],[120.26215789500009,14.766480934000072],[120.26213045800012,14.766470323000021],[120.26210485000001,14.766447331000052],[120.26210408000009,14.76642488300007],[120.26210225000011,14.766417808000028],[120.26209676300005,14.766410733000043],[120.26209310400009,14.766398353000056],[120.26209493200008,14.766368286000045],[120.2620931030001,14.766362980000054],[120.2620931030001,14.766343524000035],[120.26209858900006,14.766302845000041],[120.26210590400001,14.766290464000065],[120.26212968200002,14.766276314000038],[120.26214065600004,14.766262164000068],[120.26215163000006,14.76624270900004],[120.26218089400004,14.766226790000076],[120.26218821000009,14.766214409000042],[120.2621863810001,14.766207335000047],[120.26218272300002,14.766200260000062],[120.26217723500008,14.76619495400007],[120.26216991900003,14.766191417000073],[120.26214431200003,14.76618611200007],[120.26212236300012,14.766179038000075],[120.26206566100007,14.766150741000047],[120.26204005300008,14.766143667000051],[120.26201627500006,14.766140130000053],[120.2619870100001,14.766141900000036],[120.2619614030001,14.766147206000028],[120.26191933500002,14.766161357000044],[120.26188092500001,14.766177276000064],[120.26184983100006,14.766186120000043],[120.26180593400011,14.766186121000032],[120.26177849800001,14.766189660000066],[120.26174923300005,14.766198504000045],[120.26167607100001,14.766233879000026],[120.26164680600004,14.766240954000068],[120.26158827600011,14.76624272500004],[120.26150596700006,14.766251570000065],[120.26147304400001,14.766253340000048],[120.26143646300011,14.766251572000044],[120.26142183000002,14.766253341000038],[120.26138524900011,14.766263954000067],[120.26137061600002,14.766271029000052],[120.2613614710001,14.766278104000037],[120.26134135100006,14.766288716000076],[120.26131940300002,14.766295791000061],[120.2612974540001,14.76629579200005],[120.26128282100001,14.766294024000047],[120.26126453000006,14.766286949000062],[120.26120416900005,14.766256884000029],[120.26118222000002,14.766244503000053],[120.26115478300005,14.76622504900007],[120.2611333960001,14.766200276000063],[120.2611205930001,14.766193201000021],[120.26110961800009,14.766180821000034],[120.26109315600002,14.766170209000052],[120.26107669400005,14.766152523000073],[120.26107303600008,14.766150754000023],[120.26106206000009,14.766124225000056],[120.26105840200012,14.766110075000029],[120.26104011000007,14.76607824000007],[120.26101816100004,14.766055248000043],[120.26099804000012,14.766037561000076],[120.26097792000007,14.766026950000025],[120.26095780000003,14.766021644000034],[120.26094133800007,14.766012801000045],[120.26092853500006,14.766002190000052],[120.26091756000005,14.765988041000071],[120.2609010970001,14.765961511000057],[120.26087914700008,14.765917295000065],[120.2608773180001,14.765908452000076],[120.26086634300009,14.765878385000065],[120.26086085500003,14.765853624000044],[120.26086085500003,14.76584654900006],[120.26085536700009,14.765828862000035],[120.26084439200008,14.765811176000057],[120.26083707600003,14.765804102000061],[120.26081512700011,14.765793490000021],[120.2607547670001,14.765775805000033],[120.26063953500011,14.765731591000076],[120.2606029530001,14.765712137000037],[120.260575517,14.765694451000059],[120.26054442200007,14.765667921000045],[120.26053161800007,14.765650235000066],[120.26052064300006,14.765629011000044],[120.26051332700001,14.765618399000061],[120.26050235200012,14.765593638000041],[120.26048223100008,14.76554057900006],[120.26046759700012,14.765514049000046],[120.26046393900003,14.765503437000064],[120.26045296400002,14.76548221400003],[120.26044016000003,14.765446841000028],[120.26043467200009,14.765425617000062],[120.26042369700008,14.765402624000046],[120.26041089400007,14.765392012000063],[120.26039991900006,14.765386707000062],[120.26037979900002,14.765383170000064],[120.2603706540001,14.765379633000066],[120.26034870500007,14.765363715000035],[120.26032675500005,14.765338954000072],[120.26029931800008,14.76529296900003],[120.26027371100008,14.765273515000047],[120.26024810400008,14.765266440000062],[120.26021335100006,14.765262904000053],[120.26018042800001,14.76525229200007],[120.2601712820001,14.765246987000069],[120.26014933400006,14.76524345000007],[120.26013835900005,14.76524345000007],[120.26010909400009,14.76525760000004],[120.26008714600005,14.765277056000059],[120.26007251400006,14.765285899000048],[120.26006336800003,14.765287668000042],[120.26004324900009,14.765285900000038],[120.26001947000009,14.765273519000061],[120.26001032500005,14.765266445000066],[120.2599920340001,14.76524875900003],[120.259966426,14.765213386000028],[120.25994630600007,14.76519569900006],[120.25991704000012,14.765174476000027],[120.25988411600008,14.765139103000024],[120.25986765400012,14.765132028000039],[120.25985850900008,14.765130260000035],[120.25983656000005,14.765130260000035],[120.25982924400012,14.765132029000029],[120.25981461100002,14.76513910400007],[120.25980729500009,14.765144410000062],[120.25980180800002,14.765149716000053],[120.25978351800006,14.765176246000067],[120.2597670560001,14.765190396000037],[120.25975608200008,14.765195702000028],[120.25973779100002,14.76519216500003],[120.25969983900006,14.76516530300006],[120.25969435200011,14.765163535000056],[120.25966874400001,14.765142311000034],[120.25965411200002,14.765135237000038],[120.2596467950001,14.765129931000047],[120.25962667500005,14.765112244000022],[120.2596211880001,14.765105170000027],[120.25960655500012,14.765094558000044],[120.25955899900009,14.765071566000074],[120.25954253800012,14.765068029000076],[120.25952973400001,14.765068030000066],[120.25950412700001,14.765071567000064],[120.25949315300011,14.76507510500005],[120.2594803500001,14.765076874000044],[120.25946754600011,14.765076874000044],[120.25944742700005,14.765073337000047],[120.25941450300002,14.76506095700006],[120.25936146000004,14.765032659000042],[120.2593029300001,14.765009668000062],[120.25927549400001,14.765006131000064],[120.25924988700001,14.765000825000072],[120.25921330500012,14.764999057000068],[120.25919867300001,14.765000826000062],[120.25917489500011,14.764997289000064],[120.25914563000003,14.76498667800007],[120.25907795400008,14.764954843000055],[120.25900296200007,14.764908859000059],[120.25897186700001,14.764892941000028],[120.25894260200005,14.764882330000034],[120.25892796900007,14.76488056200003],[120.2588987040001,14.764871719000041],[120.25887492600009,14.764861107000058],[120.25886395200007,14.764854033000063],[120.25882554100008,14.76481866000006],[120.25879627500001,14.764781518000063],[120.25877249700011,14.764756757000043],[120.2587487180001,14.764724922000028],[120.25872494000009,14.764684243000033],[120.25870664900003,14.76465948200007],[120.25867555400009,14.764636489000054],[120.25864445900004,14.76460996000003],[120.25859475700008,14.764593312000045],[120.25848684200002,14.764568552000071],[120.25845940600004,14.764554403000034],[120.25841367900011,14.764524337000068],[120.25838807200012,14.764510188000031],[120.25837343900002,14.76450488200004],[120.25834234500007,14.764497808000044],[120.25832954200007,14.764497808000044],[120.25822894300006,14.764485429000047],[120.25815212300006,14.764471280000066],[120.25809176400003,14.764471281000056],[120.25806249900006,14.764474819000043],[120.25802591800004,14.764476588000036],[120.25800031100005,14.764480125000034],[120.25797836200002,14.764487200000076],[120.25793263600008,14.764496044000055],[120.25787776400011,14.764499582000042],[120.2578667900001,14.764503120000029],[120.25782655100011,14.76451019500007],[120.25781557700009,14.764513732000069],[120.25780643200005,14.76451903800006],[120.25777899600007,14.764538494000021],[120.25777350900012,14.764545568000074],[120.25775887700001,14.764588016000062],[120.25774424500003,14.764609241000073],[120.25769851900009,14.764658764000046],[120.25767474100007,14.764690600000051],[120.25764364800011,14.764717130000065],[120.25760889600008,14.764736586000026],[120.25759609200009,14.764741892000075],[120.25756865700009,14.76474896700006],[120.2575558530001,14.764750736000053],[120.25748817800002,14.764748968000049],[120.25744793900003,14.764757811000038],[120.25742599000012,14.764768424000067],[120.2574022120001,14.764784342000041],[120.25738575100002,14.764802029000066],[120.2573766060001,14.764816178000046],[120.25736563100008,14.764839171000062],[120.25732905100006,14.76494529100006],[120.25730710200003,14.764985971000044],[120.25725406000004,14.765046106000057],[120.25721930800012,14.765076174000058],[120.25720833300011,14.765083249000043],[120.25717906800003,14.765097398000023],[120.25715163200005,14.765106242000059],[120.2571333410001,14.76511154800005],[120.25710224700003,14.765115086000037],[120.25704737500007,14.765115086000037],[120.25695775000008,14.765104475000044],[120.25688824500003,14.765092095000057],[120.25686263800003,14.765085021000061],[120.25683337200007,14.765072640000028],[120.25680959400006,14.765053185000056],[120.25679055300009,14.76502191700007],[120.25675945900002,14.76500246200004],[120.25674848500012,14.764998925000043],[120.25666983400004,14.764933485000029],[120.25666068900011,14.764931716000035],[120.25658021200002,14.76517756100003],[120.25659118600004,14.765181098000028],[120.25650156400002,14.76544109200006],[120.25651985400009,14.76545524200003],[120.25648144500008,14.765579048000063],[120.25645949600005,14.765598504000025],[120.25641742800008,14.765750609000065],[120.25617782000006,14.765672789000064],[120.25618147800003,14.765610886000047],[120.2562637850001,14.765380959000026],[120.25638816200001,14.76540218200006],[120.25645949400007,14.765200554000046],[120.25653448600008,14.765220009000075],[120.25654728900008,14.76516871800004],[120.25656740800002,14.765165181000043],[120.25663874000008,14.764933485000029],[120.25660581700004,14.764928179000037],[120.25659301400003,14.764931717000024],[120.25656923600002,14.764933485000029],[120.25655643300001,14.764931717000024],[120.25651436400005,14.764917568000044],[120.25647778300004,14.764896344000022],[120.25643937300003,14.764880426000047],[120.25641559500002,14.764880426000047],[120.25636438100003,14.764887501000032],[120.25633694500004,14.764882195000041],[120.25632048400007,14.76487688900005],[120.25629853500004,14.764866277000067],[120.25624732100005,14.76482913600006],[120.25623085900008,14.764813218000029],[120.25622171400005,14.764799068000059],[120.25621805600008,14.76479022500007],[120.25620891000005,14.764776076000032],[120.2562034230001,14.764770770000041],[120.25618879100011,14.76476546400005],[120.25617050000005,14.764761926000062],[120.25613574800002,14.764763695000056],[120.25612843200008,14.764761926000062],[120.25612111500004,14.764763695000056],[120.25605892800002,14.76496532300007],[120.25604063700007,14.764956480000023],[120.25609733700003,14.764753083000073],[120.25606258500011,14.764746008000031],[120.25604429400005,14.764738934000036],[120.25602234600001,14.764733628000045],[120.2560132000001,14.764733628000045],[120.25599673900001,14.764737165000042],[120.2559875930001,14.76474070300003],[120.25598027700005,14.764746009000078],[120.25597113200001,14.76475662100006],[120.25595467100004,14.76479022500007],[120.25594552500002,14.764800837000053],[120.25592357700009,14.764806143000044],[120.25590894400011,14.764806143000044],[120.25589248200004,14.764797300000055],[120.25587967900003,14.764786688000072],[120.25586687500004,14.764774307000039],[120.25585590100002,14.764760158000058],[120.25584126800004,14.764731859000051],[120.25583212200002,14.764691180000057],[120.2558229770001,14.764675262000026],[120.25581749000003,14.764669956000034],[120.25579554100011,14.764655806000064],[120.25576993400011,14.764646963000075],[120.25570861100005,14.76461858700003],[120.25564825100003,14.764613281000038],[120.2556025240001,14.764606206000053],[120.25558972100009,14.764607975000047],[120.25558057600006,14.764611512000045],[120.2555641140001,14.764613281000038],[120.25555131100009,14.764611512000045],[120.25551655800007,14.76459559400007],[120.2554616860001,14.764560221000067],[120.25545071200008,14.764554915000076],[120.25542510500009,14.764547840000034],[120.25539218200004,14.764544303000037],[120.25537023300001,14.76454607200003],[120.2553336520001,14.76454607200003],[120.25526231800006,14.764533691000054],[120.25524037000002,14.764526617000058],[120.25521659200001,14.764521311000067],[120.25518915600003,14.764521311000067],[120.25515989100006,14.764528385000062],[120.25511762000008,14.764553784000043],[120.25508701600006,14.764562213000033],[120.25507827100012,14.764566432000038],[120.25503892600011,14.764574854000045],[120.25503455100011,14.764579077000064],[120.25499957700004,14.76458750200004],[120.25491215900001,14.764587432000042],[120.25490342100011,14.764583199000072],[120.25484661400003,14.764566247000062],[120.25482039300005,14.764561999000023],[120.25475920100007,14.76456195000003],[120.25473296500002,14.764574609000022],[120.25471109900002,14.764587271000039],[120.25465426400001,14.764604132000045],[120.25461055100004,14.764608323000061],[120.2544575710001,14.764608200000055],[120.25442259700003,14.76461662500003],[120.25439198700008,14.764633507000042],[120.25437449900005,14.764637719000063],[120.2543438890001,14.764654601000075],[120.2543045220001,14.764688381000042],[120.25424766800006,14.764726374000077],[120.25422142500008,14.764747486000033],[120.25419080300003,14.764777047000052],[120.25417767300007,14.764798169000073],[120.2541732840001,14.764819298000077],[120.25416452000002,14.764844651000033],[120.25416013100005,14.764865780000036],[120.25414263300001,14.764882672000056],[120.25411640100003,14.764891104000071],[120.25409891700008,14.764891090000049],[120.25408144500011,14.764878396000029],[120.25406399400003,14.76484034300006],[120.25407716100005,14.764776956000048],[120.2540771680001,14.764768503000028],[120.2540072600001,14.764738860000023],[120.2539766640001,14.764738836000049],[120.25394607900012,14.764726132000021],[120.253928599,14.764721891000022],[120.25388489500006,14.764717629000074],[120.25386741500006,14.764713389000065],[120.25384119000012,14.76471336700007],[120.25381933200003,14.764717576000066],[120.25379747000011,14.76472601200004],[120.25377120900009,14.764768256000025],[120.2537668120001,14.76479783800005],[120.25375804100008,14.764831643000036],[120.253740547,14.764844309000068],[120.25309385900005,14.764793654000073],[120.25230736500009,14.764740586000073],[120.25230553500012,14.764754735000054],[120.25220127700004,14.764859085000069],[120.25220127700004,14.764883846000032],[120.25210352200008,14.764957395000067],[120.25215019000007,14.765276793000055],[120.2508738460001,14.765599640000062],[120.2508684610001,14.765571866000073],[120.25081640200005,14.765573601000028],[120.25078229600001,14.765490280000051],[120.25082358500003,14.765472922000072],[120.25079976000006,14.765379186000075],[120.25074949600003,14.765382656000043],[120.25069025700009,14.765375712000036],[120.25067230600007,14.765372240000033],[120.25064983000004,14.76535392900007],[120.250606747,14.765338306000046],[120.25057623000009,14.765333098000042],[120.25052955700005,14.765320946000031],[120.25047031800011,14.765301850000071],[120.25041287300007,14.765286226000057],[120.25035363400002,14.765279282000051],[120.2503141410001,14.765279281000062],[120.25024054100004,14.765274072000068],[120.25014001400007,14.765258447000065],[120.25009513600003,14.765249766000068],[120.25003410200009,14.765234142000054],[120.24999281400005,14.765227198000048],[120.2499246000001,14.765209838000033],[120.24987433700005,14.765194214000076],[120.24982048300001,14.765175119000048],[120.2497971470001,14.765164703000039],[120.24972175200003,14.76513692800006],[120.24964276800006,14.765109152000036],[120.24961763600004,14.76510220800003],[120.2495619880001,14.76508311200007],[120.24950813400005,14.76507096000006],[120.24941658300008,14.765057071000058],[120.24932323700011,14.765039710000053],[120.24926040800005,14.765032765000058],[120.24920834900001,14.765037971000027],[120.24914551900008,14.765055328000074],[120.24909884500005,14.765070949000062],[120.24908268800004,14.765074421000065],[120.24905576100002,14.765077892000022],[120.2490126780001,14.765079626000045],[120.24898216100007,14.76507441800004],[120.24891753600002,14.765057057000035],[120.24889599500011,14.765055321000034],[120.24885715700009,14.765046601000051],[120.24884997600009,14.765046601000051],[120.24884100100007,14.765043129000048],[120.24858429900007,14.764994517000048],[120.24855737300004,14.764987573000042],[120.2485017240001,14.764970213000026],[120.24836529700008,14.764916398000025],[120.24828631200012,14.76489035800006],[120.24822886900006,14.76486952600004],[120.24817322100012,14.764845222000076],[120.24809603100005,14.764807031000032],[120.2479434490001,14.764716762000035],[120.2478267680001,14.76464038100005],[120.24778368600005,14.764616077000028],[120.24775855400003,14.764603926000063],[120.2477226520001,14.764581358000044],[120.24765084900002,14.764524073000075],[120.24759879100009,14.764491090000035],[120.24758084000007,14.764477202000023],[120.24754283900006,14.764475831000027],[120.24752668300005,14.764470623000022],[120.24750155100003,14.764465414000028],[120.24744590300008,14.764460205000034],[120.24740641100004,14.764453260000039],[120.24735794300011,14.764439372000027],[120.24727357300003,14.764408123000067],[120.24718920400005,14.764382083000044],[120.2469935370001,14.764343887000052],[120.2468804450001,14.764316109000049],[120.24683556700006,14.764307428000052],[120.246767352,14.764298746000065],[120.24673324500009,14.764290066000058],[120.24670990900006,14.76428138500006],[120.24667853400001,14.764274543000056],[120.24666417300011,14.764279750000071],[120.2466336550001,14.764286692000042],[120.24658159700004,14.764291897000078],[120.24654030900001,14.764291896000032],[120.2465151770001,14.764288423000039],[120.24643439700003,14.764269326000033],[120.2463967000001,14.764264117000039],[120.24634823200006,14.76426411500006],[120.24630155900002,14.764271056000041],[120.24628719700002,14.764274527000055],[120.2462530900001,14.764277998000068],[120.24621180200006,14.764276260000031],[120.24617231000002,14.764271051000037],[120.2461292270001,14.764267578000045],[120.24605742200004,14.764267575000076],[120.24603947100002,14.764264103000073],[120.24597843800007,14.764246742000068],[120.24594253600003,14.764241533000074],[120.24590483800011,14.764241531000039],[120.24585457500007,14.764248473000066],[120.24581867200004,14.76425888600005],[120.2457522520001,14.76427450600005],[120.24572532400009,14.764284920000023],[120.24570019200007,14.764297070000055],[120.24567506000005,14.764305748000027],[120.24563197700002,14.764312690000054],[120.2455835080001,14.764316160000021],[120.24555199500003,14.764298800000063],[120.2455214790001,14.764277968000044],[120.24548916800006,14.764248458000054],[120.2454317260001,14.764199851000058],[120.24540300500007,14.764184227000044],[120.24526837300004,14.76413735400007],[120.24524144700001,14.76412520200006],[120.24520016000008,14.764099162000036],[120.24512117800009,14.764029725000057],[120.24510861300007,14.76402104500005],[120.24505655600001,14.763995005000027],[120.2450350150001,14.763981117000071],[120.24500090900005,14.763955078000038],[120.2449542380001,14.763904736000029],[120.24487705400009,14.763790167000025],[120.24485192300006,14.763764128000048],[120.24483397300003,14.763750240000036],[120.2448034570001,14.763734616000022],[120.24475319400005,14.763717255000074],[120.2446939570001,14.763691215000051],[120.24465626000006,14.763668647000031],[120.24463651500002,14.763654759000076],[120.24460061400009,14.763618305000023],[120.24457189400005,14.763576643000022],[120.24454317400011,14.76354539600004],[120.24450009300006,14.763508941000055],[120.24447137200002,14.76349158100004],[120.24445270700005,14.763466409000046],[120.24443834600004,14.763457729000038],[120.24439885600009,14.763417803000038],[120.24434500500001,14.763357045000078],[120.24432167000009,14.763325799000029],[120.24430192500006,14.763306704000058],[120.24427140900002,14.763291080000045],[120.24420678600006,14.763266775000034],[120.24419063000005,14.763263302000041],[120.2441313920001,14.763256356000056],[120.2440075290001,14.763258086000064],[120.24397342300006,14.763247669000066],[120.24395367700004,14.763238989000058],[120.24390700700008,14.763192119000053],[120.24388187700004,14.76314872100005],[120.24386033700011,14.763126154000076],[120.24378853500002,14.763091434000046],[120.243772379,14.763079282000035],[120.2437616090001,14.763067130000024],[120.24375263400009,14.763053243000059],[120.24373648000005,14.763021997000067],[120.24372930000004,14.76300463800004],[120.24371314600012,14.762976864000052],[120.24370776100011,14.762964712000041],[120.24368981100008,14.762942145000068],[120.24366468200003,14.76289354000005],[120.2436521190001,14.76285361500004],[120.24364673500008,14.762820634000036],[120.24362699200003,14.762761614000055],[120.24361981200002,14.762749462000045],[120.2436000670001,14.762728631000073],[120.24358103400004,14.762705149000055],[120.24355410900012,14.762680846000023],[120.24351461900005,14.762639184000022],[120.24350205400003,14.76262876800007],[120.24347333300011,14.76260620000005],[120.24335486100006,14.762521137000022],[120.24332255000002,14.762491626000042],[120.24328665000007,14.762463851000064],[120.24323459400011,14.76241871600007],[120.24320407900007,14.762383997000029],[120.24317536000001,14.762345807000031],[120.24315382000009,14.76231456100004],[120.24314484600006,14.762298938000072],[120.24313407600005,14.76228505000006],[120.24310535600011,14.762255539000023],[120.24308920100009,14.762241652000057],[120.24307663600007,14.76223297200005],[120.24306227500006,14.762227764000045],[120.24303355400002,14.76222255500005],[120.2429832900001,14.762232967000045],[120.24295097900006,14.762231229000065],[120.24292943800003,14.76222602100006],[120.24291148700001,14.762219076000065],[120.2428899460001,14.762206924000054],[120.24285404600005,14.762182620000033],[120.24283430100002,14.76216178900006],[120.24280199100008,14.76212012700006],[120.2427571180001,14.762048955000068],[120.24267275500006,14.76192917700007],[120.24264044600011,14.761875363000058],[120.24262608700008,14.761844117000066],[120.24260813800004,14.761812871000075],[120.24258300800011,14.761781624000037],[120.24255967300007,14.761759057000063],[120.24253095200004,14.761745168000061],[120.24251838600003,14.761741696000058],[120.24246453300009,14.761739957000032],[120.24239452400002,14.761731274000056],[120.2423604170001,14.761731272000077],[120.24233887600008,14.761727799000028],[120.24231744600002,14.761714308000023],[120.24231385600001,14.761714308000023],[120.24228513500009,14.761698683000077],[120.24226000500005,14.761676116000046],[120.2422259010001,14.761630982000042],[120.24220615600007,14.76161015100007],[120.24218820600004,14.76159799900006],[120.24217205000002,14.761591054000064],[120.24215409900012,14.761587582000061],[120.24212537800008,14.761589316000027],[120.24210922200007,14.76159278700004],[120.24207870400005,14.761610143000041],[120.24206613800004,14.761611878000053],[120.24205357300002,14.761611878000053],[120.242037417,14.76160666900006],[120.24201587700009,14.761594517000049],[120.24197997600004,14.76156674200007],[120.24193151200006,14.761518135000074],[120.2418866380001,14.76146084900006],[120.24186330200007,14.761443490000033],[120.24184355700004,14.761431337000033],[120.24183099200002,14.761417450000067],[120.24182201800011,14.761394883000037],[120.2418202240001,14.76138099600007],[120.24182022800005,14.761313298000061],[120.24182561500004,14.761285525000062],[120.24183100100004,14.761275110000042],[120.24183818200004,14.761266431000024],[120.24186870000005,14.761243867000076],[120.24188485700006,14.76122824500004],[120.24189383400005,14.761209152000049],[120.24189922100004,14.761177907000047],[120.24190281200003,14.761167492000027],[120.24190819700004,14.761158813000065],[120.24192435400005,14.76114319100003],[120.24193871600005,14.761132777000057],[120.24197102900007,14.761104627000066],[120.24197641400008,14.761097684000049],[120.24203924500011,14.76106470600007],[120.24205360600001,14.761052556000038],[120.24206437800001,14.761042141000075],[120.24209669200002,14.760990067000023],[120.24210925900002,14.760977917000048],[120.24213977600004,14.760965768000062],[120.24218285900008,14.760960563000026],[120.2421990150001,14.760960564000072],[120.242220556,14.760957093000059],[120.24224568800003,14.76094841500003],[120.24228697600006,14.760925851000025],[120.24230492800007,14.760910230000036],[120.24232826600007,14.760878986000023],[120.24234442400007,14.760851213000024],[120.24240007800006,14.760738386000071],[120.24242880200006,14.760691520000023],[120.24249702000009,14.760613410000076],[120.24255267300009,14.760537036000073],[120.24259934800011,14.760486699000069],[120.24261909500001,14.760460662000071],[120.24264602300002,14.760429418000058],[120.24268910800004,14.76038602400007],[120.24271783100005,14.760359988000062],[120.24276091600007,14.760314858000072],[120.24278963900008,14.760292294000067],[120.24280400000009,14.760287087000052],[120.24282733600012,14.760281881000026],[120.24289016500006,14.760274941000034],[120.24292965600011,14.760287094000034],[120.24296914800004,14.760295775000031],[120.24300504900009,14.760300984000025],[120.24304454100002,14.760304458000064],[120.24320969000007,14.760314882000046],[120.24324559200011,14.760314884000024],[120.24328508400004,14.760318357000074],[120.24338561000002,14.760314891000064],[120.24341792200005,14.760318364000057],[120.24346053200009,14.760316397000054],[120.24348566300011,14.760321606000048],[120.24352694900006,14.760326816000031],[120.24354669500008,14.760326817000077],[120.24356105600009,14.760325082000065],[120.24362388400004,14.760325085000034],[120.24370645800002,14.760335504000068],[120.24374774400007,14.760342450000053],[120.24378185100011,14.760345923000045],[120.24382493300004,14.760344189000023],[120.24385904000007,14.760340719000055],[120.2438913520001,14.760332042000073],[120.24393084500002,14.760314685000026],[120.24399188000007,14.760273028000029],[120.24402060300008,14.760245256000076],[120.24404035000009,14.76022963400004],[120.24406548200011,14.760219220000067],[120.24410317900004,14.760210543000028],[120.24414267200007,14.76019492200004],[120.24423602000002,14.76014458700007],[120.24427192300004,14.760127230000023],[120.24429167000005,14.760115080000048],[120.24433295900008,14.760083836000035],[120.2443886100001,14.76002482000007],[120.24441553800011,14.760000519000073],[120.24442451400012,14.759988368000052],[120.24445503300001,14.759938030000058],[120.24450210500004,14.759902172000068],[120.24452544200005,14.759890022000036],[120.24456314100007,14.759843156000045],[120.2445990440001,14.75981017600003],[120.24465649000001,14.759751160000064],[120.24466546600001,14.759739009000043],[120.24467803200002,14.759726859000068],[120.24470495900005,14.759706030000075],[120.24472291100005,14.759695616000045],[120.2447785600001,14.759652222000057],[120.24480369300011,14.75962792100006],[120.24484677600003,14.759594942000035],[120.24489165600005,14.75955501900006],[120.24493653500008,14.759522040000036],[120.24498141400011,14.759483853000063],[120.24500295600001,14.759457816000065],[120.24503526900003,14.75942483700004],[120.24504604000003,14.759416158000022],[120.24509810000006,14.759383179000054],[120.2451375930001,14.759353671000042],[120.2451591360001,14.759329370000046],[120.2451896550001,14.759284239000067],[120.24519863000012,14.759275560000049],[120.24520401600012,14.75926688100003],[120.245212992,14.75925993800007],[120.24523633000001,14.759228693000068],[120.24527582400003,14.759197449000055],[120.24529198000005,14.759187035000025],[120.24534821800012,14.75916120100004],[120.24535744800005,14.759159416000045],[120.24537775600004,14.759159417000035],[120.24538514100004,14.75915763200004],[120.245396217,14.759159417000035],[120.24546083200005,14.759150494000039],[120.24547190900012,14.759150494000039],[120.24548667800002,14.75914692400005],[120.24550144700004,14.759141569000064],[120.24552914000003,14.759127289000048],[120.24555867800007,14.759116578000032],[120.24560483200003,14.759096943000031],[120.24561960200003,14.759088017000067],[120.24566206400004,14.75905767100005],[120.24569160300007,14.759032679000029],[120.24571745000003,14.759002331000033],[120.24574883600008,14.758957702000032],[120.24580976100003,14.75888986700005],[120.24582268500001,14.758872015000065],[120.24584668500006,14.758845238000049],[120.24588914800006,14.758802395000032],[120.24591868700008,14.758777403000067],[120.24597407200008,14.758736346000035],[120.24601468700007,14.75871492500005],[120.24605899500011,14.758682793000048],[120.24609222600009,14.758656016000032],[120.24612176500011,14.758625669000025],[120.24613468900009,14.758614958000067],[120.24616053500006,14.75858818100005],[120.24617899700002,14.758564974000024],[120.24619745900009,14.758547123000028],[120.24620484400009,14.758536412000069],[120.2462122290001,14.758529271000043],[120.24623253700008,14.758502494000027],[120.24624361500003,14.758477502000062],[120.24624730900007,14.758431087000076],[120.24624177200008,14.758384671000044],[120.24623992900001,14.758331115000033],[120.2462454680001,14.758304337000027],[120.2462528530001,14.758282915000052],[120.24626393100004,14.758259708000026],[120.24627500800011,14.758245427000077],[120.24629531700009,14.75821329400003],[120.24631931700003,14.758184731000028],[120.24633408700004,14.758170450000023],[120.24639501000001,14.758115111000052],[120.24643931900005,14.75807940900006],[120.24645962700004,14.75805798700003],[120.2464707040001,14.758049062000055],[120.24649285800001,14.758024070000033],[120.24651685800006,14.758000863000063],[120.24654455100006,14.757979441000032],[120.2466239360001,14.757925888000045],[120.24664978200008,14.757899111000029],[120.2466590140001,14.757886615000075],[120.24668855300001,14.757834844000058],[120.2466940920001,14.757818778000058],[120.24671624700011,14.757788430000062],[120.24674763200005,14.757761653000045],[120.24677347900001,14.75774380100006],[120.24681409400011,14.75771166900006],[120.24682701800009,14.757693817000074],[120.2468344030001,14.757672395000043],[120.24686377600005,14.757632069000067],[120.24687854500007,14.757617788000061],[120.24689516100011,14.75760529200005],[120.24692469900003,14.757574944000055],[120.24696162300006,14.757530316000043],[120.24702070100011,14.757451769000056],[120.24705393400006,14.757385717000034],[120.24710008900001,14.757301814000073],[120.2471831690001,14.757164357000022],[120.24720901600006,14.757125083000062],[120.2472256310001,14.75710366100003],[120.24725886300007,14.75705189100006],[120.24729763300002,14.757001907000074],[120.24733640200009,14.756964419000042],[120.24742686400009,14.75688765800004],[120.24752101800004,14.756800187000067],[120.24761701800003,14.756718070000034],[120.24765024900012,14.756682367000053],[120.24766501900001,14.756669871000042],[120.2477407130001,14.75657347200007],[120.24782379300007,14.756432443000051],[120.24784964000003,14.75639495400003],[120.24790133300007,14.756327117000069],[120.24791979500003,14.756309266000073],[120.24796225700004,14.756277133000026],[120.2479936420001,14.75624678500003],[120.24802005800007,14.756225941000025],[120.2480219040001,14.756225941000025],[120.24803298100005,14.756209874000035],[120.24809021200008,14.756149179000033],[120.24820098100008,14.75602064800006],[120.24821575100009,14.756001011000023],[120.2482508280001,14.755936745000042],[120.2482655980001,14.755915323000067],[120.24828959800004,14.755874264000056],[120.24831359900008,14.755817138000054],[120.24833390800006,14.755756442000063],[120.24834867800007,14.755726094000067],[120.2483929870001,14.755622553000023],[120.24840406500005,14.755601131000049],[120.24842437300003,14.755552931000068],[120.24843360500006,14.755526153000062],[120.24845391300005,14.755479739000066],[120.24846683700002,14.75545296100006],[120.24851853000007,14.755365487000063],[120.24854068500008,14.755319072000077],[120.2486126880001,14.755153050000047],[120.2486200730001,14.75512984200003],[120.24864592100005,14.75506914500005],[120.24865146000002,14.755047723000075],[120.24868013800005,14.754994256000032],[120.24868936900009,14.754969264000067],[120.24870044700003,14.754951412000025],[120.24872444700009,14.754899642000055],[120.24876506400005,14.754796101000068],[120.24879275700005,14.754737190000071],[120.2488167570001,14.75469256100007],[120.24890537300007,14.75455153200005],[120.24894783400009,14.754496192000033],[120.24896814200008,14.754476556000043],[120.24899214100003,14.754456919000063],[120.24900875700007,14.754439067000021],[120.24908075500002,14.75437480200003],[120.24913798500006,14.754317677000074],[120.24915829300005,14.754294469000058],[120.24918967700012,14.754264122000052],[120.24921367700006,14.754237344000046],[120.24923767700011,14.75420342600006],[120.24924875400006,14.754180218000045],[120.24925798600009,14.754142729000023],[120.24926537200008,14.754089173000068],[120.2492672190001,14.754062395000062],[120.24928568100006,14.75401240900004],[120.24928752800008,14.75399991300003],[120.24928752800008,14.75397670500007],[120.24927829900003,14.753944571000034],[120.24926353100011,14.753878757000052],[120.24925799300001,14.753866260000052],[120.24924137900007,14.753835911000067],[120.2491970750001,14.75378413900006],[120.24917123000012,14.753764501000035],[120.24914723100005,14.753752004000035],[120.24910846400007,14.753735936000055],[120.24908446600011,14.753723439000055],[120.24906046700005,14.75370915700006],[120.24903646900009,14.753691304000029],[120.24898293400008,14.753664525000033],[120.24894456800007,14.753636233000066],[120.24894101500001,14.753636233000066],[120.24893390900002,14.753632797000023],[120.24890903800008,14.753613899000072],[120.24883087400008,14.75354518000006],[120.24877225000012,14.753502230000038],[120.24875626200003,14.753491921000034],[120.24870119100001,14.753462715000069],[120.24862302700001,14.753409457000032],[120.24855907400001,14.753368224000042],[120.24848090900002,14.753321838000033],[120.24843116800002,14.753289196000026],[120.24839030900011,14.753254836000053],[120.24830148700005,14.753172372000051],[120.24828727500005,14.753160346000072],[120.24826062800003,14.753141448000065],[120.24816647400007,14.753095061000067],[120.2481433800001,14.75308990600007],[120.24811850900005,14.753086470000028],[120.24810607400002,14.753081315000031],[120.24808297900006,14.753067571000031],[120.24807232100011,14.753058981000038],[120.24805988500009,14.753048673000023],[120.24804922700002,14.753034929000023],[120.24803146200009,14.753005724000047],[120.24802613300005,14.752993698000068],[120.24801014500008,14.752969646000054],[120.24799948700002,14.752957620000075],[120.2479799460001,14.752924979000056],[120.24796928800004,14.752899209000077],[120.24795863000008,14.752856260000044],[120.24795685400011,14.752840799000069],[120.2479497490001,14.752816747000054],[120.24793731400007,14.752790978000064],[120.24791955,14.752761772000042],[120.24788935000004,14.752730848000056],[120.24782539700004,14.752681025000072],[120.24777537600005,14.752623348000043],[120.24771675400007,14.752576961000045],[120.24769543600007,14.752556346000063],[120.24767589600003,14.75253401200007],[120.247649249,14.752492780000068],[120.24762970900008,14.752456703000064],[120.24760128800006,14.752387985000041],[120.24757997100005,14.752343318000044],[120.24751246800008,14.752229932000034],[120.24742720100005,14.752104519000056],[120.24740410800007,14.752061570000023],[120.24737391000008,14.75199972300004],[120.24735969900007,14.75196021000005],[120.24735614700012,14.751941313000032],[120.24735081900008,14.751893210000048],[120.2473330570001,14.751810748000025],[120.24732950500004,14.751783261000071],[120.24732950700002,14.75173000500007],[120.2473152980001,14.751659569000026],[120.24731174500005,14.751652697000054],[120.24730708000004,14.751614412000038],[120.24729642200009,14.751588643000048],[120.24726977700004,14.75150446300006],[120.24725201400008,14.751454642000056],[120.24722714500001,14.751394513000037],[120.24721471100008,14.751360154000054],[120.2471774070001,14.751289717000077],[120.24715964300003,14.751265665000062],[120.24708681100003,14.751176330000021],[120.24705128300002,14.75112307300003],[120.24703529500005,14.75109558500003],[120.24701930800006,14.751062944000068],[120.24701042700008,14.751040610000075],[120.24697134700011,14.75095643000003],[120.24692693700001,14.750892865000026],[120.24690029100009,14.75086194100004],[120.24688430300012,14.750848197000039],[120.24686831600002,14.750837889000024],[120.24685410400002,14.750831016000063],[120.24680436300002,14.750812117000066],[120.24677416300005,14.750794937000023],[120.2467563990001,14.750782911000044],[120.24670843600006,14.750736524000047],[120.24668356600012,14.750700447000042],[120.24666402700007,14.750659215000042],[120.24662672400007,14.750557856000057],[120.24662139600002,14.75053895800005],[120.24661251400005,14.750520060000042],[120.24660363200007,14.750504598000077],[120.24657876200001,14.750477110000077],[120.24654856400002,14.75043759700003],[120.2465432350001,14.750422135000065],[120.24653968300004,14.750399801000071],[120.24653790800005,14.750361833000056],[120.24653258000001,14.750337782000031],[120.24652902800005,14.75030514100007],[120.24651837200008,14.750246731000061],[120.24651659800008,14.750165988000049],[120.24651837600004,14.750147090000041],[120.2465219290001,14.750131629000066],[120.24652725900012,14.750116168000034],[120.2465343660001,14.750102425000023],[120.24655390800001,14.750078374000054],[120.24656634400003,14.750066349000065],[120.24657700300008,14.750059478000026],[120.24659476800002,14.750052607000043],[120.24663562800004,14.750042301000065],[120.24668359200007,14.750040584000033],[120.24673155700009,14.750045740000076],[120.24677419200009,14.750056049000023],[120.24680439200006,14.750068076000048],[120.24681860300007,14.75007666600004],[120.24687012100003,14.750093847000073],[120.24689143800003,14.750092130000041],[120.24692341600007,14.750078388000077],[120.24696427600009,14.750047466000069],[120.24702645500008,14.749989059000029],[120.24705665600004,14.74996500900005],[120.24707797500002,14.749940958000025],[120.2471010700001,14.749910036000074],[120.2471632490001,14.749846475000027],[120.2472112160001,14.749788067000054],[120.24724497000011,14.749758863000068],[120.24726984200004,14.749733094000021],[120.24735689300007,14.749660944000027],[120.24739597700011,14.749623150000048],[120.24743683700001,14.74959222900003],[120.24748302700004,14.749552717000029],[120.2475487590001,14.749492591000035],[120.24756119500012,14.749484002000031],[120.24764647000006,14.749398107000047],[120.24770331900004,14.749350006000043],[120.24781171200004,14.749290764000023],[120.2478294770001,14.749285611000062],[120.2478436880001,14.74928389300004],[120.2478792180001,14.749275305000026],[120.24789698300003,14.749268434000044],[120.24797337300004,14.749232359000075],[120.24801956100009,14.749220335000075],[120.24804620900011,14.749216900000022],[120.2480959510001,14.749203158000057],[120.24819721100005,14.749167085000067],[120.24823807000007,14.74914990600007],[120.24830380100002,14.749129293000067],[120.24838196700011,14.749112116000049],[120.24842105000005,14.749096656000063],[120.24845480400006,14.74908119500003],[120.24849033400005,14.74906917100003],[120.2485140770001,14.74904878700005],[120.2485478320001,14.74901099300007],[120.24857448000012,14.748976635000076],[120.2486171170001,14.748904483000047],[120.24864554300007,14.748844356000063],[120.24869528600004,14.748756742000069],[120.2487183820001,14.748710359000029],[120.24876102000007,14.748605566000037],[120.24878233900006,14.748567772000058],[120.24879655100005,14.748547157000075],[120.24882497600004,14.748514517000046],[120.24885340000003,14.748493902000064],[120.24887116500008,14.748483595000039],[120.24889248300008,14.748475006000035],[120.2489546590001,14.748457829000074],[120.24902038900007,14.748452676000056],[120.24903637700004,14.748452677000046],[120.24909855400006,14.748444089000031],[120.24914296500003,14.748447526000064],[120.24917849500002,14.748440655000024],[120.24921935400005,14.748435502000063],[120.24924244800002,14.748435503000053],[120.24940588300001,14.74844409700006],[120.24943253000004,14.748449251000068],[120.24946273000012,14.748452688000043],[120.24951780000004,14.748462997000047],[120.24954444700006,14.748466433000033],[120.24963860000003,14.748492204000058],[120.24966169400011,14.74850079500004],[120.24971321100008,14.748511103000055],[120.2497753880001,14.74852141200006],[120.2498109170001,14.748524849000034],[120.24991129500006,14.74853859600006],[120.24993616600011,14.74853859600006],[120.24994682500005,14.748536878000039],[120.25000544800002,14.748521418000053],[120.25004097800002,14.74851454700007],[120.25009782500001,14.748509395000042],[120.25013513100009,14.748509396000031],[120.25019375400007,14.74850424300007],[120.25020619000009,14.748502525000049],[120.25021684800004,14.748499090000053],[120.25025770700006,14.748499091000042],[120.25026836600011,14.748497373000077],[120.25029678900012,14.748499092000031],[120.25032876600005,14.748497374000067],[120.25036074200011,14.74850596500005],[120.25039627100011,14.748524863000057],[120.25041225900009,14.748531735000029],[120.25044423500003,14.748554069000022],[120.25048864600001,14.748595300000034],[120.2505401620001,14.748636532000035],[120.25055970300002,14.748650275000045],[120.25063076100002,14.74868635300004],[120.25067694900008,14.748712123000075],[120.25070181900003,14.748724149000054],[120.25076932500008,14.748748202000058],[120.25085104200002,14.748767101000055],[120.25087236000002,14.748770537000041],[120.25089367800001,14.74877740900007],[120.2509523010001,14.748801462000074],[120.25102158300001,14.748837540000068],[120.251035795,14.74884613000006],[120.2510731000001,14.748875335000037],[120.25111928800004,14.748916567000038],[120.25113527700012,14.74892515700003],[120.25114771200003,14.748937183000066],[120.25117613500004,14.748950927000067],[120.25123653600008,14.74897326100006],[120.25129909400005,14.748970272000065],[120.25132751800004,14.74898573400003],[120.25136127000007,14.74899947800003],[120.25140035300001,14.749008068000023],[120.25143588200001,14.749004633000027],[120.25145364700006,14.749001197000041],[120.25149805900003,14.748984019000034],[120.25151582400008,14.748973711000076],[120.25153181200005,14.748959968000065],[120.2515566830001,14.748934199000075],[120.25157977800006,14.748913584000036],[120.25160997800003,14.748894688000064],[120.25164373100006,14.748877509000067],[120.25174499000002,14.748856895000074],[120.25178585000003,14.748843152000063],[120.251844473,14.74883456300006],[120.25186223800006,14.748829409000052],[120.25191908500005,14.748819103000073],[120.25195994400008,14.74881566700003],[120.25199902700001,14.748819104000063],[120.25203810900007,14.748827694000056],[120.2521002850001,14.748848310000028],[120.25218555600009,14.748880952000036],[120.2522477330001,14.748899850000043],[120.25227082700007,14.74890500400005],[120.2522903680001,14.748911876000022],[120.25234366200004,14.748925620000023],[120.25237030900007,14.748935928000037],[120.25243959200009,14.74896513400006],[120.25246979200006,14.748982313000056],[120.25249288600003,14.748997775000078],[120.25260302800007,14.749056186000075],[120.25262907500007,14.749059672000044],[120.25263973300002,14.749066544000073],[120.25265572100011,14.749082006000037],[120.25270546200011,14.749143852000032],[120.25271789700003,14.749162750000039],[120.25274632000003,14.749197109000022],[120.25276053200002,14.749219442000026],[120.25277651900001,14.749250365000023],[120.25281737700004,14.749360313000068],[120.25284580000005,14.749425595000048],[120.25286001100005,14.749442775000034],[120.25288843500005,14.74946682600006],[120.2529204110001,14.749489160000053],[120.25295061100007,14.749514929000043],[120.25298969300002,14.749538981000057],[120.25303943400002,14.749556160000054],[120.25306608100004,14.749561314000061],[120.25311582300003,14.749564751000037],[120.25324372900002,14.749571624000055],[120.25329702400006,14.749571624000055],[120.25335742400011,14.749568189000058],[120.25338407200002,14.749563035000051],[120.25341071900004,14.749561318000076],[120.25345690800009,14.749561318000076],[120.25350132000005,14.749568190000048],[120.25354217900008,14.749578498000062],[120.2535688260001,14.749587088000055],[120.25360968600012,14.749593960000027],[120.25362567400009,14.749593960000027],[120.25364521600011,14.749590524000041],[120.25366298100005,14.749585371000023],[120.25370028700002,14.749568191000037],[120.25373404100003,14.749547576000055],[120.25376601800008,14.74951150000004],[120.25377667700002,14.749492602000032],[120.2537784540001,14.749480577000043],[120.25378733600007,14.749463397000056],[120.25378911300004,14.749456526000074],[120.25381220800011,14.749411859000077],[120.25383530300007,14.749351731000047],[120.25386094400005,14.749346579000076],[120.25386982700002,14.74934829700004],[120.2538787090001,14.749346579000076],[120.25389825000002,14.749351733000026],[120.2539284500001,14.749363758000072],[120.25395332100004,14.749368912000023],[120.25397286200007,14.749370630000044],[120.25402082700009,14.749370631000033],[120.25412386200003,14.74936204100004],[120.25416472100005,14.749355170000058],[120.25422334500001,14.74934829800003],[120.25424288600004,14.749344863000033],[120.25428196900009,14.749334555000075],[120.25429973300004,14.749327683000047],[120.25435302800008,14.749301915000046],[120.2544152050001,14.749276146000057],[120.254512911,14.749248659000045],[120.25454666400003,14.749233197000024],[120.25455732300009,14.749226326000041],[120.25462127700007,14.749176506000026],[120.25463193600001,14.749166198000069],[120.25464970000007,14.749143865000065],[120.25465858300004,14.749128403000043],[120.25468598200007,14.749096783000027],[120.25470907600004,14.749081321000062],[120.25473039400003,14.749057270000037],[120.25476592300004,14.749002296000072],[120.25477302900003,14.748981681000032],[120.25478368800009,14.748926707000066],[120.25479079400009,14.748900938000077],[120.25479257100005,14.748887194000076],[120.25479257100005,14.748844246000033],[120.25478191200011,14.748790990000032],[120.25477658300008,14.748773810000046],[120.25476237100008,14.748739452000052],[120.25474460600003,14.74870509300007],[120.25472506500012,14.74867073400003],[120.25470374800011,14.748639811000032],[120.25469131200009,14.748627786000043],[120.25468065400003,14.748614042000042],[120.25465045400006,14.748584837000067],[120.25461847700001,14.748562504000063],[120.25460604200009,14.748555632000034],[120.25454564300003,14.748512684000048],[120.2545065600001,14.748473171000057],[120.25449057200001,14.748452556000075],[120.2544639250001,14.748406171000056],[120.25443372600012,14.74836322300007],[120.25441596100006,14.748334018000037],[120.25440352600003,14.748306531000026],[120.25439444100004,14.748254721000023],[120.25438911200001,14.748242695000044],[120.25437845300007,14.748170542000025],[120.25437312400004,14.748144773000035],[120.25436601800004,14.748120722000067],[120.25436246600009,14.748093235000056],[120.25436246600009,14.748082927000041],[120.25436957200009,14.748031389000062],[120.25438556000006,14.747993595000025],[120.25439799500009,14.747974697000075],[120.25440687800005,14.747966108000071],[120.25443885400011,14.74795064600005],[120.25449925400005,14.747936903000038],[120.25451524200002,14.747935185000074],[120.25454188900005,14.747928314000035],[120.25458097100011,14.74791285200007],[120.25459340600003,14.74790598100003],[120.25461827700008,14.747895673000073],[120.25465025300002,14.747890519000066],[120.2547444060001,14.74789223700003],[120.25476217000005,14.747893955000052],[120.2547799350001,14.747892238000077],[120.25483500500002,14.747878494000076],[120.25490251100007,14.747849289000044],[120.25494159300001,14.747838982000076],[120.25499666400003,14.747818366000047],[120.25504107500001,14.747797751000064],[120.25506772200004,14.747782290000032],[120.25509259300009,14.747759957000028],[120.25510858100006,14.747737623000035],[120.25511391000009,14.747725598000045],[120.25512279300006,14.747665470000072],[120.25512634600011,14.747655162000058],[120.25513167500003,14.747643137000068],[120.25513878100003,14.747632829000054],[120.25515654600008,14.747613931000046],[120.25516720500002,14.747607060000064],[120.25517964000005,14.747601906000057],[120.25519562800002,14.74759847000007],[120.25520984000002,14.74759847000007],[120.25524892200008,14.747603624000021],[120.25528800500001,14.747603624000021],[120.25532886400003,14.747595034000028],[120.2553608400001,14.747577854000042],[120.25537505200009,14.747564111000031],[120.25538215800009,14.747553803000073],[120.25539104000006,14.747534905000066],[120.25539637000008,14.74751772600007],[120.25541235800006,14.747490239000058],[120.25545321700008,14.74743182800006],[120.25547098200002,14.747412931000042],[120.2554798650001,14.747407777000035],[120.25550473500005,14.747400905000063],[120.25555026800009,14.747403428000041],[120.25561244400001,14.74742232500006],[120.25563198500004,14.747424043000024],[120.25564975000009,14.747420608000027],[120.25566396200009,14.74741030000007],[120.25567284400006,14.74739655600007],[120.25567639700012,14.747381095000037],[120.25567284400006,14.74736391600004],[120.25566751400004,14.74735017200004],[120.25566040900003,14.747339864000025],[120.25562665600012,14.747319249000043],[120.25561955,14.74731066000004],[120.25561422100009,14.74729863400006],[120.25561244400001,14.747286608000024],[120.25561777300004,14.74725912100007],[120.2556284320001,14.747224763000077],[120.25563553800009,14.747209301000055],[120.25564442000007,14.747195558000044],[120.25565507900001,14.747183532000065],[120.25567639600001,14.747162917000026],[120.25571725500004,14.747137148000036],[120.25573146600004,14.747130276000064],[120.25576344300009,14.747116532000064],[120.25578120700004,14.747111379000046],[120.25583983000001,14.747102789000053],[120.25587358300004,14.747092481000038],[120.25588779500004,14.747085609000067],[120.25590378300001,14.74708045500006],[120.25591799400001,14.747071866000056],[120.25592865300007,14.747063276000063],[120.2559410880001,14.747052968000048],[120.25596418200007,14.747027199000058],[120.25598905300001,14.746991122000054],[120.25600681700007,14.746973943000057],[120.25603701700004,14.746951610000053],[120.2560618870001,14.746920686000067],[120.25609919300007,14.74688289200003],[120.25612051100006,14.746857122000051],[120.25613649900004,14.74682963500004],[120.25614538100001,14.74681761000005],[120.25617588000011,14.746791443000063],[120.25618298600011,14.746781136000038],[120.25621851500011,14.746760520000066],[120.25628424400008,14.746710700000051],[120.25630023200006,14.74669695600005],[120.25638727700004,14.746599033000052],[120.25654005100012,14.746449572000074],[120.25657913300006,14.746416931000056],[120.25668235400008,14.74634167000005],[120.25669834200005,14.746338234000063],[120.2567871650001,14.746303874000034],[120.25680848200011,14.746298720000027],[120.2568298000001,14.746290130000034],[120.25696658600009,14.74625405200004],[120.25707139700012,14.746219693000057],[120.2571584420001,14.746193923000021],[120.2574018150001,14.746137229000055],[120.2574373440001,14.746126921000041],[120.2576135170001,14.746062456000061],[120.2576754690001,14.746062505000054],[120.25771087400005,14.746058254000047],[120.25774185700004,14.74604972000003],[120.25778168700003,14.746045472000048],[120.25780824500009,14.746036934000074],[120.25785693300008,14.746024134000038],[120.25789676600004,14.74601560700006],[120.25798971600011,14.745990004000078],[120.25801626600003,14.745990024000037],[120.25803839600007,14.745985763000022],[120.25807822500008,14.74598151500004],[120.25812248400007,14.74597299100003],[120.25819330400009,14.745951649000062],[120.25824199200008,14.745938850000073],[120.25826412100002,14.745934588000068],[120.25829510800008,14.745921774000067],[120.25835264900002,14.745904701000029],[120.25839690400005,14.745900457000062],[120.25843230500004,14.74590048500005],[120.25844999500009,14.745913337000047],[120.25847653800008,14.745921916000043],[120.25848538500009,14.745926203000067],[120.2585473260001,14.745939090000036],[120.25860042800002,14.745939131000057],[120.25862702600011,14.745883520000064],[120.25864473000001,14.745879255000034],[120.2587022570001,14.74587930000007],[120.25870667800007,14.745883583000023],[120.258733215,14.745900721000055],[120.2587553300001,14.745913577000067],[120.25878187,14.745926436000047],[120.25888807400008,14.745926519000022],[120.25893233600004,14.745913715000029],[120.25895446900006,14.745905174000029],[120.25896332700006,14.745896622000032],[120.25898546300004,14.745883801000048],[120.25904302600009,14.74584105200006],[120.25906073400006,14.745832507000046],[120.25922735100005,14.745731772000056],[120.25928419700006,14.745702566000034],[120.2593463720001,14.745657898000047],[120.25939255900005,14.745637282000075],[120.25944230000005,14.745621820000054],[120.25951335700006,14.745594331000063],[120.25956309800006,14.745582305000028],[120.25959507400012,14.745578868000052],[120.25964836800006,14.74558402100007],[120.25968745000011,14.745590892000052],[120.25971942700005,14.745594327000049],[120.25974429700011,14.745590891000063],[120.25977272000011,14.745582300000024],[120.25985266000009,14.745547940000051],[120.25993615400012,14.745529041000054],[120.25995569500003,14.745520450000072],[120.25999122400003,14.745508424000036],[120.26003291000006,14.745487926000067],[120.2600737680001,14.745484489000035],[120.26009686100008,14.745477617000063],[120.26011817800008,14.74546902700007],[120.26015548300006,14.74544841100004],[120.26017324700001,14.74543466700004],[120.26020167000001,14.745403743000054],[120.26021232800008,14.745386564000057],[120.26022476300011,14.745371102000036],[120.26028160800001,14.745319563000066],[120.26029404300004,14.74530753700003],[120.26030292400003,14.74529379300003],[120.26032779400009,14.745271460000026],[120.2603775340001,14.74524053600004],[120.2604059570001,14.74522679100005],[120.260462802,14.745211329000028],[120.26050899000006,14.745206174000032],[120.26056050700004,14.745206173000042],[120.2605924830001,14.745209608000039],[120.2606066940001,14.74520960700005],[120.2606422240001,14.745218196000053],[120.26067420000004,14.745228503000021],[120.26070972900004,14.74524740000004],[120.26074348300006,14.745274886000061],[120.26076302400008,14.74528519300003],[120.26080743500006,14.745293782000033],[120.26084829400008,14.745304088000069],[120.26087316500002,14.745316113000058],[120.26092290700001,14.745352189000073],[120.26096554200001,14.745369367000023],[120.26099041300006,14.745376238000063],[120.26100284800009,14.745377956000027],[120.26104726000005,14.745391698000049],[120.26106324800003,14.745391698000049],[120.26109344800011,14.745383107000066],[120.26112542400006,14.745365927000023],[120.26115207100008,14.745355619000065],[120.26117834800004,14.745350465000058],[120.26118367800007,14.745347029000072],[120.2612032180001,14.745345310000062],[120.26122631200008,14.745350463000023],[120.26125118300001,14.745359052000026],[120.26126184100008,14.745360770000048],[120.26128493500005,14.745360770000048],[120.26129737000008,14.745359051000037],[120.26138796800001,14.74532812600006],[120.26145191900002,14.745319535000021],[120.26151764700012,14.745300636000024],[120.26162245700004,14.745288607000077],[120.26165088000005,14.745281735000049],[120.2616615390001,14.745276580000052],[120.26167397400002,14.745273144000066],[120.2617556890001,14.745242219000033],[120.26180898200005,14.745226756000022],[120.26182141700008,14.745221602000072],[120.26184984000008,14.745209575000047],[120.26189555600001,14.745176934000028],[120.26191332000008,14.745171779000032],[120.26199148300009,14.745168341000067],[120.26202878900006,14.745171776000063],[120.26204300000006,14.74517521100006],[120.26207497700011,14.745190672000035],[120.2621389300001,14.74523877200005],[120.26215491900007,14.745249080000065],[120.26217268300002,14.745257669000068],[120.26219222400005,14.74526454000005],[120.2622313060001,14.745271410000043],[120.26225440000007,14.745273128000065],[120.26229348200002,14.745271409000054],[120.26231302200006,14.745267972000022],[120.26239118500007,14.745252508000021],[120.2624178310001,14.74524563600005],[120.26247112400006,14.745237044000078],[120.26252619400009,14.745225017000053],[120.26254928700007,14.745218145000024],[120.26259547400002,14.745197528000062],[120.2626700830001,14.745156295000072],[120.26270738800008,14.745137396000075],[120.26278022100007,14.745109907000028],[120.2627926560001,14.745106471000042],[120.2629223350001,14.745051492000073],[120.26295431000005,14.745039466000037],[120.26299516800009,14.745018849000076],[120.26302536700007,14.744998232000057],[120.26311241200005,14.744955281000045],[120.2631603750001,14.744927792000055],[120.26328650200003,14.744872813000029],[120.26334157100007,14.744840169000042],[120.26338598200005,14.74481783400006],[120.26345171000003,14.744781755000076],[120.26346236800009,14.744771447000062],[120.26349995400005,14.744726727000057],[120.263503506,14.744718137000064],[120.26351061200012,14.74470954700007],[120.26351771700001,14.744694085000049],[120.2635194930001,14.744685495000056],[120.26351949200011,14.744664880000073],[120.26352659800011,14.744656290000023],[120.26353370300001,14.744652854000037],[120.26355324400004,14.744651136000073],[120.26356212600001,14.74464769900004],[120.26357278400008,14.744640827000069],[120.26358166600005,14.744632237000076],[120.26359232400011,14.744615058000022],[120.26359587700006,14.744604750000065],[120.26360298200007,14.744597878000036],[120.26361186400004,14.74459444200005],[120.26364916900002,14.744587568000043],[120.26369180300003,14.74456695200007],[120.26372555400008,14.744546335000052],[120.26375397600009,14.744520565000073],[120.26377884500005,14.744491359000051],[120.26378950300011,14.744482769000058],[120.26385167700005,14.744443254000032],[120.26387121700009,14.744427792000067],[120.26389608600005,14.744400304000067],[120.26390852000009,14.74438312500007],[120.26391562600008,14.74436938100007],[120.26392805900002,14.744338457000026],[120.26393516500002,14.744326432000037],[120.26394049400005,14.744312688000036],[120.26400977000003,14.744204455000045],[120.2640346390001,14.744156352000061],[120.264048849,14.744121992000032],[120.26405240100007,14.744108249000021],[120.2640577300001,14.744097941000064],[120.26407904500002,14.744042966000052],[120.2640808210001,14.744034376000059],[120.26407904400003,14.74401547900004],[120.26408082000012,14.743998299000054],[120.26408792500001,14.743986273000075],[120.2640968070001,14.743975965000061],[120.2641039130001,14.743969093000032],[120.26411990000008,14.743958785000075],[120.26416253400009,14.743939886000021],[120.26417852200007,14.743934731000024],[120.26419450900005,14.743924423000067],[120.26420694400008,14.743912397000031],[120.26421760200003,14.743896935000066],[120.26425135300008,14.74385742000004],[120.26427267000008,14.743841958000075],[120.26428155100007,14.743821342000047],[120.2643057900001,14.743802494000022],[120.2643128950001,14.743793904000029],[120.26432533000002,14.743790468000043],[120.2643413180001,14.743788749000032],[120.26437684600012,14.743776722000064],[120.26442658500002,14.74375266900006],[120.26449586500007,14.743749231000038],[120.26451895900004,14.743742358000077],[120.26453317000005,14.743740639000066],[120.26455981600009,14.743733767000037],[120.26457047400004,14.74372861200004],[120.26457935600001,14.743720022000048],[120.26458468500005,14.743711432000055],[120.26459179000005,14.743692535000037],[120.264595342,14.743673637000029],[120.26459534100002,14.743646150000075],[120.26459711700011,14.743634125000028],[120.26460066900006,14.743611791000035],[120.26460777400007,14.74358945800003],[120.26461310200011,14.743577432000052],[120.26462020800011,14.743567124000037],[120.26463086600006,14.743556816000023],[120.2646504060001,14.743546508000065],[120.26466639400007,14.74354822500004],[120.26468238200005,14.743553378000058],[120.2647001470001,14.743565403000048],[120.26471613500007,14.743579146000059],[120.26475699500008,14.743622093000056],[120.26479785400011,14.743654732000039],[120.26482272500004,14.743670192000025],[120.26491332500007,14.743720009000072],[120.26493641900004,14.743737187000022],[120.26497017300005,14.743769826000062],[120.26500570400003,14.743816209000045],[120.26502169200012,14.743829952000056],[120.26503412800002,14.743836823000038],[120.26504833900003,14.743841977000045],[120.26508919800006,14.743848847000038],[120.26511406800012,14.743850563000024],[120.2651513730001,14.74384884400007],[120.26519933700001,14.743841970000062],[120.26522420700007,14.743845405000059],[120.26527535800005,14.743855710000048],[120.26531621600009,14.743867734000048],[120.26542280300009,14.743879755000023],[120.26545477800005,14.743881472000055],[120.26554182400002,14.74389349300003],[120.26565729300012,14.743917539000051],[120.26568571600001,14.743920974000048],[120.2658082910001,14.743941584000027],[120.26602146500011,14.743996548000041],[120.26606587600008,14.744005136000055],[120.26611028800005,14.74401887700003],[120.2661564760001,14.744036054000048],[120.26617424100004,14.744044643000052],[120.26621510000007,14.744056667000052],[120.26625418200001,14.744065255000066],[120.2662985930001,14.74407212500006],[120.26633589800008,14.744075559000066],[120.26638741600004,14.744085864000056],[120.2664051800001,14.744091017000073],[120.26644603900002,14.744097887000066],[120.26649400300005,14.74409788500003],[120.26654196800007,14.744108190000077],[120.26655618000007,14.744113343000038],[120.26658460400006,14.744128803000024],[120.26660414600008,14.744145982000077],[120.26663434700004,14.744182057000046],[120.26664323000011,14.744190647000039],[120.26666810100005,14.744209543000068],[120.26668764300007,14.744218132000071],[120.26672807400007,14.744229451000024],[120.2667476150001,14.744244911000067],[120.26678314500009,14.744267243000024],[120.26684709800008,14.744287855000039],[120.26686486200003,14.744291290000035],[120.26688795600012,14.744298160000028],[120.26691105000009,14.744306749000032],[120.26697855600003,14.74432392500006],[120.26699809700006,14.744327360000057],[120.26701586100012,14.744329077000032],[120.2670531660001,14.744329075000053],[120.26708336500008,14.74432048400007],[120.26709757600008,14.744315329000074],[120.26711001100011,14.744308457000045],[120.2671402100001,14.744305019000024],[120.26718462200006,14.744318761000045],[120.26721126900009,14.744334221000031],[120.26722370400012,14.744339374000049],[120.26723791600011,14.744342809000045],[120.267252127,14.744342808000056],[120.26728055000001,14.744346243000052],[120.26730009100004,14.744346242000063],[120.26733384400006,14.744351394000034],[120.26737292600001,14.744361699000024],[120.26739069100006,14.744368570000063],[120.2674439860001,14.744399490000035],[120.26747773900001,14.744423539000024],[120.26753991700002,14.74447163800005],[120.26759321300005,14.74450943000005],[120.26762341400001,14.744538634000037],[120.26766072200007,14.744590170000038],[120.26771757200004,14.74465544900005],[120.26777975100003,14.744710419000057],[120.26781528200002,14.744748212000047],[120.26785259000007,14.74478085100003],[120.26787390900006,14.744804901000066],[120.2679099400001,14.744829065000033],[120.26792592800007,14.744844526000065],[120.26794369400011,14.74485826800003],[120.26802718900001,14.744909802000052],[120.26805916700005,14.744939005000049],[120.268137335,14.745019744000047],[120.26822794000009,14.74512968700003],[120.26826347000008,14.745162325000024],[120.2682830120001,14.745177786000056],[120.26830077700004,14.745188092000035],[120.26833630700003,14.745201834000056],[120.26841447100003,14.745212137000067],[120.26846598800012,14.745212134000042],[120.26848730500001,14.745208697000066],[120.26850506900007,14.745200107000073],[120.26852105600005,14.74518979800007],[120.26856013600002,14.745148565000022],[120.26858145300002,14.74513997400004],[120.26860099300006,14.745134820000033],[120.2686418510001,14.745129663000057],[120.26873067400004,14.745138248000046],[120.26883370900009,14.745139960000074],[120.26890832000004,14.745143392000045],[120.26897049600007,14.745148542000038],[120.26901313200005,14.745155411000042],[120.26907828300011,14.745160139000063],[120.26911736500006,14.745173881000028],[120.26914046000002,14.745185905000028],[120.26917954300006,14.745209954000075],[120.26920796700006,14.745220260000053],[120.26923283700012,14.745215104000067],[120.26925415300002,14.745203077000042],[120.26926303500011,14.745204795000063],[120.26927191800007,14.745213384000067],[120.26929679000011,14.745247741000071],[120.26931277900007,14.745252894000032],[120.26932166100005,14.745251176000068],[120.26933409500009,14.745240867000064],[120.26933409500009,14.745235713000056],[120.2693269880001,14.745211663000077],[120.26932876300009,14.745201355000063],[120.26933409200001,14.745191047000048],[120.2693429740001,14.745184175000077],[120.26935363200005,14.745182456000066],[120.26936606800007,14.745187609000027],[120.26938028000006,14.74519619800003],[120.26939271600008,14.745209941000041],[120.26940159900005,14.745230555000035],[120.2694051530001,14.745246017000056],[120.26941048300012,14.745256324000025],[120.26942114200006,14.745264913000028],[120.26943180100011,14.745270066000046],[120.2694460130001,14.745271783000021],[120.26951707,14.745271779000063],[120.26968760800003,14.745263179000062],[120.26974623100011,14.745263175000048],[120.26978353600009,14.745261455000048],[120.2698759110001,14.745254577000026],[120.269961179,14.745245982000029],[120.27003934300001,14.74524425900006],[120.27006598900005,14.745239104000063],[120.27007842400008,14.74522879500006],[120.27008197600003,14.745220205000066],[120.27008730500006,14.745213333000038],[120.27009618700004,14.74520817900003],[120.2701068450001,14.745204742000055],[120.27011928000002,14.745203023000045],[120.27014059800001,14.745204740000077],[120.27016191500002,14.745194431000073],[120.27016724300006,14.745185841000023],[120.27017257200009,14.745172097000022],[120.27017967600011,14.745144610000068],[120.27019033400006,14.74513773700005],[120.27022408700009,14.745134299000028],[120.27024007400007,14.745129144000032],[120.27024718000007,14.745123990000025],[120.27025961400011,14.74510852800006],[120.27026316600006,14.745099938000067],[120.27032178400009,14.745022626000036],[120.27034861600009,14.745007164000071],[120.27035749800007,14.74500544600005],[120.27038059200004,14.745005444000071],[120.27038947400001,14.745008879000068],[120.2704250050001,14.74503980000003],[120.2704463230001,14.74505182400003],[120.27046231100007,14.745056977000047],[120.2705085,14.745067282000036],[120.27052093500004,14.745072435000054],[120.27054935800004,14.745077587000026],[120.2705600170001,14.745077586000036],[120.27057778200003,14.74508617400005],[120.27059021700006,14.745087891000026],[120.27059909900004,14.745086173000061],[120.2706168630001,14.745079300000043],[120.27063285100007,14.745077581000032],[120.27065594500004,14.745086169000047],[120.27066660500009,14.74509475800005],[120.27067548800005,14.745110219000026],[120.27068792400007,14.74512052600005],[120.27070568800002,14.745122243000026],[120.27071634700008,14.74511880600005],[120.27073588700011,14.745115369000075],[120.27074476900009,14.745115368000029],[120.27076608700008,14.745120521000047],[120.27081227700012,14.745156594000036],[120.27082826600008,14.745166901000061],[120.27084070100011,14.745172054000022],[120.27085136000005,14.745173771000054],[120.27087267700006,14.745172052000044],[120.27090465200001,14.745156588000043],[120.2709348510001,14.745153150000021],[120.27096860400002,14.74515830200005],[120.2710201220001,14.745170324000071],[120.27103611000007,14.745175476000043],[120.27106808600001,14.745180628000071],[120.2710769680001,14.745177191000039],[120.27108229700002,14.745170319000067],[120.27108584900009,14.745161729000074],[120.27108584900009,14.74515314000007],[120.2710929540001,14.745141114000035],[120.27110183500008,14.745134241000073],[120.27111249400002,14.74513080500003],[120.27115512800003,14.745130802000062],[120.27118710500008,14.745135953000045],[120.27120309300005,14.745141106000062],[120.27126349500008,14.745173743000066],[120.27130080100005,14.745187484000041],[120.2713114600001,14.745187483000052],[120.27135231800003,14.745178890000034],[120.27138074100003,14.745177170000034],[120.27142337600003,14.745182321000073],[120.27143758800003,14.745185756000069],[120.27145931300004,14.74520269900006],[120.27147225400006,14.745218788000045],[120.2714888920001,14.745231300000057],[120.27149998400012,14.745234875000051],[120.27150922700002,14.745234875000051],[120.27153510800008,14.745231297000032],[120.27155174500001,14.745236659000057],[120.27158317300007,14.745254534000026],[120.27162014700002,14.745281348000049],[120.2716608180001,14.745302797000022],[120.27167930500002,14.745309947000067],[120.27174400800004,14.745345697000062],[120.27176249500008,14.74535284600006],[120.27180316500005,14.745361782000032],[120.27186601800008,14.745367141000031],[120.27192702100001,14.74536177300007],[120.27199911600007,14.745343891000061],[120.2720490260001,14.745324222000022],[120.27208599800008,14.745313493000026],[120.27211002900003,14.745311704000073],[120.27214145500011,14.745306339000024],[120.27217472900008,14.745297398000048],[120.27219506400002,14.745293821000075],[120.2722283380001,14.745283092000022],[120.27226161200008,14.745270575000063],[120.272317068,14.745243756000036],[120.27232815900004,14.74523660400007],[120.27237067500005,14.745222299000034],[120.27244461700002,14.745191902000045],[120.27248343600002,14.745170447000078],[120.27252040700012,14.745152567000048],[120.27258880300008,14.745123958000022],[120.2726405620001,14.745098926000026],[120.27276626100002,14.745018469000058],[120.27286053600005,14.744952316000024],[120.272882718,14.744941588000074],[120.27290859800007,14.744925496000064],[120.27306572300006,14.744837885000038],[120.27313042100002,14.744789611000044],[120.27317663300005,14.744730612000069],[120.27320066300001,14.744709157000045],[120.27321914800007,14.744696642000065],[120.27324565600009,14.744671178000033],[120.2732493530001,14.74466939000007],[120.27325489900011,14.744662239000036],[120.27327153500005,14.744649724000055],[120.27329186800011,14.744626482000058],[120.27331035100008,14.74458893800005],[120.27332143900003,14.74455318300005],[120.2733325270001,14.744508489000054],[120.27334546500003,14.744472733000066],[120.27335285800007,14.744456643000035],[120.27338243200006,14.744413735000023],[120.27341385500006,14.744377979000035],[120.27345267300007,14.744347584000025],[120.27348409800004,14.744327917000078],[120.27351367400001,14.744315400000062],[120.27354140200009,14.744306460000075],[120.27356728200004,14.744302882000056],[120.27358022300007,14.744302881000067],[120.27361534600004,14.744308242000045],[120.27363198400008,14.744315391000043],[120.27366895700004,14.744324327000072],[120.27367820000006,14.744324326000026],[120.27370038300012,14.74431717400006],[120.27372256500007,14.744304658000033],[120.27375029300003,14.744295717000057],[120.27379096100003,14.744290351000075],[120.27382978100002,14.744281409000052],[120.2738686020001,14.744281406000027],[120.27389263500004,14.744302857000037],[120.27390187800006,14.744304644000067],[120.27392221200012,14.744297491000054],[120.27394994000008,14.744283187000065],[120.27396288000011,14.744279611000024],[120.27399245700008,14.744277820000036],[120.27400724600011,14.74428318200006],[120.27401833900001,14.744290332000048],[120.27402943100003,14.74430284600004],[120.27403867500004,14.74431714700006],[120.27405161600007,14.744327872000042],[120.27406640600009,14.744333234000067],[120.27409598300005,14.744333231000041],[120.2741625320001,14.74432428700004],[120.27417547200002,14.744326074000071],[120.27419395900006,14.744331436000039],[120.27420689900009,14.74433143500005],[120.27422908200003,14.744327858000077],[120.27426050600002,14.744309978000047],[120.2743344480001,14.744283156000051],[120.27434369100001,14.744283155000062],[120.27435293400004,14.74428851700003],[120.27436957300006,14.744302818000051],[120.27438436200009,14.744309968000039],[120.27439915100001,14.744315330000063],[120.27441394000004,14.744317116000047],[120.27443982000011,14.744304600000078],[120.27446015200007,14.744283145000054],[120.27447309200011,14.744272418000037],[120.27448603100004,14.744267054000034],[120.27449712300006,14.744263477000061],[120.2745119110001,14.744261688000051],[120.2745599750001,14.744261684000037],[120.27459324900008,14.744258106000075],[120.27462652400004,14.74425810300005],[120.27464501100008,14.744259890000023],[120.27468383200005,14.744268825000063],[120.27473744300005,14.744284910000033],[120.27477256700001,14.744292058000042],[120.27488533200005,14.744292048000034],[120.2749056670001,14.744286683000041],[120.27493894000008,14.744272379000051],[120.27496297100004,14.744250924000028],[120.27497406100008,14.744238409000047],[120.27498699900002,14.74421516700005],[120.27499808800007,14.744179412000051],[120.27501102700012,14.744159746000037],[120.27505539200001,14.744140077000054],[120.27507757500007,14.744134712000061],[120.27509975800001,14.744138285000076],[120.27512379200004,14.744152585000052],[120.27513488400007,14.74416152200007],[120.27514597700008,14.744175823000035],[120.27515892100007,14.744215152000038],[120.27516631600008,14.744224090000046],[120.2751774090001,14.744233028000053],[120.27519035000012,14.744238390000078],[120.27520698800004,14.744241964000025],[120.27522917200008,14.744254476000037],[120.27528978700002,14.744258047000073],[120.27529533400002,14.744266985000024],[120.27531936800005,14.74428486100004],[120.27533600600009,14.744293798000058],[120.27537297900005,14.744309884000074],[120.27542104500003,14.744325970000034],[120.27543583400006,14.744333119000032],[120.27546541400011,14.744352782000021],[120.27548390000004,14.74436171900004],[120.2755171770001,14.74438138100004],[120.27556339400007,14.74440104200005],[120.27561515600007,14.744417127000077],[120.27564473400002,14.744422487000065],[120.27572052700009,14.744420693000052],[120.27575010400005,14.744422478000047],[120.27580186600005,14.744429625000066],[120.27585362700006,14.744433195000056],[120.27587765900012,14.744431406000047],[120.27589984100007,14.744426041000054],[120.27594050800008,14.744404584000051],[120.275955296,14.744393857000034],[120.27597563000006,14.744383128000038],[120.27604772000007,14.744331278000061],[120.27608838700007,14.744313397000042],[120.27610502400012,14.744308033000038],[120.27613460100008,14.744302667000056],[120.27616787600004,14.744302664000031],[120.27618821100009,14.744306237000046],[120.27623072900008,14.744316960000049],[120.27628249100007,14.744333045000076],[120.27634164800008,14.744347341000037],[120.27637122600004,14.744352702000072],[120.2764008040001,14.744354487000066],[120.27645071600011,14.744352695000032],[120.2765302030001,14.744334810000055],[120.27657641700011,14.744318716000066],[120.27661893300001,14.744297260000053],[120.2766891760001,14.744257923000077],[120.27671135800006,14.744248983000034],[120.27675202600005,14.744236465000029],[120.276776057,14.744232887000067],[120.27693133900004,14.744218571000033],[120.27698310000005,14.744216778000066],[120.27706258900002,14.74420962000005],[120.27713283600008,14.744206037000026],[120.27715686800002,14.744206035000047],[120.2771956900001,14.744213182000067],[120.27723081500005,14.744225693000033],[120.27727518400002,14.744247142000063],[120.27729736900005,14.744259654000075],[120.27736392100007,14.744282888000043],[120.2773805600001,14.744291825000062],[120.277397199,14.744307913000057],[120.2774282790001,14.744334077000076],[120.27748004300008,14.74436625100003],[120.27750962200003,14.74437518700006],[120.27756877800005,14.744387695000057],[120.27762423800004,14.744407355000021],[120.27766490800002,14.744419865000054],[120.27768524300006,14.744423439000059],[120.27770557800011,14.744423437000023],[120.27772036700003,14.744421647000024],[120.27774994300012,14.744410918000028],[120.27779061000001,14.744393037000066],[120.27780355000004,14.744384097000022],[120.27781648900009,14.744378733000076],[120.27784421600006,14.744360853000046],[120.27787009400004,14.744339397000033],[120.27791075900006,14.744294700000069],[120.27794033200007,14.744251792000057],[120.27796251200004,14.744224974000076],[120.27799578200006,14.744176702000061],[120.27803459600011,14.744112340000072],[120.27807155900007,14.744031889000041],[120.27808449700001,14.744006859000024],[120.27813440000011,14.74392461900004],[120.27816766700005,14.743854895000027],[120.27818614800003,14.743803049000064],[120.27820093100001,14.743745840000031],[120.27821386700009,14.743708297000069],[120.27822865200005,14.743674329000044],[120.27825082900006,14.743613544000027],[120.27827300400008,14.743540245000077],[120.2782970290001,14.743472309000026],[120.2783136590001,14.743407949000073],[120.27832105200002,14.743386496000028],[120.27834507700004,14.743331074000025],[120.27836725600002,14.743291742000054],[120.27837649700007,14.74327207600004],[120.27839128400001,14.743248834000042],[120.27841531100012,14.743204138000067],[120.27842640000006,14.743177321000076],[120.27843564000011,14.743148716000064],[120.27844118300004,14.743125475000056],[120.27845596400005,14.743046813000035],[120.2784633550001,14.74301820900007],[120.2784818350001,14.74295384800007],[120.27849904700008,14.742912856000032],[120.27850828600003,14.742878888000064],[120.27853415400011,14.742766259000064],[120.2785489370001,14.74271083800005],[120.27856187000009,14.742644691000066],[120.27857664500004,14.742519549000065],[120.27861729200004,14.742310381000038],[120.27862098600008,14.742281778000063],[120.27862098100002,14.742233509000073],[120.27861357900008,14.742160213000034],[120.27861172500002,14.742117308000047],[120.27861911000002,14.742027921000044],[120.27863019600011,14.741972500000031],[120.27864497300004,14.741865235000034],[120.27865051100002,14.741791937000073],[120.27866343800008,14.741675487000066],[120.27865418900001,14.741616493000038],[120.27864493400011,14.741503867000063],[120.27864491600008,14.741335821000064],[120.27863566600001,14.741273252000042],[120.27862272300001,14.741241074000072],[120.2785986350001,14.740709086000038],[120.27859863100002,14.740666180000062],[120.27858197800003,14.740526739000074],[120.27858012700005,14.740499923000073],[120.27855607700008,14.740331879000053],[120.27854868000009,14.74030506400004],[120.27853758000003,14.74022283000005],[120.27852832100007,14.740070875000072],[120.27852831400003,14.74000651700004],[120.27852275700002,14.739899254000022],[120.27851720700005,14.73986171200005],[120.2785098060001,14.73979199200005],[120.27849685700005,14.739704394000057],[120.27848760000006,14.73957567900004],[120.2784820500001,14.739536350000037],[120.2784783510001,14.73951668500007],[120.27846355800011,14.739468418000058],[120.27846170400005,14.739425112000049],[120.27845985500005,14.739423325000075],[120.27844506100007,14.739366119000067],[120.27843581600007,14.739342880000038],[120.27841917100011,14.739273160000039],[120.27840252100009,14.739144446000068],[120.27839511700006,14.739056848000075],[120.27838587200006,14.739028245000043],[120.27837662700006,14.739012157000047],[120.27836553400005,14.738994281000032],[120.27834150000001,14.738963892000072],[120.2783267100001,14.73895137900007],[120.27828234300011,14.73893171800006],[120.27824537000004,14.738920996000047],[120.2782164140001,14.738910109000074],[120.2781803150001,14.73875565800006],[120.27823539600001,14.738730847000056],[120.2783386100001,14.738733883000066],[120.2785875400001,14.738736919000075],[120.27888807800002,14.738770312000042],[120.27924022200011,14.738806741000076],[120.27955290300008,14.738849241000025],[120.2797927250001,14.738906920000034],[120.28006290500002,14.739001027000029],[120.2803057640001,14.739104242000053],[120.28042112100002,14.739171028000044],[120.28056380100008,14.739304600000025],[120.28062451500011,14.739398708000067],[120.28068219400006,14.739532280000049],[120.28080058800003,14.739635495000073],[120.28099791000011,14.739747817000023],[120.28114969700005,14.73999978300003],[120.2812863050001,14.740187998000067],[120.28138041200009,14.740254784000058],[120.28154130600001,14.74026692700005],[120.28173255700005,14.740218355000025],[120.28191166500005,14.740245677000075],[120.2821029160001,14.740348892000043],[120.28220005900005,14.740391392000049],[120.2823518460001,14.740449071000057],[120.2825309540001,14.740558357000054],[120.28262809700004,14.740643357000067],[120.2827252410001,14.740743536000025],[120.28281327700006,14.740804251000043],[120.28290738500004,14.740819430000045],[120.28301667100004,14.740831573000037],[120.28316542200002,14.74084675100005],[120.28324435100001,14.740937823000024],[120.28335667300007,14.741031931000066],[120.2834325660001,14.741089610000074],[120.28352667400009,14.741165503000047],[120.28364810300002,14.741271754000024],[120.28371185300011,14.74131425400003],[120.28381810400003,14.741411397000036],[120.28409131900003,14.74151157600005],[120.28416721300005,14.741535862000035],[120.28424310600008,14.741532826000025],[120.28436149900006,14.74150854100003],[120.28449507100004,14.741472112000054],[120.28460132200007,14.741478183000027],[120.28466507200005,14.741505505000077],[120.28473793,14.74158139800005],[120.28476525100007,14.741696756000067],[120.28485025200007,14.74182425600003],[120.28492310900003,14.741872828000055],[120.2850354310001,14.741924436000033],[120.28513864600006,14.74197300700007],[120.28527829000006,14.742015507000076],[120.28536025500011,14.74203675800004],[120.28547257700006,14.742079258000047],[120.28553591700006,14.742192100000068],[120.28554337700007,14.742276016000062],[120.2855545650001,14.742389769000056],[120.28553979000003,14.742609916000049],[120.28558695700008,14.742723671000022],[120.28556198600006,14.742873494000037],[120.28552358600007,14.74323429900005],[120.2856452210001,14.743370130000073],[120.28577007400008,14.743408973000044],[120.28592544600008,14.743522727000027],[120.28599758300004,14.743647580000072],[120.28612243600003,14.74375023600004],[120.28628613100011,14.743800177000026],[120.28646647400001,14.743839020000053],[120.28671063000002,14.743883413000049],[120.28688542400005,14.743858442000032],[120.28701038000008,14.743808912000077],[120.28709295400006,14.743915080000022],[120.28882702500005,14.746056126000042],[120.28929888100004,14.746586964000073],[120.28981202400007,14.747029329000043],[120.29010103600001,14.74722396900006],[120.2902013050001,14.747312442000066],[120.29045492800003,14.747501184000043],[120.29073804100005,14.747713520000048],[120.2908501070001,14.747908160000065],[120.29095037600007,14.748161783000057],[120.29092678400002,14.748374118000072],[120.2908678020001,14.74856286000005],[120.290661365,14.748757501000057],[120.29044313100007,14.74885777000003],[120.29017771200006,14.748893159000033],[120.28995358100008,14.748840076000022],[120.28975894000007,14.748722112000053],[120.28950531800001,14.74853926700007],[120.28925169500008,14.748427202000073],[120.28907474900006,14.748403609000036],[120.28879753400008,14.748403609000036],[120.28856160600003,14.748444896000024],[120.28829618700001,14.74856286000005],[120.28772504500012,14.748885295000036],[120.2873003740001,14.749081902000057],[120.28711949600006,14.749129087000028],[120.28697794000004,14.749152680000066],[120.28685211100003,14.749129087000028],[120.28669482600003,14.749046513000053],[120.28643923700008,14.748798788000045],[120.28628981600002,14.748684756000046],[120.2861089380001,14.748641503000044],[120.28585728200005,14.748625774000061],[120.28566067500003,14.748653299000068],[120.28542474700009,14.748716213000023],[120.28513376900003,14.748826313000052],[120.28488604500001,14.748912820000044],[120.28470516700008,14.74891675200007],[120.28454001700004,14.748889227000063],[120.28432375000011,14.748802720000072],[120.28409568600011,14.748728010000036],[120.283922673,14.748672960000022],[120.28371033700012,14.748676892000049],[120.28350979900006,14.748747670000057],[120.28333285300005,14.74887743100004],[120.28324241400003,14.748960006000061],[120.28319129600004,14.749093698000024],[120.28313231400011,14.749270644000035],[120.28314411000008,14.749447590000045],[120.28319129600004,14.749612740000032],[120.2832345490001,14.749844735000067],[120.28320309200001,14.750080663000062],[120.2831119980001,14.750299552000058],[120.28303335500004,14.750391302000025],[120.2828839340001,14.75051975100007],[120.28268470600005,14.750614123000048],[120.28256412100006,14.750645580000025],[120.28242518500008,14.750653444000022],[120.28218139300009,14.75067703700006],[120.28200051500005,14.750698008000029],[120.28165186600006,14.750789758000053],[120.28148409500011,14.750868401000048],[120.2813084600001,14.750986365000074],[120.28104631800011,14.75120918500005],[120.28091262500004,14.75136647100004],[120.28078417600011,14.751573563000022],[120.28070291100005,14.751830462000044],[120.28065310400007,14.75206901200005],[120.28055611200011,14.752839710000046],[120.28055611200011,14.753025831000059],[120.28058232600006,14.753156902000057],[120.28073436900002,14.753531765000048],[120.28164208600003,14.754443302000027],[120.28272873100002,14.754998184000044],[120.28369977400007,14.755275625000024],[120.28513322000003,14.755553066000061],[120.287653309,14.754535783000051],[120.28873995300012,14.754790104000051],[120.289179235,14.754535783000051],[120.29021963900004,14.75386530000003],[120.29114444300001,14.753148577000047],[120.29285532900008,14.751599531000068],[120.29421941400005,14.750929049000035],[120.29495925700007,14.750304806000031],[120.29609214100003,14.749911765000036],[120.29692446500007,14.749611204000075],[120.29775678800002,14.749541844000078],[120.29854287100011,14.749703684000053],[120.29907463300003,14.749888645000055],[120.3002075170001,14.750304806000031],[120.30242704600005,14.750674728000035],[120.30353681000008,14.75076720800007],[120.30568697800004,14.751137130000075],[120.30832266800007,14.752362494000067],[120.3095017920001,14.75310233700003],[120.31019539500005,14.753148577000047],[120.31234556300001,14.753888420000067],[120.3137096480001,14.754142741000067],[120.31511997400003,14.754651383000066],[120.31687710100005,14.755160025000066],[120.3182874260001,14.755946108000046],[120.32043759400005,14.756940272000065],[120.32187104000002,14.758327477000023],[120.32330448500011,14.760547005000035],[120.32365128600009,14.760708846000057],[120.3254777730001,14.763737578000075],[120.33130403500002,14.767899193000062],[120.33345420400008,14.768014794000067],[120.33465644800003,14.76850031600003],[120.33745397900009,14.769193918000042],[120.33851750300005,14.769633200000044],[120.33897990500009,14.770026242000029],[120.34210111700008,14.771898969000063],[120.34251727800006,14.772638812000025],[120.34695633500007,14.773933536000072],[120.34734937700011,14.774210978000042],[120.35190109700011,14.775432171000034],[120.3549003820001,14.776319363000027],[120.3593488030001,14.776626151000073],[120.36058266300006,14.777602718000026],[120.36038040100004,14.777939821000075],[120.36055858500004,14.778305819000025],[120.36065971500011,14.778479186000027],[120.36077047800006,14.778546607000067],[120.36088605600003,14.778874078000058],[120.36090050300004,14.77910041900003],[120.36086197700001,14.779331575000072],[120.3608282670001,14.779620521000027],[120.36078010900007,14.780049123000026],[120.3606500840001,14.780453647000058],[120.36067897900011,14.780723330000058],[120.3608282670001,14.781002644000068],[120.3610064500001,14.781147116000056],[120.36119426500011,14.781262695000066],[120.3613483690001,14.781354194000073],[120.36144468400005,14.781440878000069],[120.36150728900009,14.781643140000028],[120.36146876300006,14.781749086000048],[120.3613531850001,14.781898375000026],[120.36132429000008,14.782004321000045],[120.3613435530001,14.782163242000024],[120.3613387370001,14.782336609000026],[120.36122315900002,14.782509976000028],[120.36122797500002,14.782615923000037],[120.36132910600008,14.782678528000076],[120.36143505300004,14.782721870000046],[120.36151692100009,14.78274594800007],[120.36156989400001,14.782827816000065],[120.36159397300003,14.78302044700007],[120.36168065600009,14.783275682000067],[120.36176252400003,14.783516470000052],[120.36182512900007,14.78361760100006],[120.36198404900006,14.783815047000076],[120.36199368100006,14.783988414000078],[120.36202739100008,14.78420993900005],[120.36203220700008,14.784450727000035],[120.36203702300008,14.784691515000077],[120.36193589200002,14.785124933000077],[120.36186365500009,14.785336827000037],[120.3618732870001,14.785543904000065],[120.3618877340001,14.785726903000068],[120.36195997000004,14.785938797000028],[120.36218631100007,14.786092901000075],[120.36228262600002,14.786203663000038],[120.36231633700004,14.786535951000076],[120.36226336300001,14.78660337100007],[120.36208518000001,14.786641897000038],[120.36201294400007,14.786743028000046],[120.36198886500006,14.786892317000024],[120.36199849600007,14.787080131000039],[120.36211889000003,14.787325735000024],[120.36217668000006,14.78752318100004],[120.36223928400011,14.787720627000056],[120.3622296530001,14.787898811000048],[120.36219112700007,14.788115520000076],[120.36214296900005,14.788375571000074],[120.36208036400001,14.788741568000034],[120.36203220700008,14.788977541000065],[120.36202739100008,14.789141276000066],[120.36199849600007,14.789367617000039],[120.36207073300011,14.789709536000032],[120.36211889000003,14.789916614000049],[120.36221520600009,14.790128507000077],[120.36232596800005,14.790263348000053],[120.3624174680001,14.790350032000049],[120.36256194000009,14.790504136000038],[120.3625812030001,14.790687135000042],[120.36257157200009,14.790855687000033],[120.36252341400007,14.791009791000022],[120.36207073300011,14.79162580700006],[120.36185241800001,14.791779911000049],[120.36159236700007,14.791898700000047],[120.36127773800001,14.791991804000077],[120.36113968600012,14.792120225000076],[120.36110758100006,14.792184435000024],[120.36112684400007,14.792261487000076],[120.36115573900008,14.792486222000036],[120.36114931800012,14.792743063000046],[120.36109152900008,14.792929272000038],[120.36097595000001,14.793080166000038],[120.36076726700003,14.79325353300004],[120.36068058400008,14.793282428000055],[120.36059711100006,14.793295270000044],[120.36051363700005,14.793308112000034],[120.36043337500007,14.793340217000036],[120.3603081650001,14.793378743000062],[120.36017332400002,14.793460611000057],[120.36005774600005,14.793590636000033],[120.35998550900001,14.793730293000067],[120.35993253600009,14.793889213000057],[120.35986511500005,14.794038502000035],[120.35974472100008,14.794149264000055],[120.359624327,14.794192606000024],[120.35953282800006,14.794216685000038],[120.35939798700008,14.79423113200005],[120.35927277700011,14.794192606000024],[120.35914275100004,14.794110738000029],[120.3590608830001,14.794033686000034],[120.35894049000001,14.79396145000004],[120.35876230600002,14.793922924000071],[120.35859857100002,14.79396626600004],[120.35848780800006,14.794081844000061],[120.35839149300011,14.794274474000076],[120.35834815100009,14.794385237000029],[120.35828554600005,14.794539341000075],[120.35825183600002,14.794678998000052],[120.35826146700003,14.794770497000059],[120.35830962500006,14.794895707000023],[120.35839149300011,14.794977575000075],[120.35851188700008,14.795016101000044],[120.35867080700007,14.795093153000039],[120.35870933300009,14.795227994000072],[120.35862264900004,14.795343573000025],[120.35842520300002,14.79536765100005],[120.35827109900004,14.795435072000032],[120.35813144200006,14.795468782000057],[120.35796770600007,14.795483230000059],[120.35782804900009,14.795502493000072],[120.3576787610001,14.795507308000026],[120.35738981500003,14.795516940000027],[120.35721644800003,14.795627702000047],[120.35710087000007,14.795786622000037],[120.35710568500008,14.795950358000027],[120.35712976400009,14.796106870000074],[120.35718033,14.79624412000004],[120.35719477700002,14.796345251000048],[120.3571369880001,14.796496947000037],[120.35703585700003,14.796569183000031],[120.35689138400005,14.796728103000078],[120.35684081900001,14.796887023000068],[120.3567974770001,14.797024273000034],[120.35649408400002,14.79727710000003],[120.35621236200006,14.797327665000068],[120.35584395600006,14.797349336000025],[120.35523717100011,14.797349336000025],[120.35501323800008,14.797320442000057],[120.35474596300003,14.797291547000043],[120.35452925400011,14.797219311000049],[120.35422586100003,14.797154298000066],[120.35395858700008,14.797139851000054],[120.35377077200008,14.797284324000032],[120.3538068900001,14.797479362000047],[120.35397303400009,14.797580493000055],[120.35418252000011,14.797623835000024],[120.35418252000011,14.797797202000027],[120.35419696700001,14.798013911000055],[120.35442812300005,14.798086147000049],[120.35467372700009,14.79809337100005],[120.35496267300005,14.798107818000062],[120.3552155000001,14.798115042000063],[120.3554033150001,14.798216173000071],[120.35533107800006,14.798512342000038],[120.35528051300003,14.79869293300004],[120.35512881600005,14.798815735000062],[120.35491933100002,14.79884462900003],[120.3546881740001,14.798822959000063],[120.35455814900001,14.798794064000049],[120.35430532100008,14.798830182000074],[120.35417529600011,14.798902419000058],[120.35409583600006,14.799054115000047],[120.35411750700007,14.799184140000023],[120.35431254500008,14.799314166000045],[120.35458704300004,14.799473086000035],[120.35481820000007,14.799574217000043],[120.3552082760001,14.799754808000046],[120.35534552500008,14.799971517000074],[120.35536719600009,14.800166555000033],[120.35525161800001,14.800361594000037],[120.35495544900004,14.800636092000047],[120.3546881740001,14.800773341000024],[120.35431254500008,14.801047839000034],[120.35429870000007,14.801299262000043],[120.35448651400009,14.801337788000069],[120.35466951300009,14.801414840000064],[120.3548621440001,14.801520787000072],[120.35497290600006,14.801626734000024],[120.35497772200006,14.80177602200007],[120.3548621440001,14.801886785000022],[120.35471285500012,14.802069783000036],[120.35465988200008,14.80221907200007],[120.35463098700006,14.802382808000061],[120.35453467200011,14.802503202000025],[120.35441427800004,14.802623596000046],[120.35314953900001,14.805819454000073],[120.3527594630001,14.806355809000024],[120.35227186700001,14.806892164000033],[120.35181677800006,14.807038443000067],[120.35157298000001,14.807087202000048],[120.35124791600003,14.807005936000053],[120.35087409300002,14.80682715100005],[120.35056528300004,14.806632113000035],[120.34920438900008,14.806614113000023],[120.34896089400002,14.806504147000055],[120.34873310800003,14.806417746000022],[120.34829324600003,14.806127123000067],[120.34793193000007,14.805679405000035],[120.34776698200005,14.805451620000042],[120.3473585380001,14.805082449000054],[120.34709933300007,14.804799681000077],[120.34675372700008,14.804477639000027],[120.34635313800004,14.804289126000072],[120.34592113100007,14.804328400000031],[120.34558337900012,14.804391237000061],[120.34530846500002,14.804540476000057],[120.34486074800009,14.804540476000057],[120.3445387060001,14.804312690000074],[120.3441695360001,14.804163451000022],[120.34373752800002,14.804265562000069],[120.34336835800002,14.804320545000053],[120.34288922200005,14.804516912000054],[120.34266143600007,14.804791826000042],[120.34243365000009,14.805051031000062],[120.34188382200011,14.805051031000062],[120.34134914300012,14.80509065700005],[120.341887885,14.805336939000028],[120.34228809300009,14.805675577000045],[120.34225730700007,14.806091177000042],[120.34153385400009,14.80699934200004],[120.34114903900002,14.808061433000034],[120.34104129000002,14.808892635000063],[120.34110286100008,14.80956991000005],[120.34131835800008,14.810093259000041],[120.34165699500011,14.810832105000031],[120.34170317300004,14.81214047800006],[120.341456891,14.813171784000076],[120.3412260020001,14.813479636000068],[120.34084118600003,14.813464243000055],[120.34033323000006,14.813171784000076],[120.3399484140001,14.81283314600006],[120.33947124300005,14.812756183000033],[120.33925574600005,14.813294924000047],[120.339532813,14.813664347000042],[120.33950202800008,14.813972200000023],[120.33910182000011,14.814341623000075],[120.33874779000007,14.815157432000035],[120.33860925600004,14.815757744000052],[120.33851690000006,14.816188737000061],[120.33830140400005,14.81669669400003],[120.33833218900008,14.817343184000038],[120.33865543400009,14.817681822000054],[120.33964056200011,14.817851141000062],[120.34021008900004,14.817820355000038],[120.34087197100007,14.817327791000025],[120.34121060900009,14.816973761000042],[120.34168778000003,14.816866013000038],[120.34216495200008,14.817204651000054],[120.3426113380001,14.817112295000072],[120.34285762000002,14.81688140500006],[120.3434197360001,14.816588376000027],[120.34375267200005,14.816611179000063],[120.34447327500004,14.816766246000043],[120.34483813700001,14.816957798000033],[120.34503425100002,14.817153912000038],[120.34505705400011,14.817368268000052],[120.34494759600011,14.817559821000032],[120.34484725900006,14.817828907000035],[120.34476060400004,14.818093432000069],[120.34467851000011,14.818430929000044],[120.34444135000001,14.818663529000048],[120.34423155400009,14.818754745000035],[120.34411297400004,14.818750184000066],[120.34386213100004,14.81876386600004],[120.34346534300005,14.818891568000026],[120.34353831600004,14.819092242000067],[120.34372986800008,14.819302038000046],[120.343848449,14.81953919800003],[120.34398983300002,14.819762676000039],[120.34398983300002,14.82010017400006],[120.34390773900009,14.820328213000039],[120.34368882100011,14.820401185000037],[120.3435656800001,14.820492401000024],[120.34364321400005,14.820633785000041],[120.34367057800011,14.820829898000056],[120.34375723300002,14.821003208000036],[120.34395334600003,14.821167396000021],[120.344226993,14.821349827000063],[120.3443546950001,14.821377191000067],[120.34477884700004,14.821368070000062],[120.34495671700006,14.821363509000037],[120.34508441900005,14.821518575000027],[120.34522580300006,14.821710128000063],[120.3454538420001,14.821897120000074],[120.34579134,14.82200657900006],[120.34603673600009,14.822050736000051],[120.34604643800003,14.822104410000065],[120.3460659640001,14.82215790600003],[120.3460683610001,14.822194684000067],[120.34605622100003,14.822260205000077],[120.34603999000001,14.822308171000032],[120.34598315000005,14.822372247000033],[120.3458029090001,14.82250377400004],[120.34566341900006,14.822616391000054],[120.34564215400007,14.822654787000033],[120.34563246800008,14.822691189000068],[120.34556421200011,14.82281067100007],[120.34553187800009,14.822857551000027],[120.34542999700011,14.822941377000063],[120.34535474300003,14.823044497000069],[120.3450332320001,14.823400108000044],[120.34495541600006,14.823476571000072],[120.34490512000002,14.823515259000033],[120.34487416900004,14.823575872000049],[120.34483548000003,14.823615850000067],[120.34479550200001,14.823633905000065],[120.34476584100003,14.82366614600005],[120.34476326200001,14.823691938000024],[120.3447529450001,14.823743523000076],[120.34471941400011,14.823800266000035],[120.34467762100007,14.82389211700007],[120.3446471950001,14.824009186000069],[120.34463300900006,14.824102039000024],[120.34462890800012,14.824199013000054],[120.34463300900006,14.82426711000005],[120.34464352200007,14.824330541000052],[120.34467685700008,14.824445079000043],[120.3447181250001,14.824501822000059],[120.34474778600008,14.824523746000068],[120.3447903440001,14.824545669000031],[120.34481484600008,14.82456372400003],[120.34482774300011,14.824585648000038],[120.34482129500009,14.824614019000023],[120.34482516300011,14.824660446000053],[120.34484063900004,14.82470042400007],[120.34486772100001,14.824736534000067],[120.34490125100001,14.824748140000054],[120.34494767800004,14.82478296000005],[120.3449683120001,14.824812622000024],[120.34498765600006,14.824857758000064],[120.34503795100011,14.824901606000026],[120.34508308800002,14.824929977000068],[120.34512177700003,14.824957059000042],[120.3451411210001,14.82497382500003],[120.34514499000011,14.825009934000036],[120.34514757000011,14.825033147000056],[120.34516433500005,14.825052492000054],[120.34519399600003,14.825055071000065],[120.34521978900011,14.825052492000054],[120.34524429100009,14.825073126000063],[120.3452481600001,14.825104077000049],[120.34521205100009,14.825135028000034],[120.34520689200008,14.825163399000076],[120.34520431300007,14.82519564000006],[120.34522236800001,14.825213695000059],[120.34524687100009,14.825229170000057],[120.34527395300006,14.825226591000046],[120.34532295800011,14.82521498400007],[120.3453564890001,14.825227881000046],[120.34540678400003,14.825270438000075],[120.3455009270001,14.825355553000065],[120.34554735300003,14.825367160000042],[120.34559378000006,14.825372319000053],[120.34568018400012,14.825376187000074],[120.3457472450001,14.82538908400005],[120.3457846440001,14.82540842800006],[120.34582204300011,14.825443248000056],[120.34584396700006,14.825481937000063],[120.3458517040001,14.82551417700006],[120.34584783600008,14.825552866000066],[120.34584009800005,14.825594134000028],[120.34582462200001,14.825631533000035],[120.34577174800006,14.825671511000053],[120.34566213000005,14.825720517000036],[120.34527653200007,14.82587914100003],[120.34522881600003,14.82590364400005],[120.34520173400006,14.825930726000024],[120.34515988800001,14.826001423000037],[120.34512091700003,14.826137822000021],[120.34498451800005,14.826420362000022],[120.34491027900003,14.82652911200006],[120.34480195000003,14.826640019000024],[120.34474262800006,14.826707080000062],[120.3445704510001,14.826824686000066],[120.34448341300003,14.826856676000034],[120.34436585300011,14.826883142000042],[120.34424225300006,14.826877310000043],[120.34417906200008,14.826869572000078],[120.34411741300005,14.826853914000026],[120.34405138900001,14.82680638100004],[120.34399075700003,14.826771101000077],[120.34390308200011,14.82674447900007],[120.34385278700006,14.826752217000035],[120.34377540900005,14.826754796000046],[120.34368900400011,14.826739320000058],[120.34363613000005,14.826745768000023],[120.34355233300005,14.826780843000051],[120.34339626000008,14.826870862000021],[120.34323118800012,14.82699724500003],[120.34316928600003,14.827051409000035],[120.34314091400006,14.82710815300004],[120.34312543900012,14.827158448000034],[120.3431164110001,14.827264197000034],[120.34312028000011,14.82732481000005],[120.34313575600004,14.82740605600003],[120.34319378900011,14.827544046000071],[120.34319184800006,14.827599616000043],[120.34316541700002,14.827643347000048],[120.34316670700002,14.827693642000042],[120.34318476100009,14.827718145000063],[120.34320677200003,14.827726475000077],[120.34325569100008,14.82773491000006],[120.34331124500011,14.827733937000062],[120.34337175700011,14.827759413000024],[120.34341560400003,14.827774889000068],[120.34352018900006,14.82782721600006],[120.34357988700003,14.827842141000076],[120.3436470480001,14.827842141000076],[120.3437212450001,14.827847108000071],[120.34374405800008,14.827860797000028],[120.34394180900006,14.828006311000024],[120.34421791400007,14.828241374000072],[120.34423451600003,14.828267525000058],[120.34424741200007,14.828326848000074],[120.3442514950001,14.828368233000049],[120.34424776300011,14.828461512000047],[120.34422537700004,14.828551060000052],[120.34418060300004,14.82864433800006],[120.34409105500004,14.828756273000067],[120.34404628100003,14.828849552000065],[120.34403135700006,14.828998798000043],[120.3440649370001,14.82915177500007],[120.34405001200003,14.82926744100007],[120.3441134420001,14.829401762000032],[120.34413209800005,14.829584588000046],[120.34417687200005,14.829703985000037],[120.344244032,14.829778608000026],[120.34424776300011,14.829856962000065],[120.34421418300008,14.829939048000028],[120.34416940900007,14.83006217600007],[120.34417314000007,14.830162917000052],[120.3441134420001,14.830218884000033],[120.34412836700005,14.830278583000052],[120.34400897000012,14.83031216300003],[120.343915691,14.830476334000025],[120.34389703500005,14.830573344000072],[120.34383360600009,14.83074124500007],[120.34383360600009,14.830815868000059],[120.34377017600002,14.830853180000076],[120.34375525200005,14.83099123200003],[120.3437851010001,14.831084511000029],[120.34372167100003,14.831159134000075],[120.3436880910001,14.831218833000037],[120.34366570400005,14.831274800000074],[120.34363958600011,14.83136061600004],[120.34357615600004,14.831431508000037],[120.34345302800011,14.831528518000027],[120.3433187070001,14.831606872000066],[120.34323289000008,14.831640453000034],[120.34315826700004,14.83163299000006],[120.34310230000006,14.831610604000048],[120.34305379500006,14.831569561000038],[120.34297917200001,14.831539712000051],[120.3428933560001,14.831532249000077],[120.34276276500009,14.831554636000021],[120.34257620800008,14.83161433500004],[120.34239338100008,14.831759850000026],[120.34214889500004,14.831915904000027],[120.342050115,14.831976256000075],[120.34186355800011,14.832121771000061],[120.3417777410001,14.832222512000044],[120.34170311800005,14.832349371000078],[120.34169938700006,14.832427726000049],[120.34171058100003,14.83250608000003],[120.34174416100007,14.832614283000055],[120.34179639700005,14.83273741100004],[120.3419642990001,14.832923969000035],[120.34222548000002,14.833270966000043],[120.34231875800003,14.833412750000036],[120.3423900470001,14.833499234000044],[120.34257425300007,14.833627377000028],[120.34263963700005,14.833707511000057],[120.34267837000004,14.833811584000046],[120.34269933600001,14.833875412000054],[120.34273443300003,14.83401180800007],[120.34274784100012,14.834084357000052],[120.34273443300003,14.834179996000046],[120.34264633400005,14.834332166000024],[120.34255022700006,14.834412256000064],[120.3423820380001,14.83447632800005],[120.34199760800004,14.834460310000054],[120.34162919500011,14.834420265000062],[120.34140494400003,14.83442827400006],[120.34110060400008,14.834556417000044],[120.3409804690001,14.834716597000067],[120.34064409200005,14.835004920000074],[120.34045988600008,14.835309260000031],[120.34038780500009,14.835501476000047],[120.3402676710001,14.835717718000069],[120.33995532100005,14.836062103000074],[120.3395789000001,14.836286354000038],[120.33938668500002,14.836518614000056],[120.33925053200005,14.836686803000077],[120.33917044200007,14.836983134000036],[120.33919446900006,14.837271457000043],[120.33921849600006,14.837623852000036],[120.33929858600004,14.837896157000046],[120.33930659500004,14.838080363000074],[120.33934664000003,14.838480811000068],[120.33930659500004,14.838729089000026],[120.33921849600006,14.838905286000056],[120.33909836200007,14.839225645000056],[120.33900225400009,14.839353789000029],[120.33894229900011,14.83947762300005],[120.3388428180001,14.839582631000042],[120.33874886400008,14.839720799000077],[120.3387433370001,14.839770539000028],[120.33874886400008,14.839828570000066],[120.33876544400005,14.83989489000004],[120.33882347400004,14.840038585000059],[120.33896164200007,14.840295577000063],[120.33903625300002,14.840442035000024],[120.3391025730001,14.840602310000065],[120.3391578400001,14.840845485000045],[120.33916060400009,14.84093667600007],[120.33914955000012,14.841088661000072],[120.33912468000005,14.841199195000058],[120.33908875700001,14.841282096000043],[120.3390555960001,14.841398157000071],[120.3390555960001,14.841486584000052],[120.33855689400002,14.841349239000067],[120.338526107,14.841575943000066],[120.33852890600008,14.841766262000021],[120.33854849800002,14.841936989000033],[120.33857648600008,14.842116113000031],[120.33858488200008,14.84217768700006],[120.33857368700001,14.842244859000061],[120.33853730200008,14.842340018000073],[120.33841415500001,14.842479959000059],[120.33832459300004,14.84252753800007],[120.33821543900001,14.842555527000059],[120.33817345700004,14.842561124000042],[120.33808669400003,14.842566722000072],[120.33797474100004,14.842558325000027],[120.33788518000006,14.842563923000057],[120.33778442200003,14.842600307000055],[120.33764728100005,14.842670278000071],[120.33749614500005,14.84274584600007],[120.33740098500004,14.842787828000041],[120.33729463100008,14.842827011000054],[120.33630120900011,14.842825056000038],[120.33637309300002,14.843062273000044],[120.33646294800008,14.843166504000067],[120.33659233900005,14.84326354700005],[120.33670735300007,14.843364185000041],[120.33678283100005,14.843443257000047],[120.33685830900004,14.843507952000039],[120.3369265980001,14.843590619000054],[120.33696972900009,14.843755951000048],[120.33704161200001,14.843770328000062],[120.3371170900001,14.843838618000063],[120.33712427900002,14.843957226000043],[120.33712068500006,14.84406864600004],[120.33714584400002,14.844140530000061],[120.33721772800004,14.844205225000053],[120.3373075830001,14.84425913800004],[120.337411814,14.844338210000046],[120.33750526300003,14.844517920000044],[120.33757714700005,14.844647311000074],[120.33768137800007,14.844791078000071],[120.33763465400011,14.844916875000024],[120.33757355300008,14.845013918000063],[120.33751245100007,14.845118150000076],[120.33742619100008,14.845200816000045],[120.33739743700005,14.845301453000047],[120.33742797900004,14.845391208000024],[120.33738652900001,14.84541331500003],[120.33731986500004,14.845496149000041],[120.337279609,14.845712525000067],[120.3372896730001,14.845818197000028],[120.33730980100006,14.846044637000034],[120.33729973700008,14.846145277000062],[120.33733496100001,14.846240886000032],[120.33741044100009,14.84633649400007],[120.3374607610001,14.846467326000038],[120.33743560100004,14.846588094000026],[120.33747585700007,14.846658542000057]]]]},"properties":{"ADM4_EN":"Old Cabalan","ADM4_PCODE":"PH0307107021","ADM4_REF":"","ADM3_EN":"Olongapo City","ADM3_PCODE":"PH0307107","ADM2_EN":"Zambales","ADM2_PCODE":"PH03071","ADM1_EN":"Region III (Central Luzon)","ADM1_PCODE":"PH03","ADM0_EN":"Philippines (the)","ADM0_PCODE":"PH","date":"2022-11-09T00:00:00.000Z","validOn":"2023-11-06T00:00:00.000Z","validTo":"1899-11-30T00:00:00.000Z","Shape_Leng":0.983261675561,"Shape_Area":0.00809261866024,"AREA_SQKM":96.388458889}}
]}